<?xml version="1.0" encoding="utf-8"?>
<COLLADA xmlns="http://www.collada.org/2005/11/COLLADASchema" version="1.4.1" xmlns:xsi="http://www.w3.org/2001/XMLSchema-instance">
  <asset>
    <contributor>
      <author>Blender User</author>
      <authoring_tool>Blender 4.5.5 LTS commit date:2025-11-17, commit time:16:03, hash:836beaaf597a</authoring_tool>
    </contributor>
    <created>2025-12-17T03:09:37</created>
    <modified>2025-12-17T03:09:37</modified>
    <unit name="meter" meter="1"/>
    <up_axis>Z_UP</up_axis>
  </asset>
  <library_effects>
    <effect id="Shrub_mat-effect">
      <profile_COMMON>
        <newparam sid="shrub_texture_jpg_001-surface">
          <surface type="2D">
            <init_from>shrub_texture_jpg_001</init_from>
          </surface>
        </newparam>
        <newparam sid="shrub_texture_jpg_001-sampler">
          <sampler2D>
            <source>shrub_texture_jpg_001-surface</source>
          </sampler2D>
        </newparam>
        <technique sid="common">
          <lambert>
            <emission>
              <color sid="emission">0 0 0 1</color>
            </emission>
            <diffuse>
              <texture texture="shrub_texture_jpg_001-sampler" texcoord="UVMap"/>
            </diffuse>
            <index_of_refraction>
              <float sid="ior">1.5</float>
            </index_of_refraction>
          </lambert>
        </technique>
      </profile_COMMON>
    </effect>
  </library_effects>
  <library_images>
    <image id="shrub_texture_jpg_001" name="shrub_texture_jpg_001">
      <init_from>shrub_texture.jpg.001.jpg</init_from>
    </image>
  </library_images>
  <library_materials>
    <material id="Shrub_mat-material" name="Shrub_mat">
      <instance_effect url="#Shrub_mat-effect"/>
    </material>
  </library_materials>
  <library_geometries>
    <geometry id="Object_0-mesh" name="Object_0">
      <mesh>
        <source id="Object_0-mesh-positions">
          <float_array id="Object_0-mesh-positions-array" count="6756">-0.1022244 0.6226 -0.09094053 -0.0990318 0.6027106 0.03313213 0.1185703 0.5065659 0.02500468 -0.6233379 -0.1143216 -0.1675044 -0.5204029 -0.2803582 -0.1518015 -0.6281594 -0.2029013 -0.06491822 -0.02252006 -0.6149576 0.03276699 -0.01085352 -0.6285029 0.1529693 -0.212476 -0.5563752 0.1446589 -0.3302768 0.3036199 0.4321254 -0.3500738 0.1299434 0.4676933 -0.2793853 0.2070701 0.4534186 -0.5328552 0.2359979 -0.154179 -0.5900958 0.0789569 -0.160308 -0.5680466 0.1852022 -0.05990213 0.07427418 0.08446979 -0.5019298 0.0890184 0.00485897 -0.5356187 -0.04447793 0.007241427 -0.5714575 -0.1626123 -0.3038612 0.543161 -0.05137068 -0.2022694 0.4916049 -0.1280062 -0.1972299 0.5087473 0.3139322 0.5052554 -0.1057804 0.3533644 0.4761477 0.007670402 0.4730578 0.3619091 -0.007919192 -0.565334 -0.1975067 -0.2750638 -0.3959766 -0.4247925 -0.1623131 -0.5204029 -0.2803582 -0.1518015 -0.2115218 0.09846931 -0.4331737 -0.2163369 0.03484541 -0.4121446 -0.2917356 0.05733555 -0.4133992 0.4151136 -0.1940842 0.3570842 0.4699856 -0.03638523 0.3270739 0.4653104 0.1259586 0.4400632 0.2772158 -0.4430672 -0.1824249 0.4292003 -0.3651259 -0.205384 0.3622 -0.465185 -0.09609687 0.321212 0.112189 -0.3930453 0.2417992 0.4002218 -0.3596294 0.3599189 0.3183044 -0.3686714 -0.1022244 0.6226 -0.09094053 -0.3091562 0.5869327 -0.07652425 -0.0990318 0.6027106 0.03313213 -0.3477913 -0.2957118 0.5129076 -0.1626123 -0.3038612 0.543161 -0.2636368 -0.2695951 0.5541409 -0.6024467 -0.08391004 0.2449219 -0.4813539 -0.3072828 0.3525582 -0.5580159 -0.1399238 0.3422957 -0.1868053 0.01101928 -0.4698134 -0.2163369 0.03484541 -0.4121446 -0.2115218 0.09846931 -0.4331737 0.3599189 0.3183044 -0.3686714 0.2417992 0.4002218 -0.3596294 0.08643132 0.5364416 -0.2766225 0.5087916 0.04385739 -0.1031697 0.5251495 0.2632771 -0.1337626 0.5240759 0.01766854 -0.01281148 0.5179383 -0.1888501 -0.004174351 0.5240759 0.01766854 -0.01281148 0.4820145 -0.1990321 0.112428 -0.6005901 0.4200682 0.1403332 -0.6468469 0.3354538 0.2384003 -0.4604772 0.4277389 0.2072616 -0.602189 0.2283852 0.3269798 -0.5613377 0.04188948 0.3075516 -0.478492 -0.09224849 0.3815834 0.2391638 0.4611484 -0.2665613 0.08643132 0.5364416 -0.2766225 3.55382e-4 0.5803948 -0.1808096 0.3139322 0.5052554 -0.1057804 0.1263781 0.5446367 -0.09163296 0.3533644 0.4761477 0.007670402 0.5427398 0.04945772 0.2197167 0.399092 0.2755069 0.2954169 0.494153 0.1242017 0.3084056 -0.1023169 0.06454038 0.5532612 -0.07926923 0.1523738 0.6105997 -0.1303523 0.1439598 0.5353215 0.2224578 -0.539422 -0.319833 0.4292003 -0.3651259 -0.205384 0.2772158 -0.4430672 -0.1824249 0.41054 -0.1178115 -0.3648307 0.4316549 0.2444099 -0.2949233 0.4999946 0.07784694 -0.2990165 -0.3616875 0.4513112 -0.3921152 -0.5588958 0.1747282 -0.2632904 -0.4736255 0.3041876 -0.260092 -0.09422165 0.5135525 -0.2598502 -0.3985506 0.5499352 -0.1879575 -0.2060256 0.5610617 -0.1742289 0.2399815 -0.2587915 0.4404242 0.2453802 -0.09160965 0.461165 0.2350506 -0.2285526 0.5292962 0.2525803 0.1852996 0.5050137 0.1861703 0.2562875 0.5004975 0.1206773 0.2061639 0.5435998 -0.02252006 -0.6149576 0.03276699 0.1702564 -0.5486931 0.02794575 -0.01085352 -0.6285029 0.1529693 0.09528475 -0.444381 0.4248517 0.2399815 -0.2587915 0.4404242 0.1532003 -0.3560645 0.4664037 0.3599189 0.3183044 -0.3686714 0.08643132 0.5364416 -0.2766225 0.2391638 0.4611484 -0.2665613 0.4563465 0.3739721 -0.2258867 0.3812354 0.5384501 -0.2336257 0.4669843 0.442749 -0.1320301 -0.3959766 -0.4247925 -0.1623131 -0.3352332 -0.4707395 -0.06958878 -0.4888611 -0.3472824 -0.06337231 0.05900138 -0.5866965 -0.3118464 0.2224578 -0.539422 -0.319833 0.2772158 -0.4430672 -0.1824249 0.06227976 0.4191575 0.501643 -0.07980012 0.3894332 0.456112 -0.1182249 0.3504392 0.5441813 0.1861703 0.2562875 0.5004975 0.1032767 0.3374691 0.5527625 0.04366499 0.2728935 0.5602461 -0.01658409 -0.6166951 -0.1974976 0.1708189 -0.5960733 -0.2021397 0.02752983 -0.6332315 -0.08890485 0.1708189 -0.5960733 -0.2021397 0.2134894 -0.5927499 -0.09723526 0.02752983 -0.6332315 -0.08890485 -0.2258387 0.4003714 0.4934052 -0.3302768 0.3036199 0.4321254 -0.2793853 0.2070701 0.4534186 -0.4604772 0.4277389 0.2072616 -0.6468469 0.3354538 0.2384003 -0.602189 0.2283852 0.3269798 0.5983048 0.1858441 0.1140403 0.4917744 0.2502729 0.2230597 0.5427398 0.04945772 0.2197167 0.5240759 0.01766854 -0.01281148 0.5605536 -0.00653398 0.1088942 0.4820145 -0.1990321 0.112428 -0.6468469 0.3354538 0.2384003 -0.5613377 0.04188948 0.3075516 -0.602189 0.2283852 0.3269798 -0.5900958 0.0789569 -0.160308 -0.5923311 0.004738211 -0.05786699 -0.5680466 0.1852022 -0.05990213 -0.3352332 -0.4707395 -0.06958878 -0.3912586 -0.5176897 0.03799247 -0.506244 -0.3421585 0.03795337 -0.506244 -0.3421585 0.03795337 -0.5292294 -0.3762463 0.1566827 -0.5790614 -0.1762949 0.1439242 0.399843 0.239426 0.3679279 0.2989601 0.3411046 0.3720431 0.1896688 0.3472369 0.4496543 0.1526619 0.4158916 0.3915644 0.006207227 0.4839689 0.4353601 -0.07980012 0.3894332 0.456112 -0.2645425 -0.1437405 -0.4484052 -0.1365438 -0.360617 -0.4221788 -0.2575654 -0.3155463 -0.4415197 -0.2913708 -0.4679745 -0.2798054 -0.01658409 -0.6166951 -0.1974976 -0.2221185 -0.5475534 -0.1828559 0.5251495 0.2632771 -0.1337626 0.5349733 0.220109 -0.0149163 0.5240759 0.01766854 -0.01281148 0.5240759 0.01766854 -0.01281148 0.5349733 0.220109 -0.0149163 0.5605536 -0.00653398 0.1088942 -0.1365438 -0.360617 -0.4221788 0.132647 -0.4148016 -0.3375238 0.00688523 -0.4879403 -0.3720497 -0.2575654 -0.3155463 -0.4415197 -0.1365438 -0.360617 -0.4221788 0.00688523 -0.4879403 -0.3720497 -0.2638062 0.5671654 0.1313827 -0.4639416 0.5620529 0.1458697 -0.330982 0.5314959 0.2236878 0.05407935 0.5144951 0.226957 -0.1526511 0.5748358 0.2398799 -0.2290077 0.5306644 0.3483641 -0.314023 -0.5329069 0.2587937 -0.1128736 -0.5379828 0.237986 -0.04203355 -0.4716358 0.3162568 -0.1128736 -0.5379828 0.237986 0.1228799 -0.4376055 0.3143541 -0.04203355 -0.4716358 0.3162568 0.12607 0.3448816 -0.3985635 -0.2027455 0.4903935 -0.3927252 -0.04458731 0.5018166 -0.3922279 -0.09422165 0.5135525 -0.2598502 -0.2765544 0.5599628 -0.3113939 -0.3985506 0.5499352 -0.1879575 -0.04203355 -0.4716358 0.3162568 0.1228799 -0.4376055 0.3143541 0.2055436 -0.3235951 0.3720391 0.3336507 -0.4751496 0.1296299 0.4584499 -0.3938133 0.1301424 0.3183221 -0.3992603 0.2320559 -0.07661139 0.1655043 -0.4888635 -0.06404978 0.2533014 -0.4762907 0.01426047 0.260253 -0.4761763 0.2066267 -0.1331851 -0.4979579 0.2012054 -0.06127804 -0.4661282 0.2137068 -0.09749954 -0.3920361 -0.04917645 -0.3191081 0.5340405 0.06631422 -0.331843 0.5358527 0.01584666 -0.2100892 0.4775524 0.2350506 -0.2285526 0.5292962 0.2453802 -0.09160965 0.461165 0.1670699 -0.08298856 0.4943091 -0.07265889 0.1215222 -0.4889892 -0.008179843 0.1188232 -0.5798406 -0.04447793 0.007241427 -0.5714575 -0.001844346 0.2139284 -0.5410027 -1.71583e-4 0.1927671 -0.5381274 -0.07265889 0.1215222 -0.4889892 -0.212476 -0.5563752 0.1446589 -0.1128736 -0.5379828 0.237986 -0.314023 -0.5329069 0.2587937 -0.506244 -0.3421585 0.03795337 -0.3912586 -0.5176897 0.03799247 -0.5292294 -0.3762463 0.1566827 -0.2765544 0.5599628 -0.3113939 -0.5217639 0.4271969 -0.1809382 -0.3985506 0.5499352 -0.1879575 -0.4639416 0.5620529 0.1458697 -0.6005901 0.4200682 0.1403332 -0.4604772 0.4277389 0.2072616 0.5087916 0.04385739 -0.1031697 0.5240759 0.01766854 -0.01281148 0.5179383 -0.1888501 -0.004174351 0.3712922 -0.2643963 -0.3646997 0.4999946 0.07784694 -0.2990165 0.4561982 -0.104937 -0.2632887 -0.3824831 -0.4919825 0.148466 -0.314023 -0.5329069 0.2587937 -0.4346321 -0.3999333 0.2439265 -0.5580159 -0.1399238 0.3422957 -0.4813539 -0.3072828 0.3525582 -0.3118497 -0.3290957 0.3922213 -0.06404978 0.2533014 -0.4762907 -0.1316511 0.207925 -0.4556933 -0.1520492 0.312413 -0.4458553 -0.2027455 0.4903935 -0.3927252 -0.3616875 0.4513112 -0.3921152 -0.4736255 0.3041876 -0.260092 0.5142995 -0.213907 -0.1929537 0.4911159 -0.01949876 -0.1651639 0.490718 -0.1451599 -0.08235108 0.4292003 -0.3651259 -0.205384 0.4552331 -0.313846 -0.08638364 0.3622 -0.465185 -0.09609687 0.441825 0.3183274 0.1133745 0.26571 0.4145095 0.1169369 0.3940425 0.4353244 0.2370585 0.1185703 0.5065659 0.02500468 -0.0990318 0.6027106 0.03313213 0.1070706 0.5177124 0.1253576 -0.3971646 -0.1641142 0.4502329 -0.3477913 -0.2957118 0.5129076 -0.2636368 -0.2695951 0.5541409 -0.2793853 0.2070701 0.4534186 -0.3500738 0.1299434 0.4676933 -0.2488033 0.09773415 0.4879589 0.3712922 -0.2643963 -0.3646997 0.41054 -0.1178115 -0.3648307 0.4999946 0.07784694 -0.2990165 -0.02045249 -0.3804684 -0.416839 0.07751566 -0.3379592 -0.3843107 0.2686647 -0.3720603 -0.3588271 0.1263781 0.5446367 -0.09163296 -0.1022244 0.6226 -0.09094053 0.1185703 0.5065659 0.02500468 -0.2060256 0.5610617 -0.1742289 -0.3091562 0.5869327 -0.07652425 -0.1022244 0.6226 -0.09094053 -0.3686708 0.03170639 -0.3799348 -0.4047528 -0.3182244 -0.368416 -0.460857 -0.1587182 -0.3409269 -0.3672492 0.1614785 -0.4036743 -0.3686708 0.03170639 -0.3799348 -0.460857 -0.1587182 -0.3409269 0.4584499 -0.3938133 0.1301424 0.4329354 -0.305871 0.2425383 0.3183221 -0.3992603 0.2320559 0.4329354 -0.305871 0.2425383 0.4699856 -0.03638523 0.3270739 0.4151136 -0.1940842 0.3570842 0.1709266 0.09264248 -0.4657047 0.230593 0.1607064 -0.422336 0.2666293 0.08834207 -0.4521792 0.2472576 0.3153164 -0.4478383 0.12607 0.3448816 -0.3985635 -0.04458731 0.5018166 -0.3922279 0.2131865 -0.6171602 0.1519004 0.2764337 -0.5680825 0.2775796 0.09594303 -0.6019404 0.2685426 0.3336507 -0.4751496 0.1296299 0.3183221 -0.3992603 0.2320559 0.2764337 -0.5680825 0.2775796 -0.4639416 0.5620529 0.1458697 -0.4604772 0.4277389 0.2072616 -0.330982 0.5314959 0.2236878 -0.4150475 0.5027495 0.3422101 -0.4780733 0.3472424 0.2934601 -0.5396749 0.2198983 0.4022383 0.1918117 -0.3201654 -0.4232091 0.41054 -0.1178115 -0.3648307 0.3712922 -0.2643963 -0.3646997 0.2114377 -0.1857894 -0.4421971 0.2137068 -0.09749954 -0.3920361 0.3111358 -0.009003877 -0.3818144 0.2602899 -0.01275873 -0.441508 0.2818182 0.2114624 -0.3956696 0.321212 0.112189 -0.3930453 0.2666293 0.08834207 -0.4521792 0.230593 0.1607064 -0.422336 0.2472576 0.3153164 -0.4478383 0.3049333 0.4347688 0.3314602 0.006207227 0.4839689 0.4353601 0.1526619 0.4158916 0.3915644 0.26571 0.4145095 0.1169369 0.2197325 0.4727069 0.2203494 0.3940425 0.4353244 0.2370585 -0.460857 -0.1587182 -0.3409269 -0.4047528 -0.3182244 -0.368416 -0.2913708 -0.4679745 -0.2798054 -0.4047528 -0.3182244 -0.368416 -0.1167123 -0.5305361 -0.2828034 -0.2913708 -0.4679745 -0.2798054 0.230593 0.1607064 -0.422336 0.12607 0.3448816 -0.3985635 0.2472576 0.3153164 -0.4478383 0.1501551 0.1519237 -0.4659844 0.210748 0.244019 -0.443474 0.230593 0.1607064 -0.422336 0.3358815 0.1806921 0.4540442 0.1861703 0.2562875 0.5004975 0.2525803 0.1852996 0.5050137 0.4151136 -0.1940842 0.3570842 0.4653104 0.1259586 0.4400632 0.3667294 -0.018233 0.4084763 -0.4150475 0.5027495 0.3422101 -0.5396749 0.2198983 0.4022383 -0.4458624 0.3326232 0.3797709 -0.4458624 0.3326232 0.3797709 -0.5396749 0.2198983 0.4022383 -0.4498479 0.09038048 0.4196032 -0.04458731 0.5018166 -0.3922279 -0.2027455 0.4903935 -0.3927252 -0.3806827 0.422105 -0.2748401 -0.2027455 0.4903935 -0.3927252 -0.4736255 0.3041876 -0.260092 -0.3806827 0.422105 -0.2748401 -0.3806827 0.422105 -0.2748401 -0.5328552 0.2359979 -0.154179 -0.5217639 0.4271969 -0.1809382 -0.5328552 0.2359979 -0.154179 -0.5680466 0.1852022 -0.05990213 -0.5782366 0.3876613 -0.06955873 -0.5604039 0.05549198 0.413665 -0.3971646 -0.1641142 0.4502329 -0.4582813 -0.04529142 0.4487017 -0.4582813 -0.04529142 0.4487017 -0.3971646 -0.1641142 0.4502329 -0.3204085 -0.1712518 0.4952892 -0.01658409 -0.6166951 -0.1974976 0.02752983 -0.6332315 -0.08890485 -0.1475895 -0.5098682 -0.06834626 -0.1475895 -0.5098682 -0.06834626 0.02752983 -0.6332315 -0.08890485 -0.2155678 -0.6021492 0.03474968 -0.0605967 0.381685 -0.4761558 -0.3548372 0.3251807 -0.4608418 -0.2583953 0.428355 -0.4572886 -0.2583953 0.428355 -0.4572886 -0.3548372 0.3251807 -0.4608418 -0.5409057 0.1890678 -0.3749117 -0.1526511 0.5748358 0.2398799 -0.4150475 0.5027495 0.3422101 -0.2290077 0.5306644 0.3483641 -0.2290077 0.5306644 0.3483641 -0.4150475 0.5027495 0.3422101 -0.4458624 0.3326232 0.3797709 0.4999946 0.07784694 -0.2990165 0.4316549 0.2444099 -0.2949233 0.4563465 0.3739721 -0.2258867 0.4316549 0.2444099 -0.2949233 0.3812354 0.5384501 -0.2336257 0.4563465 0.3739721 -0.2258867 -0.3548372 0.3251807 -0.4608418 -0.4800546 0.002824425 -0.3237939 -0.5409057 0.1890678 -0.3749117 -0.5833702 -0.001804947 -0.2628296 -0.565334 -0.1975067 -0.2750638 -0.5204029 -0.2803582 -0.1518015 0.2453802 -0.09160965 0.461165 0.2851658 0.0115146 0.4936553 0.1964075 2.40438e-4 0.5109301 0.3815128 0.07901024 0.515868 0.3358815 0.1806921 0.4540442 0.2525803 0.1852996 0.5050137 0.08643132 0.5364416 -0.2766225 -0.2060256 0.5610617 -0.1742289 3.55382e-4 0.5803948 -0.1808096 3.55382e-4 0.5803948 -0.1808096 -0.2060256 0.5610617 -0.1742289 -0.1022244 0.6226 -0.09094053 -0.5026827 0.3666243 -0.3980076 -0.5409057 0.1890678 -0.3749117 -0.5833702 -0.001804947 -0.2628296 -0.5409057 0.1890678 -0.3749117 -0.565334 -0.1975067 -0.2750638 -0.5833702 -0.001804947 -0.2628296 -0.02045249 -0.3804684 -0.416839 0.2686647 -0.3720603 -0.3588271 0.132647 -0.4148016 -0.3375238 0.132647 -0.4148016 -0.3375238 0.2686647 -0.3720603 -0.3588271 0.4083188 -0.2659108 -0.2737351 -0.4813539 -0.3072828 0.3525582 -0.2112727 -0.4324205 0.4247653 -0.3118497 -0.3290957 0.3922213 -0.3118497 -0.3290957 0.3922213 -0.2112727 -0.4324205 0.4247653 -0.09896486 -0.3467532 0.4335957 0.2417992 0.4002218 -0.3596294 -0.09422165 0.5135525 -0.2598502 0.08643132 0.5364416 -0.2766225 0.08643132 0.5364416 -0.2766225 -0.09422165 0.5135525 -0.2598502 -0.2060256 0.5610617 -0.1742289 0.2989601 0.3411046 0.3720431 0.06227976 0.4191575 0.501643 0.1896688 0.3472369 0.4496543 0.1896688 0.3472369 0.4496543 0.06227976 0.4191575 0.501643 -0.01218098 0.3434681 0.5240335 -0.3389545 -0.2145398 -0.4273763 -0.1421832 -0.4768593 -0.3714378 -0.2767813 -0.4090727 -0.3598454 -0.3568696 -0.08626282 -0.3806772 -0.3389545 -0.2145398 -0.4273763 -0.2767813 -0.4090727 -0.3598454 -0.5790614 -0.1762949 0.1439242 -0.5542333 -0.2728291 0.2560609 -0.6024467 -0.08391004 0.2449219 -0.6233379 -0.1143216 -0.1675044 -0.6281594 -0.2029013 -0.06491822 -0.5923311 0.004738211 -0.05786699 0.2131865 -0.6171602 0.1519004 0.3336507 -0.4751496 0.1296299 0.2764337 -0.5680825 0.2775796 0.3622 -0.465185 -0.09609687 0.4552331 -0.313846 -0.08638364 0.3412175 -0.4675791 0.01875001 0.1964075 2.40438e-4 0.5109301 0.1983948 0.07064932 0.5209122 0.1228121 0.02472013 0.5618455 -0.0360043 0.01163566 0.5806405 -0.1102272 -0.05266839 0.5702084 -0.07799291 -0.1057721 0.5605279 -0.2645425 -0.1437405 -0.4484052 -0.2088639 -0.2548909 -0.5058873 -0.1365438 -0.360617 -0.4221788 0.07128679 -0.2059923 -0.4431308 0.1696139 -0.2795591 -0.5005689 0.06347811 -0.3105503 -0.4754836 0.5251495 0.2632771 -0.1337626 0.4669843 0.442749 -0.1320301 0.5349733 0.220109 -0.0149163 0.4730578 0.3619091 -0.007919192 0.3533644 0.4761477 0.007670402 0.441825 0.3183274 0.1133745 -0.5204029 -0.2803582 -0.1518015 -0.3959766 -0.4247925 -0.1623131 -0.4888611 -0.3472824 -0.06337231 -0.5204029 -0.2803582 -0.1518015 -0.4888611 -0.3472824 -0.06337231 -0.6281594 -0.2029013 -0.06491822 0.2818182 0.2114624 -0.3956696 0.1071462 0.4620521 -0.3723382 0.2417992 0.4002218 -0.3596294 0.321212 0.112189 -0.3930453 0.2818182 0.2114624 -0.3956696 0.2417992 0.4002218 -0.3596294 0.1751273 0.1356806 0.5319646 0.06530606 0.1410602 0.4776209 0.1089517 0.09051489 0.5670533 -0.02726578 0.1350473 0.5753078 0.02209836 0.1851383 0.5273652 -0.03207206 0.223509 0.5425833 0.4730578 0.3619091 -0.007919192 0.441825 0.3183274 0.1133745 0.5983048 0.1858441 0.1140403 0.5983048 0.1858441 0.1140403 0.441825 0.3183274 0.1133745 0.4917744 0.2502729 0.2230597 -0.1526511 0.5748358 0.2398799 -0.330982 0.5314959 0.2236878 -0.4150475 0.5027495 0.3422101 -0.330982 0.5314959 0.2236878 -0.4780733 0.3472424 0.2934601 -0.4150475 0.5027495 0.3422101 -0.5026827 0.3666243 -0.3980076 -0.5833702 -0.001804947 -0.2628296 -0.5588958 0.1747282 -0.2632904 -0.5900958 0.0789569 -0.160308 -0.6233379 -0.1143216 -0.1675044 -0.5923311 0.004738211 -0.05786699 0.2772158 -0.4430672 -0.1824249 0.3622 -0.465185 -0.09609687 0.2134894 -0.5927499 -0.09723526 0.3622 -0.465185 -0.09609687 0.3412175 -0.4675791 0.01875001 0.1702564 -0.5486931 0.02794575 0.2417992 0.4002218 -0.3596294 0.1071462 0.4620521 -0.3723382 -0.09422165 0.5135525 -0.2598502 0.1071462 0.4620521 -0.3723382 -0.2765544 0.5599628 -0.3113939 -0.09422165 0.5135525 -0.2598502 0.06347811 -0.3105503 -0.4754836 0.2634617 -0.2279979 -0.4155407 0.1918117 -0.3201654 -0.4232091 0.1918117 -0.3201654 -0.4232091 0.2634617 -0.2279979 -0.4155407 0.41054 -0.1178115 -0.3648307 0.05900138 -0.5866965 -0.3118464 0.2772158 -0.4430672 -0.1824249 0.1708189 -0.5960733 -0.2021397 0.1708189 -0.5960733 -0.2021397 0.2772158 -0.4430672 -0.1824249 0.2134894 -0.5927499 -0.09723526 -0.4346321 -0.3999333 0.2439265 -0.2047223 -0.4471175 0.3163384 -0.3861161 -0.4528327 0.3718229 -0.3861161 -0.4528327 0.3718229 -0.2047223 -0.4471175 0.3163384 -0.06426382 -0.4086502 0.3792499 0.1519265 -0.1843007 -0.4812483 0.2066267 -0.1331851 -0.4979579 0.2114377 -0.1857894 -0.4421971 0.2066267 -0.1331851 -0.4979579 0.2137068 -0.09749954 -0.3920361 0.2114377 -0.1857894 -0.4421971 -0.5409057 0.1890678 -0.3749117 -0.4800546 0.002824425 -0.3237939 -0.565334 -0.1975067 -0.2750638 -0.4800546 0.002824425 -0.3237939 -0.4355047 -0.3413503 -0.2658106 -0.565334 -0.1975067 -0.2750638 -0.4780733 0.3472424 0.2934601 -0.5604039 0.05549198 0.413665 -0.5396749 0.2198983 0.4022383 -0.5396749 0.2198983 0.4022383 -0.5604039 0.05549198 0.413665 -0.4582813 -0.04529142 0.4487017 -0.2112727 -0.4324205 0.4247653 0.03088706 -0.400543 0.4830667 -0.09896486 -0.3467532 0.4335957 -0.09896486 -0.3467532 0.4335957 0.03088706 -0.400543 0.4830667 0.06631422 -0.331843 0.5358527 0.399092 0.2755069 0.2954169 0.3049333 0.4347688 0.3314602 0.1526619 0.4158916 0.3915644 0.441825 0.3183274 0.1133745 0.3940425 0.4353244 0.2370585 0.4917744 0.2502729 0.2230597 0.4999946 0.07784694 -0.2990165 0.4563465 0.3739721 -0.2258867 0.4903562 0.178184 -0.1922001 0.4561982 -0.104937 -0.2632887 0.4999946 0.07784694 -0.2990165 0.4903562 0.178184 -0.1922001 -0.2064828 -0.128292 -0.5030065 -0.2088639 -0.2548909 -0.5058873 -0.2645425 -0.1437405 -0.4484052 -0.136514 -0.1764279 -0.47031 -0.06820714 -0.2234243 -0.4925808 -0.1113849 -0.2896028 -0.4670138 -0.4780733 0.3472424 0.2934601 -0.602189 0.2283852 0.3269798 -0.5604039 0.05549198 0.413665 -0.602189 0.2283852 0.3269798 -0.478492 -0.09224849 0.3815834 -0.5604039 0.05549198 0.413665 -0.4355047 -0.3413503 -0.2658106 -0.2221185 -0.5475534 -0.1828559 -0.3959766 -0.4247925 -0.1623131 -0.565334 -0.1975067 -0.2750638 -0.4355047 -0.3413503 -0.2658106 -0.3959766 -0.4247925 -0.1623131 0.399092 0.2755069 0.2954169 0.1526619 0.4158916 0.3915644 0.2989601 0.3411046 0.3720431 0.494153 0.1242017 0.3084056 0.399092 0.2755069 0.2954169 0.2989601 0.3411046 0.3720431 -0.12369 -0.1246204 -0.4607977 -0.0613119 -0.1406834 -0.4464489 -0.136514 -0.1764279 -0.47031 -0.1325415 -0.09658163 -0.4664794 -0.1051483 -0.03774929 -0.4661204 -0.06610041 -0.1078842 -0.51475 -0.5790614 -0.1762949 0.1439242 -0.5292294 -0.3762463 0.1566827 -0.5542333 -0.2728291 0.2560609 -0.5542333 -0.2728291 0.2560609 -0.4346321 -0.3999333 0.2439265 -0.3861161 -0.4528327 0.3718229 -0.460857 -0.1587182 -0.3409269 -0.2913708 -0.4679745 -0.2798054 -0.4355047 -0.3413503 -0.2658106 -0.4355047 -0.3413503 -0.2658106 -0.2913708 -0.4679745 -0.2798054 -0.2221185 -0.5475534 -0.1828559 0.4083188 -0.2659108 -0.2737351 0.4911159 -0.01949876 -0.1651639 0.5142995 -0.213907 -0.1929537 0.315083 -0.38907 -0.2837429 0.4083188 -0.2659108 -0.2737351 0.5142995 -0.213907 -0.1929537 0.3940425 0.4353244 0.2370585 0.2197325 0.4727069 0.2203494 0.1376132 0.4540521 0.3134839 0.05407935 0.5144951 0.226957 -0.2290077 0.5306644 0.3483641 -0.02403324 0.4620696 0.312864 0.12607 0.3448816 -0.3985635 0.02112573 0.4161043 -0.4285277 -0.2027455 0.4903935 -0.3927252 0.02112573 0.4161043 -0.4285277 -0.3616875 0.4513112 -0.3921152 -0.2027455 0.4903935 -0.3927252 -0.330982 0.5314959 0.2236878 -0.4604772 0.4277389 0.2072616 -0.4780733 0.3472424 0.2934601 -0.4604772 0.4277389 0.2072616 -0.602189 0.2283852 0.3269798 -0.4780733 0.3472424 0.2934601 0.4820145 -0.1990321 0.112428 0.5605536 -0.00653398 0.1088942 0.4855963 -0.1272955 0.21851 0.4855963 -0.1272955 0.21851 0.5427398 0.04945772 0.2197167 0.494153 0.1242017 0.3084056 -0.2767813 -0.4090727 -0.3598454 -0.1421832 -0.4768593 -0.3714378 0.05900138 -0.5866965 -0.3118464 -0.1421832 -0.4768593 -0.3714378 0.2224578 -0.539422 -0.319833 0.05900138 -0.5866965 -0.3118464 0.3812354 0.5384501 -0.2336257 0.3139322 0.5052554 -0.1057804 0.4669843 0.442749 -0.1320301 0.2119194 0.5859968 -0.2201634 0.1263781 0.5446367 -0.09163296 0.3139322 0.5052554 -0.1057804 -0.2290077 0.5306644 0.3483641 -0.4458624 0.3326232 0.3797709 -0.3305349 0.4243017 0.4094101 -0.02403324 0.4620696 0.312864 -0.2290077 0.5306644 0.3483641 -0.3305349 0.4243017 0.4094101 -0.04458731 0.5018166 -0.3922279 -0.3806827 0.422105 -0.2748401 -0.2765544 0.5599628 -0.3113939 -0.2765544 0.5599628 -0.3113939 -0.3806827 0.422105 -0.2748401 -0.5217639 0.4271969 -0.1809382 -0.02403324 0.4620696 0.312864 -0.3305349 0.4243017 0.4094101 -0.1658544 0.4859523 0.4434112 -0.1658544 0.4859523 0.4434112 -0.3305349 0.4243017 0.4094101 -0.3302768 0.3036199 0.4321254 0.4699856 -0.03638523 0.3270739 0.399843 0.239426 0.3679279 0.4653104 0.1259586 0.4400632 0.4653104 0.1259586 0.4400632 0.399843 0.239426 0.3679279 0.3022607 0.2818347 0.4491018 0.3553739 0.3755713 -0.2841686 0.2119194 0.5859968 -0.2201634 0.3812354 0.5384501 -0.2336257 0.3812354 0.5384501 -0.2336257 0.2119194 0.5859968 -0.2201634 0.3139322 0.5052554 -0.1057804 0.00688523 -0.4879403 -0.3720497 0.132647 -0.4148016 -0.3375238 0.315083 -0.38907 -0.2837429 0.132647 -0.4148016 -0.3375238 0.4083188 -0.2659108 -0.2737351 0.315083 -0.38907 -0.2837429 -0.5604039 0.05549198 0.413665 -0.478492 -0.09224849 0.3815834 -0.3971646 -0.1641142 0.4502329 -0.478492 -0.09224849 0.3815834 -0.3477913 -0.2957118 0.5129076 -0.3971646 -0.1641142 0.4502329 -0.3824831 -0.4919825 0.148466 -0.212476 -0.5563752 0.1446589 -0.314023 -0.5329069 0.2587937 -0.1475895 -0.5098682 -0.06834626 -0.2155678 -0.6021492 0.03474968 -0.3912586 -0.5176897 0.03799247 -0.4736255 0.3041876 -0.260092 -0.5900958 0.0789569 -0.160308 -0.5328552 0.2359979 -0.154179 -0.3806827 0.422105 -0.2748401 -0.4736255 0.3041876 -0.260092 -0.5328552 0.2359979 -0.154179 0.494153 0.1242017 0.3084056 0.2989601 0.3411046 0.3720431 0.399843 0.239426 0.3679279 0.4699856 -0.03638523 0.3270739 0.494153 0.1242017 0.3084056 0.399843 0.239426 0.3679279 0.2391638 0.4611484 -0.2665613 3.55382e-4 0.5803948 -0.1808096 0.2119194 0.5859968 -0.2201634 0.3553739 0.3755713 -0.2841686 0.2391638 0.4611484 -0.2665613 0.2119194 0.5859968 -0.2201634 -0.3845335 -0.08062386 0.5022372 -0.2594103 -0.126756 0.5311875 -0.3189226 -0.05934542 0.5768274 -0.1023169 0.06454038 0.5532612 -0.2061458 0.0361309 0.5533294 -0.155249 0.001292109 0.6032375 0.1228799 -0.4376055 0.3143541 0.3289949 -0.259675 0.4117912 0.2055436 -0.3235951 0.3720391 0.2055436 -0.3235951 0.3720391 0.3289949 -0.259675 0.4117912 0.3350616 -0.1632074 0.4751818 -0.3672492 0.1614785 -0.4036743 -0.460857 -0.1587182 -0.3409269 -0.4800546 0.002824425 -0.3237939 -0.4800546 0.002824425 -0.3237939 -0.460857 -0.1587182 -0.3409269 -0.4355047 -0.3413503 -0.2658106 0.00688523 -0.4879403 -0.3720497 0.315083 -0.38907 -0.2837429 0.2224578 -0.539422 -0.319833 0.2224578 -0.539422 -0.319833 0.315083 -0.38907 -0.2837429 0.4292003 -0.3651259 -0.205384 -0.5292294 -0.3762463 0.1566827 -0.3824831 -0.4919825 0.148466 -0.4346321 -0.3999333 0.2439265 -0.5292294 -0.3762463 0.1566827 -0.4346321 -0.3999333 0.2439265 -0.5542333 -0.2728291 0.2560609 -0.4736255 0.3041876 -0.260092 -0.5588958 0.1747282 -0.2632904 -0.5900958 0.0789569 -0.160308 -0.5588958 0.1747282 -0.2632904 -0.6233379 -0.1143216 -0.1675044 -0.5900958 0.0789569 -0.160308 -0.3091562 0.5869327 -0.07652425 -0.2858771 0.5789847 0.03302216 -0.0990318 0.6027106 0.03313213 -0.2638062 0.5671654 0.1313827 -0.330982 0.5314959 0.2236878 -0.1526511 0.5748358 0.2398799 0.1702564 -0.5486931 0.02794575 0.3412175 -0.4675791 0.01875001 0.2131865 -0.6171602 0.1519004 0.1702564 -0.5486931 0.02794575 0.2131865 -0.6171602 0.1519004 -0.01085352 -0.6285029 0.1529693 0.0372942 0.01318824 0.5195981 0.03273814 -0.06001454 0.5196692 0.1153249 -0.04010093 0.5566644 0.1599151 -0.3066176 0.5293089 0.1223668 -0.1620665 0.4868444 0.08009082 -0.2224057 0.5133442 0.2634617 -0.2279979 -0.4155407 0.4359834 0.03324425 -0.3837718 0.41054 -0.1178115 -0.3648307 0.41054 -0.1178115 -0.3648307 0.4359834 0.03324425 -0.3837718 0.4316549 0.2444099 -0.2949233 -0.07778495 0.5400692 0.1219631 -0.2638062 0.5671654 0.1313827 -0.1526511 0.5748358 0.2398799 -0.07778495 0.5400692 0.1219631 -0.1526511 0.5748358 0.2398799 0.05407935 0.5144951 0.226957 0.4329354 -0.305871 0.2425383 0.4855963 -0.1272955 0.21851 0.4699856 -0.03638523 0.3270739 0.4855963 -0.1272955 0.21851 0.494153 0.1242017 0.3084056 0.4699856 -0.03638523 0.3270739 -0.5833702 -0.001804947 -0.2628296 -0.5204029 -0.2803582 -0.1518015 -0.6233379 -0.1143216 -0.1675044 -0.5588958 0.1747282 -0.2632904 -0.5833702 -0.001804947 -0.2628296 -0.6233379 -0.1143216 -0.1675044 -0.2767813 -0.4090727 -0.3598454 0.05900138 -0.5866965 -0.3118464 -0.1167123 -0.5305361 -0.2828034 -0.1167123 -0.5305361 -0.2828034 0.05900138 -0.5866965 -0.3118464 0.1708189 -0.5960733 -0.2021397 0.2472576 0.3153164 -0.4478383 -0.04458731 0.5018166 -0.3922279 0.1071462 0.4620521 -0.3723382 0.1071462 0.4620521 -0.3723382 -0.04458731 0.5018166 -0.3922279 -0.2765544 0.5599628 -0.3113939 -0.2047223 -0.4471175 0.3163384 0.09528475 -0.444381 0.4248517 -0.06426382 -0.4086502 0.3792499 -0.06426382 -0.4086502 0.3792499 0.09528475 -0.444381 0.4248517 0.1532003 -0.3560645 0.4664037 0.06347811 -0.3105503 -0.4754836 0.1696139 -0.2795591 -0.5005689 0.2634617 -0.2279979 -0.4155407 0.1696139 -0.2795591 -0.5005689 0.3072314 -0.1249894 -0.4096644 0.2634617 -0.2279979 -0.4155407 0.5179383 -0.1888501 -0.004174351 0.4820145 -0.1990321 0.112428 0.4584499 -0.3938133 0.1301424 0.5142995 -0.213907 -0.1929537 0.490718 -0.1451599 -0.08235108 0.4552331 -0.313846 -0.08638364 -0.2060256 0.5610617 -0.1742289 -0.3985506 0.5499352 -0.1879575 -0.3091562 0.5869327 -0.07652425 -0.3091562 0.5869327 -0.07652425 -0.4439514 0.4920544 -0.06512534 -0.2858771 0.5789847 0.03302216 0.2114377 -0.1857894 -0.4421971 0.3111358 -0.009003877 -0.3818144 0.3072314 -0.1249894 -0.4096644 0.3072314 -0.1249894 -0.4096644 0.3111358 -0.009003877 -0.3818144 0.4301024 0.1900468 -0.3869292 -0.3568696 -0.08626282 -0.3806772 -0.2767813 -0.4090727 -0.3598454 -0.4047528 -0.3182244 -0.368416 -0.4047528 -0.3182244 -0.368416 -0.2767813 -0.4090727 -0.3598454 -0.1167123 -0.5305361 -0.2828034 0.0358566 0.1032373 0.5734926 0.1089517 0.09051489 0.5670533 0.06530606 0.1410602 0.4776209 -0.0360043 0.01163566 0.5806405 0.03273814 -0.06001454 0.5196692 0.0372942 0.01318824 0.5195981 0.4552331 -0.313846 -0.08638364 0.490718 -0.1451599 -0.08235108 0.467287 -0.3561809 0.007438898 0.4552331 -0.313846 -0.08638364 0.467287 -0.3561809 0.007438898 0.3412175 -0.4675791 0.01875001 -0.1148496 0.4251974 -0.419298 -0.5026827 0.3666243 -0.3980076 -0.3616875 0.4513112 -0.3921152 -0.3616875 0.4513112 -0.3921152 -0.5026827 0.3666243 -0.3980076 -0.5588958 0.1747282 -0.2632904 0.4359834 0.03324425 -0.3837718 0.3553739 0.3755713 -0.2841686 0.4316549 0.2444099 -0.2949233 0.4316549 0.2444099 -0.2949233 0.3553739 0.3755713 -0.2841686 0.3812354 0.5384501 -0.2336257 -0.5217639 0.4271969 -0.1809382 -0.5328552 0.2359979 -0.154179 -0.5782366 0.3876613 -0.06955873 -0.5217639 0.4271969 -0.1809382 -0.5782366 0.3876613 -0.06955873 -0.4439514 0.4920544 -0.06512534 0.3887923 -0.3500086 0.3852963 0.3667294 -0.018233 0.4084763 0.3927051 -0.156283 0.4487416 0.2884106 -0.4301513 0.3603516 0.3887923 -0.3500086 0.3852963 0.3927051 -0.156283 0.4487416 -0.6024467 -0.08391004 0.2449219 -0.5542333 -0.2728291 0.2560609 -0.4813539 -0.3072828 0.3525582 -0.5542333 -0.2728291 0.2560609 -0.3861161 -0.4528327 0.3718229 -0.4813539 -0.3072828 0.3525582 -0.2088639 -0.2548909 -0.5058873 -0.02045249 -0.3804684 -0.416839 -0.1365438 -0.360617 -0.4221788 -0.1365438 -0.360617 -0.4221788 -0.02045249 -0.3804684 -0.416839 0.132647 -0.4148016 -0.3375238 -0.1148496 0.4251974 -0.419298 -0.2583953 0.428355 -0.4572886 -0.5026827 0.3666243 -0.3980076 -0.2583953 0.428355 -0.4572886 -0.5409057 0.1890678 -0.3749117 -0.5026827 0.3666243 -0.3980076 0.2119194 0.5859968 -0.2201634 3.55382e-4 0.5803948 -0.1808096 0.1263781 0.5446367 -0.09163296 3.55382e-4 0.5803948 -0.1808096 -0.1022244 0.6226 -0.09094053 0.1263781 0.5446367 -0.09163296 -0.3959766 -0.4247925 -0.1623131 -0.2221185 -0.5475534 -0.1828559 -0.3352332 -0.4707395 -0.06958878 -0.3352332 -0.4707395 -0.06958878 -0.1475895 -0.5098682 -0.06834626 -0.3912586 -0.5176897 0.03799247 -0.6711378 0.0134648 0.1434817 -0.5790614 -0.1762949 0.1439242 -0.6024467 -0.08391004 0.2449219 -0.6691068 0.2229598 0.1350775 -0.6711378 0.0134648 0.1434817 -0.614797 0.1142274 0.2262941 0.09594303 -0.6019404 0.2685426 0.2764337 -0.5680825 0.2775796 0.2884106 -0.4301513 0.3603516 0.2764337 -0.5680825 0.2775796 0.3887923 -0.3500086 0.3852963 0.2884106 -0.4301513 0.3603516 0.4359834 0.03324425 -0.3837718 0.4301024 0.1900468 -0.3869292 0.3553739 0.3755713 -0.2841686 0.4301024 0.1900468 -0.3869292 0.2391638 0.4611484 -0.2665613 0.3553739 0.3755713 -0.2841686 0.2989601 0.3411046 0.3720431 0.1526619 0.4158916 0.3915644 0.06227976 0.4191575 0.501643 0.1526619 0.4158916 0.3915644 -0.07980012 0.3894332 0.456112 0.06227976 0.4191575 0.501643 -0.2202059 0.2297118 -0.4299234 -0.3686708 0.03170639 -0.3799348 -0.3672492 0.1614785 -0.4036743 -0.0605967 0.381685 -0.4761558 -0.1520492 0.312413 -0.4458553 -0.3548372 0.3251807 -0.4608418 -0.2575654 -0.3155463 -0.4415197 0.00688523 -0.4879403 -0.3720497 -0.1421832 -0.4768593 -0.3714378 -0.1421832 -0.4768593 -0.3714378 0.00688523 -0.4879403 -0.3720497 0.2224578 -0.539422 -0.319833 0.09594303 -0.6019404 0.2685426 0.2884106 -0.4301513 0.3603516 0.1228799 -0.4376055 0.3143541 0.1228799 -0.4376055 0.3143541 0.2884106 -0.4301513 0.3603516 0.3289949 -0.259675 0.4117912 -0.6711378 0.0134648 0.1434817 -0.6024467 -0.08391004 0.2449219 -0.614797 0.1142274 0.2262941 -0.614797 0.1142274 0.2262941 -0.6024467 -0.08391004 0.2449219 -0.5580159 -0.1399238 0.3422957 -0.3985506 0.5499352 -0.1879575 -0.5217639 0.4271969 -0.1809382 -0.4439514 0.4920544 -0.06512534 -0.3985506 0.5499352 -0.1879575 -0.4439514 0.4920544 -0.06512534 -0.3091562 0.5869327 -0.07652425 0.1263781 0.5446367 -0.09163296 0.1185703 0.5065659 0.02500468 0.3533644 0.4761477 0.007670402 0.1185703 0.5065659 0.02500468 0.1070706 0.5177124 0.1253576 0.26571 0.4145095 0.1169369 0.1409552 0.2163197 -0.5107333 0.09638947 0.2611906 -0.5195385 0.1480848 0.3118247 -0.4432594 0.09638947 0.2611906 -0.5195385 0.04745841 0.3509134 -0.4390953 0.1480848 0.3118247 -0.4432594 -0.4346321 -0.3999333 0.2439265 -0.314023 -0.5329069 0.2587937 -0.2047223 -0.4471175 0.3163384 -0.314023 -0.5329069 0.2587937 -0.04203355 -0.4716358 0.3162568 -0.2047223 -0.4471175 0.3163384 0.07427418 0.08446979 -0.5019298 -0.04447793 0.007241427 -0.5714575 -0.008179843 0.1188232 -0.5798406 -1.71583e-4 0.1927671 -0.5381274 0.09638947 0.2611906 -0.5195385 0.1409552 0.2163197 -0.5107333 -0.3305349 0.4243017 0.4094101 -0.4458624 0.3326232 0.3797709 -0.4845852 0.2481739 0.4945546 -0.4458624 0.3326232 0.3797709 -0.4498479 0.09038048 0.4196032 -0.4845852 0.2481739 0.4945546 -0.2047223 -0.4471175 0.3163384 -0.04203355 -0.4716358 0.3162568 0.09528475 -0.444381 0.4248517 -0.04203355 -0.4716358 0.3162568 0.2055436 -0.3235951 0.3720391 0.09528475 -0.444381 0.4248517 -0.6468469 0.3354538 0.2384003 -0.614797 0.1142274 0.2262941 -0.5613377 0.04188948 0.3075516 -0.614797 0.1142274 0.2262941 -0.5580159 -0.1399238 0.3422957 -0.5613377 0.04188948 0.3075516 0.3533644 0.4761477 0.007670402 0.1185703 0.5065659 0.02500468 0.26571 0.4145095 0.1169369 0.3533644 0.4761477 0.007670402 0.26571 0.4145095 0.1169369 0.441825 0.3183274 0.1133745 0.315083 -0.38907 -0.2837429 0.5142995 -0.213907 -0.1929537 0.4292003 -0.3651259 -0.205384 0.4292003 -0.3651259 -0.205384 0.5142995 -0.213907 -0.1929537 0.4552331 -0.313846 -0.08638364 -0.3845335 -0.08062386 0.5022372 -0.3204085 -0.1712518 0.4952892 -0.2594103 -0.126756 0.5311875 -0.2636368 -0.2695951 0.5541409 -0.1626123 -0.3038612 0.543161 -0.1280062 -0.1972299 0.5087473 -0.2088639 -0.2548909 -0.5058873 -0.1113849 -0.2896028 -0.4670138 -0.02045249 -0.3804684 -0.416839 -0.1113849 -0.2896028 -0.4670138 0.07751566 -0.3379592 -0.3843107 -0.02045249 -0.3804684 -0.416839 0.2197325 0.4727069 0.2203494 -0.02403324 0.4620696 0.312864 0.1376132 0.4540521 0.3134839 0.1376132 0.4540521 0.3134839 -0.02403324 0.4620696 0.312864 -0.1658544 0.4859523 0.4434112 -0.6005901 0.4200682 0.1403332 -0.6691068 0.2229598 0.1350775 -0.6468469 0.3354538 0.2384003 -0.6691068 0.2229598 0.1350775 -0.614797 0.1142274 0.2262941 -0.6468469 0.3354538 0.2384003 0.3927051 -0.156283 0.4487416 0.3815128 0.07901024 0.515868 0.3495259 -0.0390309 0.4731781 0.3495259 -0.0390309 0.4731781 0.3815128 0.07901024 0.515868 0.2893546 0.1057294 0.5135195 0.2686647 -0.3720603 -0.3588271 0.4561982 -0.104937 -0.2632887 0.4083188 -0.2659108 -0.2737351 0.4083188 -0.2659108 -0.2737351 0.4561982 -0.104937 -0.2632887 0.4911159 -0.01949876 -0.1651639 0.2666293 0.08834207 -0.4521792 0.2472576 0.3153164 -0.4478383 0.2818182 0.2114624 -0.3956696 0.2818182 0.2114624 -0.3956696 0.2472576 0.3153164 -0.4478383 0.1071462 0.4620521 -0.3723382 0.3667294 -0.018233 0.4084763 0.4653104 0.1259586 0.4400632 0.3358815 0.1806921 0.4540442 0.4653104 0.1259586 0.4400632 0.3022607 0.2818347 0.4491018 0.3358815 0.1806921 0.4540442 -0.4813539 -0.3072828 0.3525582 -0.3861161 -0.4528327 0.3718229 -0.2112727 -0.4324205 0.4247653 -0.3861161 -0.4528327 0.3718229 -0.06426382 -0.4086502 0.3792499 -0.2112727 -0.4324205 0.4247653 0.07751566 -0.3379592 -0.3843107 0.3712922 -0.2643963 -0.3646997 0.2686647 -0.3720603 -0.3588271 0.2686647 -0.3720603 -0.3588271 0.3712922 -0.2643963 -0.3646997 0.4561982 -0.104937 -0.2632887 -0.2202059 0.2297118 -0.4299234 -0.2731969 0.149774 -0.4298831 -0.3686708 0.03170639 -0.3799348 -0.2917356 0.05733555 -0.4133992 -0.3389545 -0.2145398 -0.4273763 -0.3568696 -0.08626282 -0.3806772 -0.212476 -0.5563752 0.1446589 -0.01085352 -0.6285029 0.1529693 -0.1128736 -0.5379828 0.237986 -0.01085352 -0.6285029 0.1529693 0.2131865 -0.6171602 0.1519004 0.09594303 -0.6019404 0.2685426 0.5605536 -0.00653398 0.1088942 0.5983048 0.1858441 0.1140403 0.5427398 0.04945772 0.2197167 0.5605536 -0.00653398 0.1088942 0.5427398 0.04945772 0.2197167 0.4855963 -0.1272955 0.21851 -0.1316511 0.207925 -0.4556933 -0.2202059 0.2297118 -0.4299234 -0.1520492 0.312413 -0.4458553 -0.1520492 0.312413 -0.4458553 -0.2202059 0.2297118 -0.4299234 -0.3672492 0.1614785 -0.4036743 0.3022607 0.2818347 0.4491018 0.1032767 0.3374691 0.5527625 0.1861703 0.2562875 0.5004975 0.3358815 0.1806921 0.4540442 0.3022607 0.2818347 0.4491018 0.1861703 0.2562875 0.5004975 0.1376132 0.4540521 0.3134839 -0.1658544 0.4859523 0.4434112 0.006207227 0.4839689 0.4353601 0.3049333 0.4347688 0.3314602 0.1376132 0.4540521 0.3134839 0.006207227 0.4839689 0.4353601 -0.01085352 -0.6285029 0.1529693 0.09594303 -0.6019404 0.2685426 -0.1128736 -0.5379828 0.237986 -0.1128736 -0.5379828 0.237986 0.09594303 -0.6019404 0.2685426 0.1228799 -0.4376055 0.3143541 -0.58486 -0.1677652 0.03527361 -0.506244 -0.3421585 0.03795337 -0.5790614 -0.1762949 0.1439242 -0.58486 -0.1677652 0.03527361 -0.5790614 -0.1762949 0.1439242 -0.6711378 0.0134648 0.1434817 0.4903562 0.178184 -0.1922001 0.4563465 0.3739721 -0.2258867 0.5251495 0.2632771 -0.1337626 0.4563465 0.3739721 -0.2258867 0.4669843 0.442749 -0.1320301 0.5251495 0.2632771 -0.1337626 -0.1520492 0.312413 -0.4458553 -0.3672492 0.1614785 -0.4036743 -0.3548372 0.3251807 -0.4608418 -0.3548372 0.3251807 -0.4608418 -0.3672492 0.1614785 -0.4036743 -0.4800546 0.002824425 -0.3237939 0.1000844 0.1284544 -0.5046435 0.05649513 0.1853787 -0.5813974 0.1501551 0.1519237 -0.4659844 0.1709266 0.09264248 -0.4657047 0.1501551 0.1519237 -0.4659844 0.230593 0.1607064 -0.422336 0.006207227 0.4839689 0.4353601 -0.1658544 0.4859523 0.4434112 -0.2258387 0.4003714 0.4934052 -0.1658544 0.4859523 0.4434112 -0.3302768 0.3036199 0.4321254 -0.2258387 0.4003714 0.4934052 0.4584499 -0.3938133 0.1301424 0.4820145 -0.1990321 0.112428 0.4329354 -0.305871 0.2425383 0.4820145 -0.1990321 0.112428 0.4855963 -0.1272955 0.21851 0.4329354 -0.305871 0.2425383 0.4917744 0.2502729 0.2230597 0.3940425 0.4353244 0.2370585 0.3049333 0.4347688 0.3314602 0.3940425 0.4353244 0.2370585 0.1376132 0.4540521 0.3134839 0.3049333 0.4347688 0.3314602 0.08663648 -0.1606525 -0.5126138 0.001853227 -0.08623391 -0.5112325 0.1140653 -0.0863322 -0.5687202 -0.12369 -0.1246204 -0.4607977 -0.06610041 -0.1078842 -0.51475 -0.0613119 -0.1406834 -0.4464489 -0.5613377 0.04188948 0.3075516 -0.5580159 -0.1399238 0.3422957 -0.388264 -0.2085233 0.3673385 -0.5580159 -0.1399238 0.3422957 -0.3118497 -0.3290957 0.3922213 -0.388264 -0.2085233 0.3673385 -0.02726578 0.1350473 0.5753078 -0.03207206 0.223509 0.5425833 -0.07256335 0.204576 0.5266569 0.06227976 0.4191575 0.501643 -0.1182249 0.3504392 0.5441813 -0.01218098 0.3434681 0.5240335 -0.5613377 0.04188948 0.3075516 -0.388264 -0.2085233 0.3673385 -0.478492 -0.09224849 0.3815834 -0.478492 -0.09224849 0.3815834 -0.388264 -0.2085233 0.3673385 -0.3477913 -0.2957118 0.5129076 0.5349733 0.220109 -0.0149163 0.4730578 0.3619091 -0.007919192 0.5983048 0.1858441 0.1140403 0.5349733 0.220109 -0.0149163 0.5983048 0.1858441 0.1140403 0.5605536 -0.00653398 0.1088942 -0.07265889 0.1215222 -0.4889892 -0.04447793 0.007241427 -0.5714575 -0.1186059 0.06415224 -0.5545163 -0.07661139 0.1655043 -0.4888635 -0.1265614 0.130557 -0.5045452 -0.06404978 0.2533014 -0.4762907 0.176625 0.01596885 -0.440092 0.2666293 0.08834207 -0.4521792 0.2602899 -0.01275873 -0.441508 0.2602899 -0.01275873 -0.441508 0.2666293 0.08834207 -0.4521792 0.2818182 0.2114624 -0.3956696 -0.388264 -0.2085233 0.3673385 -0.2235292 -0.3438599 0.4783362 -0.3477913 -0.2957118 0.5129076 -0.3477913 -0.2957118 0.5129076 -0.2235292 -0.3438599 0.4783362 -0.1626123 -0.3038612 0.543161 -0.2858771 0.5789847 0.03302216 -0.4140422 0.4859279 0.03282505 -0.2638062 0.5671654 0.1313827 -0.2858771 0.5789847 0.03302216 -0.2638062 0.5671654 0.1313827 -0.07778495 0.5400692 0.1219631 -0.161072 0.2288877 0.538824 -0.1303523 0.1439598 0.5353215 -0.125847 0.2134637 0.5982897 -0.03385645 0.2969229 0.5545247 -0.100671 0.2812647 0.5574868 -0.07256335 0.204576 0.5266569 0.1480848 0.3118247 -0.4432594 0.04745841 0.3509134 -0.4390953 -0.1148496 0.4251974 -0.419298 0.04745841 0.3509134 -0.4390953 -0.2583953 0.428355 -0.4572886 -0.1148496 0.4251974 -0.419298 0.4561982 -0.104937 -0.2632887 0.4903562 0.178184 -0.1922001 0.4911159 -0.01949876 -0.1651639 0.4903562 0.178184 -0.1922001 0.5251495 0.2632771 -0.1337626 0.5087916 0.04385739 -0.1031697 -0.3912586 -0.5176897 0.03799247 -0.2155678 -0.6021492 0.03474968 -0.3824831 -0.4919825 0.148466 -0.3912586 -0.5176897 0.03799247 -0.3824831 -0.4919825 0.148466 -0.5292294 -0.3762463 0.1566827 -0.388264 -0.2085233 0.3673385 -0.3118497 -0.3290957 0.3922213 -0.2235292 -0.3438599 0.4783362 -0.3118497 -0.3290957 0.3922213 -0.09896486 -0.3467532 0.4335957 -0.2235292 -0.3438599 0.4783362 0.09528475 -0.444381 0.4248517 0.2055436 -0.3235951 0.3720391 0.2399815 -0.2587915 0.4404242 0.2055436 -0.3235951 0.3720391 0.3350616 -0.1632074 0.4751818 0.2399815 -0.2587915 0.4404242 0.230593 0.1607064 -0.422336 0.210748 0.244019 -0.443474 0.12607 0.3448816 -0.3985635 0.210748 0.244019 -0.443474 0.02112573 0.4161043 -0.4285277 0.12607 0.3448816 -0.3985635 -0.3971646 -0.1641142 0.4502329 -0.2636368 -0.2695951 0.5541409 -0.3204085 -0.1712518 0.4952892 -0.3204085 -0.1712518 0.4952892 -0.2636368 -0.2695951 0.5541409 -0.2183573 -0.2043184 0.5903832 -0.1167123 -0.5305361 -0.2828034 0.1708189 -0.5960733 -0.2021397 -0.01658409 -0.6166951 -0.1974976 -0.2913708 -0.4679745 -0.2798054 -0.1167123 -0.5305361 -0.2828034 -0.01658409 -0.6166951 -0.1974976 -0.4439514 0.4920544 -0.06512534 -0.5782366 0.3876613 -0.06955873 -0.4140422 0.4859279 0.03282505 -0.4439514 0.4920544 -0.06512534 -0.4140422 0.4859279 0.03282505 -0.2858771 0.5789847 0.03302216 -0.3305349 0.4243017 0.4094101 -0.4845852 0.2481739 0.4945546 -0.3302768 0.3036199 0.4321254 -0.3302768 0.3036199 0.4321254 -0.4845852 0.2481739 0.4945546 -0.3500738 0.1299434 0.4676933 0.5427398 0.04945772 0.2197167 0.4917744 0.2502729 0.2230597 0.399092 0.2755069 0.2954169 0.4917744 0.2502729 0.2230597 0.3049333 0.4347688 0.3314602 0.399092 0.2755069 0.2954169 -0.2235292 -0.3438599 0.4783362 -0.04917645 -0.3191081 0.5340405 -0.1626123 -0.3038612 0.543161 -0.1626123 -0.3038612 0.543161 -0.04917645 -0.3191081 0.5340405 -0.05137068 -0.2022694 0.4916049 0.1480848 0.3118247 -0.4432594 -0.1148496 0.4251974 -0.419298 0.02112573 0.4161043 -0.4285277 0.02112573 0.4161043 -0.4285277 -0.1148496 0.4251974 -0.419298 -0.3616875 0.4513112 -0.3921152 0.3927051 -0.156283 0.4487416 0.3667294 -0.018233 0.4084763 0.3815128 0.07901024 0.515868 0.3667294 -0.018233 0.4084763 0.3358815 0.1806921 0.4540442 0.3815128 0.07901024 0.515868 0.3111358 -0.009003877 -0.3818144 0.3599189 0.3183044 -0.3686714 0.4301024 0.1900468 -0.3869292 0.4301024 0.1900468 -0.3869292 0.3599189 0.3183044 -0.3686714 0.2391638 0.4611484 -0.2665613 -0.161072 0.2288877 0.538824 -0.219665 0.1726942 0.5351234 -0.1303523 0.1439598 0.5353215 -0.07980012 0.3894332 0.456112 -0.224112 0.3100751 0.536935 -0.1182249 0.3504392 0.5441813 0.4669843 0.442749 -0.1320301 0.3139322 0.5052554 -0.1057804 0.4730578 0.3619091 -0.007919192 0.4669843 0.442749 -0.1320301 0.4730578 0.3619091 -0.007919192 0.5349733 0.220109 -0.0149163 -0.62633 0.01359748 0.03292059 -0.58486 -0.1677652 0.03527361 -0.6711378 0.0134648 0.1434817 -0.62633 0.01359748 0.03292059 -0.6711378 0.0134648 0.1434817 -0.6691068 0.2229598 0.1350775 0.3183221 -0.3992603 0.2320559 0.4329354 -0.305871 0.2425383 0.4151136 -0.1940842 0.3570842 0.3887923 -0.3500086 0.3852963 0.4151136 -0.1940842 0.3570842 0.3667294 -0.018233 0.4084763 0.2634617 -0.2279979 -0.4155407 0.3072314 -0.1249894 -0.4096644 0.4359834 0.03324425 -0.3837718 0.3072314 -0.1249894 -0.4096644 0.4301024 0.1900468 -0.3869292 0.4359834 0.03324425 -0.3837718 -0.4845852 0.2481739 0.4945546 -0.4498479 0.09038048 0.4196032 -0.4195458 0.02914381 0.5286077 -0.4582813 -0.04529142 0.4487017 -0.3204085 -0.1712518 0.4952892 -0.3845335 -0.08062386 0.5022372 0.03088706 -0.400543 0.4830667 0.1532003 -0.3560645 0.4664037 0.1599151 -0.3066176 0.5293089 0.1532003 -0.3560645 0.4664037 0.2399815 -0.2587915 0.4404242 0.2350506 -0.2285526 0.5292962 0.1519265 -0.1843007 -0.4812483 0.2114377 -0.1857894 -0.4421971 0.1696139 -0.2795591 -0.5005689 0.1696139 -0.2795591 -0.5005689 0.2114377 -0.1857894 -0.4421971 0.3072314 -0.1249894 -0.4096644 -0.2964797 -0.04191422 -0.431667 -0.2575654 -0.3155463 -0.4415197 -0.3389545 -0.2145398 -0.4273763 -0.3389545 -0.2145398 -0.4273763 -0.2575654 -0.3155463 -0.4415197 -0.1421832 -0.4768593 -0.3714378 0.3412175 -0.4675791 0.01875001 0.467287 -0.3561809 0.007438898 0.3336507 -0.4751496 0.1296299 0.3412175 -0.4675791 0.01875001 0.3336507 -0.4751496 0.1296299 0.2131865 -0.6171602 0.1519004 -0.2235292 -0.3438599 0.4783362 -0.09896486 -0.3467532 0.4335957 -0.04917645 -0.3191081 0.5340405 -0.09896486 -0.3467532 0.4335957 0.06631422 -0.331843 0.5358527 -0.04917645 -0.3191081 0.5340405 -0.4888611 -0.3472824 -0.06337231 -0.3352332 -0.4707395 -0.06958878 -0.506244 -0.3421585 0.03795337 -0.4888611 -0.3472824 -0.06337231 -0.506244 -0.3421585 0.03795337 -0.58486 -0.1677652 0.03527361 -0.136514 -0.1764279 -0.47031 -0.1113849 -0.2896028 -0.4670138 -0.2088639 -0.2548909 -0.5058873 -0.2064828 -0.128292 -0.5030065 -0.136514 -0.1764279 -0.47031 -0.2088639 -0.2548909 -0.5058873 0.006207227 0.4839689 0.4353601 -0.2258387 0.4003714 0.4934052 -0.07980012 0.3894332 0.456112 -0.07980012 0.3894332 0.456112 -0.2258387 0.4003714 0.4934052 -0.224112 0.3100751 0.536935 -0.4140422 0.4859279 0.03282505 -0.5541181 0.3916968 0.03465527 -0.4639416 0.5620529 0.1458697 -0.4140422 0.4859279 0.03282505 -0.4639416 0.5620529 0.1458697 -0.2638062 0.5671654 0.1313827 -0.5396749 0.2198983 0.4022383 -0.4582813 -0.04529142 0.4487017 -0.4498479 0.09038048 0.4196032 -0.4498479 0.09038048 0.4196032 -0.4582813 -0.04529142 0.4487017 -0.3845335 -0.08062386 0.5022372 -0.2221185 -0.5475534 -0.1828559 -0.01658409 -0.6166951 -0.1974976 -0.1475895 -0.5098682 -0.06834626 -0.2221185 -0.5475534 -0.1828559 -0.1475895 -0.5098682 -0.06834626 -0.3352332 -0.4707395 -0.06958878 0.2399815 -0.2587915 0.4404242 0.3350616 -0.1632074 0.4751818 0.2453802 -0.09160965 0.461165 0.3350616 -0.1632074 0.4751818 0.2851658 0.0115146 0.4936553 0.2453802 -0.09160965 0.461165 -0.1325415 -0.09658163 -0.4664794 -0.1673142 -0.0426194 -0.4858655 -0.1051483 -0.03774929 -0.4661204 -0.12369 -0.1246204 -0.4607977 -0.136514 -0.1764279 -0.47031 -0.2064828 -0.128292 -0.5030065 0.26571 0.4145095 0.1169369 0.1070706 0.5177124 0.1253576 0.2197325 0.4727069 0.2203494 0.1070706 0.5177124 0.1253576 -0.07778495 0.5400692 0.1219631 0.05407935 0.5144951 0.226957 -0.5837522 0.1988114 0.03226506 -0.62633 0.01359748 0.03292059 -0.6691068 0.2229598 0.1350775 -0.5837522 0.1988114 0.03226506 -0.6691068 0.2229598 0.1350775 -0.6005901 0.4200682 0.1403332 -0.0360043 0.01163566 0.5806405 -0.02726578 0.1350473 0.5753078 -0.07926923 0.1523738 0.6105997 -0.0360043 0.01163566 0.5806405 0.0372942 0.01318824 0.5195981 0.0358566 0.1032373 0.5734926 0.1000844 0.1284544 -0.5046435 0.1501551 0.1519237 -0.4659844 0.1709266 0.09264248 -0.4657047 0.1322944 0.06406617 -0.4467052 0.1796754 0.03749358 -0.5372609 0.07427418 0.08446979 -0.5019298 -0.06820714 -0.2234243 -0.4925808 -0.02855098 -0.3196532 -0.4756693 -0.1113849 -0.2896028 -0.4670138 -0.1113849 -0.2896028 -0.4670138 -0.02855098 -0.3196532 -0.4756693 0.07751566 -0.3379592 -0.3843107 -0.2155678 -0.6021492 0.03474968 -0.02252006 -0.6149576 0.03276699 -0.212476 -0.5563752 0.1446589 -0.2155678 -0.6021492 0.03474968 -0.212476 -0.5563752 0.1446589 -0.3824831 -0.4919825 0.148466 -0.0990318 0.6027106 0.03313213 -0.2858771 0.5789847 0.03302216 -0.07778495 0.5400692 0.1219631 -0.0990318 0.6027106 0.03313213 -0.07778495 0.5400692 0.1219631 0.1070706 0.5177124 0.1253576 -0.5541181 0.3916968 0.03465527 -0.5837522 0.1988114 0.03226506 -0.6005901 0.4200682 0.1403332 -0.5541181 0.3916968 0.03465527 -0.6005901 0.4200682 0.1403332 -0.4639416 0.5620529 0.1458697 0.1532003 -0.3560645 0.4664037 0.2350506 -0.2285526 0.5292962 0.1599151 -0.3066176 0.5293089 0.1599151 -0.3066176 0.5293089 0.2350506 -0.2285526 0.5292962 0.1223668 -0.1620665 0.4868444 -0.06820714 -0.2234243 -0.4925808 0.01115226 -0.2628734 -0.5372276 -0.02855098 -0.3196532 -0.4756693 0.08663648 -0.1606525 -0.5126138 0.006844401 -0.1675794 -0.5194757 0.001853227 -0.08623391 -0.5112325 -0.2731969 0.149774 -0.4298831 -0.3568696 -0.08626282 -0.3806772 -0.3686708 0.03170639 -0.3799348 -0.3686708 0.03170639 -0.3799348 -0.3568696 -0.08626282 -0.3806772 -0.4047528 -0.3182244 -0.368416 0.2764337 -0.5680825 0.2775796 0.3183221 -0.3992603 0.2320559 0.3887923 -0.3500086 0.3852963 0.3183221 -0.3992603 0.2320559 0.4151136 -0.1940842 0.3570842 0.3887923 -0.3500086 0.3852963 -0.2163369 0.03484541 -0.4121446 -0.2964797 -0.04191422 -0.431667 -0.2917356 0.05733555 -0.4133992 -0.2917356 0.05733555 -0.4133992 -0.2964797 -0.04191422 -0.431667 -0.3389545 -0.2145398 -0.4273763 0.1725147 -0.02963382 -0.4895501 0.2012054 -0.06127804 -0.4661282 0.2066267 -0.1331851 -0.4979579 0.1796754 0.03749358 -0.5372609 0.0890184 0.00485897 -0.5356187 0.07427418 0.08446979 -0.5019298 0.0372942 0.01318824 0.5195981 0.1153249 -0.04010093 0.5566644 0.1228121 0.02472013 0.5618455 0.0372942 0.01318824 0.5195981 0.1089517 0.09051489 0.5670533 0.0358566 0.1032373 0.5734926 0.01426047 0.260253 -0.4761763 -0.0605967 0.381685 -0.4761558 0.04745841 0.3509134 -0.4390953 0.04745841 0.3509134 -0.4390953 -0.0605967 0.381685 -0.4761558 -0.2583953 0.428355 -0.4572886 0.1070706 0.5177124 0.1253576 0.05407935 0.5144951 0.226957 0.2197325 0.4727069 0.2203494 0.2197325 0.4727069 0.2203494 0.05407935 0.5144951 0.226957 -0.02403324 0.4620696 0.312864 0.182265 -0.1071978 -0.5336036 0.0890184 0.00485897 -0.5356187 0.1725147 -0.02963382 -0.4895501 0.1134425 -0.1517233 -0.4756482 0.1140653 -0.0863322 -0.5687202 0.182265 -0.1071978 -0.5336036 0.399843 0.239426 0.3679279 0.1896688 0.3472369 0.4496543 0.3022607 0.2818347 0.4491018 0.3022607 0.2818347 0.4491018 0.1896688 0.3472369 0.4496543 0.1032767 0.3374691 0.5527625 0.2350506 -0.2285526 0.5292962 0.1670699 -0.08298856 0.4943091 0.1223668 -0.1620665 0.4868444 0.1964075 2.40438e-4 0.5109301 0.1228121 0.02472013 0.5618455 0.1153249 -0.04010093 0.5566644 0.490718 -0.1451599 -0.08235108 0.5087916 0.04385739 -0.1031697 0.5179383 -0.1888501 -0.004174351 0.490718 -0.1451599 -0.08235108 0.5179383 -0.1888501 -0.004174351 0.467287 -0.3561809 0.007438898 0.1140653 -0.0863322 -0.5687202 0.001853227 -0.08623391 -0.5112325 -0.04447793 0.007241427 -0.5714575 -0.06610041 -0.1078842 -0.51475 -0.1051483 -0.03774929 -0.4661204 -0.04447793 0.007241427 -0.5714575 -0.02855098 -0.3196532 -0.4756693 0.1918117 -0.3201654 -0.4232091 0.07751566 -0.3379592 -0.3843107 0.07751566 -0.3379592 -0.3843107 0.1918117 -0.3201654 -0.4232091 0.3712922 -0.2643963 -0.3646997 -0.001844346 0.2139284 -0.5410027 -0.07265889 0.1215222 -0.4889892 -0.07661139 0.1655043 -0.4888635 -0.07661139 0.1655043 -0.4888635 -0.07265889 0.1215222 -0.4889892 -0.1186059 0.06415224 -0.5545163 0.2884106 -0.4301513 0.3603516 0.3927051 -0.156283 0.4487416 0.3289949 -0.259675 0.4117912 0.3289949 -0.259675 0.4117912 0.3927051 -0.156283 0.4487416 0.3495259 -0.0390309 0.4731781 0.1983948 0.07064932 0.5209122 0.1089517 0.09051489 0.5670533 0.1228121 0.02472013 0.5618455 0.0372942 0.01318824 0.5195981 0.1228121 0.02472013 0.5618455 0.1089517 0.09051489 0.5670533 0.4911159 -0.01949876 -0.1651639 0.4903562 0.178184 -0.1922001 0.5087916 0.04385739 -0.1031697 0.4911159 -0.01949876 -0.1651639 0.5087916 0.04385739 -0.1031697 0.490718 -0.1451599 -0.08235108 -0.0360043 0.01163566 0.5806405 -0.155249 0.001292109 0.6032375 -0.1102272 -0.05266839 0.5702084 -0.3204085 -0.1712518 0.4952892 -0.2183573 -0.2043184 0.5903832 -0.2594103 -0.126756 0.5311875 -0.1316511 0.207925 -0.4556933 -0.1981461 0.1694977 -0.49773 -0.2202059 0.2297118 -0.4299234 -0.1981461 0.1694977 -0.49773 -0.2731969 0.149774 -0.4298831 -0.2202059 0.2297118 -0.4299234 0.02752983 -0.6332315 -0.08890485 0.2134894 -0.5927499 -0.09723526 -0.02252006 -0.6149576 0.03276699 0.02752983 -0.6332315 -0.08890485 -0.02252006 -0.6149576 0.03276699 -0.2155678 -0.6021492 0.03474968 -0.2112727 -0.4324205 0.4247653 -0.06426382 -0.4086502 0.3792499 0.03088706 -0.400543 0.4830667 -0.06426382 -0.4086502 0.3792499 0.1532003 -0.3560645 0.4664037 0.03088706 -0.400543 0.4830667 0.2453802 -0.09160965 0.461165 0.1964075 2.40438e-4 0.5109301 0.1670699 -0.08298856 0.4943091 0.1670699 -0.08298856 0.4943091 0.1964075 2.40438e-4 0.5109301 0.1153249 -0.04010093 0.5566644 0.05649513 0.1853787 -0.5813974 0.1409552 0.2163197 -0.5107333 0.1501551 0.1519237 -0.4659844 0.1501551 0.1519237 -0.4659844 0.1409552 0.2163197 -0.5107333 0.210748 0.244019 -0.443474 0.2134894 -0.5927499 -0.09723526 0.3622 -0.465185 -0.09609687 0.1702564 -0.5486931 0.02794575 0.2134894 -0.5927499 -0.09723526 0.1702564 -0.5486931 0.02794575 -0.02252006 -0.6149576 0.03276699 0.2137068 -0.09749954 -0.3920361 0.321212 0.112189 -0.3930453 0.3111358 -0.009003877 -0.3818144 0.3111358 -0.009003877 -0.3818144 0.321212 0.112189 -0.3930453 0.3599189 0.3183044 -0.3686714 -0.0360043 0.01163566 0.5806405 -0.07926923 0.1523738 0.6105997 -0.1023169 0.06454038 0.5532612 -0.0360043 0.01163566 0.5806405 -0.1023169 0.06454038 0.5532612 -0.155249 0.001292109 0.6032375 0.3815128 0.07901024 0.515868 0.2525803 0.1852996 0.5050137 0.2893546 0.1057294 0.5135195 0.2525803 0.1852996 0.5050137 0.1206773 0.2061639 0.5435998 0.1751273 0.1356806 0.5319646 0.1409552 0.2163197 -0.5107333 0.1480848 0.3118247 -0.4432594 0.210748 0.244019 -0.443474 0.210748 0.244019 -0.443474 0.1480848 0.3118247 -0.4432594 0.02112573 0.4161043 -0.4285277 -0.2236075 -0.04094856 -0.4513124 -0.2645425 -0.1437405 -0.4484052 -0.2964797 -0.04191422 -0.431667 -0.2964797 -0.04191422 -0.431667 -0.2645425 -0.1437405 -0.4484052 -0.2575654 -0.3155463 -0.4415197 -0.4498479 0.09038048 0.4196032 -0.3845335 -0.08062386 0.5022372 -0.4195458 0.02914381 0.5286077 -0.4195458 0.02914381 0.5286077 -0.3845335 -0.08062386 0.5022372 -0.3189226 -0.05934542 0.5768274 -0.6281594 -0.2029013 -0.06491822 -0.4888611 -0.3472824 -0.06337231 -0.58486 -0.1677652 0.03527361 -0.6281594 -0.2029013 -0.06491822 -0.58486 -0.1677652 0.03527361 -0.62633 0.01359748 0.03292059 0.2012054 -0.06127804 -0.4661282 0.2602899 -0.01275873 -0.441508 0.2137068 -0.09749954 -0.3920361 0.2137068 -0.09749954 -0.3920361 0.2602899 -0.01275873 -0.441508 0.321212 0.112189 -0.3930453 -0.0360043 0.01163566 0.5806405 -0.07799291 -0.1057721 0.5605279 -0.02441859 -0.07750207 0.5155502 0.06631422 -0.331843 0.5358527 0.08009082 -0.2224057 0.5133442 0.01584666 -0.2100892 0.4775524 0.2851658 0.0115146 0.4936553 0.1983948 0.07064932 0.5209122 0.1964075 2.40438e-4 0.5109301 0.2893546 0.1057294 0.5135195 0.2525803 0.1852996 0.5050137 0.1751273 0.1356806 0.5319646 -0.1737725 0.08619976 -0.5108494 -0.1186059 0.06415224 -0.5545163 -0.1573838 0.008692085 -0.5231706 -0.1573838 0.008692085 -0.5231706 -0.1186059 0.06415224 -0.5545163 -0.04447793 0.007241427 -0.5714575 0.176625 0.01596885 -0.440092 0.1709266 0.09264248 -0.4657047 0.2666293 0.08834207 -0.4521792 0.1796754 0.03749358 -0.5372609 0.1322944 0.06406617 -0.4467052 0.176625 0.01596885 -0.440092 -0.2258387 0.4003714 0.4934052 -0.2793853 0.2070701 0.4534186 -0.224112 0.3100751 0.536935 -0.224112 0.3100751 0.536935 -0.219665 0.1726942 0.5351234 -0.161072 0.2288877 0.538824 -0.02441859 -0.07750207 0.5155502 -0.03754383 -0.1745835 0.573832 0.005000293 -0.1569529 0.5287704 -0.02441859 -0.07750207 0.5155502 0.005000293 -0.1569529 0.5287704 0.04642945 -0.12032 0.4955263 0.1861703 0.2562875 0.5004975 0.04366499 0.2728935 0.5602461 0.1206773 0.2061639 0.5435998 0.0358566 0.1032373 0.5734926 0.06530606 0.1410602 0.4776209 0.02209836 0.1851383 0.5273652 0.467287 -0.3561809 0.007438898 0.5179383 -0.1888501 -0.004174351 0.4584499 -0.3938133 0.1301424 0.467287 -0.3561809 0.007438898 0.4584499 -0.3938133 0.1301424 0.3336507 -0.4751496 0.1296299 -1.71583e-4 0.1927671 -0.5381274 -0.008179843 0.1188232 -0.5798406 -0.07265889 0.1215222 -0.4889892 0.1000844 0.1284544 -0.5046435 -0.008179843 0.1188232 -0.5798406 0.05649513 0.1853787 -0.5813974 0.1223668 -0.1620665 0.4868444 0.1670699 -0.08298856 0.4943091 0.1100198 -0.08780372 0.5316489 0.03273814 -0.06001454 0.5196692 0.04642945 -0.12032 0.4955263 0.1100198 -0.08780372 0.5316489 -0.2163369 0.03484541 -0.4121446 -0.2236075 -0.04094856 -0.4513124 -0.2964797 -0.04191422 -0.431667 -0.1673142 -0.0426194 -0.4858655 -0.1325415 -0.09658163 -0.4664794 -0.2236075 -0.04094856 -0.4513124 -0.2594103 -0.126756 0.5311875 -0.1734535 -0.1182313 0.5946675 -0.2222876 -0.06763577 0.6233876 -0.3189226 -0.05934542 0.5768274 -0.2594103 -0.126756 0.5311875 -0.2222876 -0.06763577 0.6233876 0.1896688 0.3472369 0.4496543 -0.01218098 0.3434681 0.5240335 0.1032767 0.3374691 0.5527625 0.1032767 0.3374691 0.5527625 -0.03385645 0.2969229 0.5545247 0.04366499 0.2728935 0.5602461 0.1322944 0.06406617 -0.4467052 0.07427418 0.08446979 -0.5019298 0.1000844 0.1284544 -0.5046435 0.1000844 0.1284544 -0.5046435 0.07427418 0.08446979 -0.5019298 -0.008179843 0.1188232 -0.5798406 -0.0613119 -0.1406834 -0.4464489 -0.06820714 -0.2234243 -0.4925808 -0.136514 -0.1764279 -0.47031 0.006844401 -0.1675794 -0.5194757 0.01115226 -0.2628734 -0.5372276 -0.06820714 -0.2234243 -0.4925808 -0.1102272 -0.05266839 0.5702084 -0.1143327 -0.1329805 0.5254118 -0.07799291 -0.1057721 0.5605279 -0.2594103 -0.126756 0.5311875 -0.2183573 -0.2043184 0.5903832 -0.1734535 -0.1182313 0.5946675 0.1032767 0.3374691 0.5527625 -0.01218098 0.3434681 0.5240335 -0.03385645 0.2969229 0.5545247 -0.01218098 0.3434681 0.5240335 -0.100671 0.2812647 0.5574868 -0.03385645 0.2969229 0.5545247 0.3495259 -0.0390309 0.4731781 0.2893546 0.1057294 0.5135195 0.2851658 0.0115146 0.4936553 0.2851658 0.0115146 0.4936553 0.2893546 0.1057294 0.5135195 0.1983948 0.07064932 0.5209122 0.01115226 -0.2628734 -0.5372276 0.06347811 -0.3105503 -0.4754836 -0.02855098 -0.3196532 -0.4756693 -0.02855098 -0.3196532 -0.4756693 0.06347811 -0.3105503 -0.4754836 0.1918117 -0.3201654 -0.4232091 0.1223668 -0.1620665 0.4868444 0.1100198 -0.08780372 0.5316489 0.04642945 -0.12032 0.4955263 0.08009082 -0.2224057 0.5133442 0.1223668 -0.1620665 0.4868444 0.04642945 -0.12032 0.4955263 0.1725147 -0.02963382 -0.4895501 0.1796754 0.03749358 -0.5372609 0.2012054 -0.06127804 -0.4661282 0.1796754 0.03749358 -0.5372609 0.1725147 -0.02963382 -0.4895501 0.0890184 0.00485897 -0.5356187 -0.219665 0.1726942 0.5351234 -0.2488033 0.09773415 0.4879589 -0.1762005 0.09767472 0.5774588 -0.3189226 -0.05934542 0.5768274 -0.2222876 -0.06763577 0.6233876 -0.2587992 -0.02750819 0.6140922 0.3289949 -0.259675 0.4117912 0.3495259 -0.0390309 0.4731781 0.3350616 -0.1632074 0.4751818 0.3350616 -0.1632074 0.4751818 0.3495259 -0.0390309 0.4731781 0.2851658 0.0115146 0.4936553 -0.0360043 0.01163566 0.5806405 -0.02441859 -0.07750207 0.5155502 0.03273814 -0.06001454 0.5196692 -0.02441859 -0.07750207 0.5155502 0.04642945 -0.12032 0.4955263 0.03273814 -0.06001454 0.5196692 -0.1573838 0.008692085 -0.5231706 -0.04447793 0.007241427 -0.5714575 -0.1051483 -0.03774929 -0.4661204 -0.1868053 0.01101928 -0.4698134 -0.1051483 -0.03774929 -0.4661204 -0.1673142 -0.0426194 -0.4858655 0.1796754 0.03749358 -0.5372609 0.176625 0.01596885 -0.440092 0.2012054 -0.06127804 -0.4661282 0.2012054 -0.06127804 -0.4661282 0.176625 0.01596885 -0.440092 0.2602899 -0.01275873 -0.441508 -0.01218098 0.3434681 0.5240335 -0.1182249 0.3504392 0.5441813 -0.100671 0.2812647 0.5574868 -0.1182249 0.3504392 0.5441813 -0.224112 0.3100751 0.536935 -0.161072 0.2288877 0.538824 -0.5782366 0.3876613 -0.06955873 -0.5680466 0.1852022 -0.05990213 -0.5541181 0.3916968 0.03465527 -0.5782366 0.3876613 -0.06955873 -0.5541181 0.3916968 0.03465527 -0.4140422 0.4859279 0.03282505 0.2893546 0.1057294 0.5135195 0.1751273 0.1356806 0.5319646 0.1983948 0.07064932 0.5209122 0.1983948 0.07064932 0.5209122 0.1751273 0.1356806 0.5319646 0.1089517 0.09051489 0.5670533 0.05649513 0.1853787 -0.5813974 -1.71583e-4 0.1927671 -0.5381274 0.1409552 0.2163197 -0.5107333 -1.71583e-4 0.1927671 -0.5381274 0.05649513 0.1853787 -0.5813974 -0.008179843 0.1188232 -0.5798406 0.1140653 -0.0863322 -0.5687202 -0.04447793 0.007241427 -0.5714575 0.0890184 0.00485897 -0.5356187 0.182265 -0.1071978 -0.5336036 0.1140653 -0.0863322 -0.5687202 0.0890184 0.00485897 -0.5356187 -0.1868053 0.01101928 -0.4698134 -0.1673142 -0.0426194 -0.4858655 -0.2163369 0.03484541 -0.4121446 -0.1673142 -0.0426194 -0.4858655 -0.2236075 -0.04094856 -0.4513124 -0.2163369 0.03484541 -0.4121446 -0.2636368 -0.2695951 0.5541409 -0.1280062 -0.1972299 0.5087473 -0.2183573 -0.2043184 0.5903832 -0.2183573 -0.2043184 0.5903832 -0.1143327 -0.1329805 0.5254118 -0.1734535 -0.1182313 0.5946675 -0.5680466 0.1852022 -0.05990213 -0.5923311 0.004738211 -0.05786699 -0.5837522 0.1988114 0.03226506 -0.5680466 0.1852022 -0.05990213 -0.5837522 0.1988114 0.03226506 -0.5541181 0.3916968 0.03465527 -0.0360043 0.01163566 0.5806405 0.0358566 0.1032373 0.5734926 -0.02726578 0.1350473 0.5753078 -0.02726578 0.1350473 0.5753078 0.0358566 0.1032373 0.5734926 0.02209836 0.1851383 0.5273652 0.01115226 -0.2628734 -0.5372276 0.07128679 -0.2059923 -0.4431308 0.06347811 -0.3105503 -0.4754836 0.1134425 -0.1517233 -0.4756482 0.08663648 -0.1606525 -0.5126138 0.1140653 -0.0863322 -0.5687202 -0.2115218 0.09846931 -0.4331737 -0.2917356 0.05733555 -0.4133992 -0.2731969 0.149774 -0.4298831 -0.2731969 0.149774 -0.4298831 -0.2917356 0.05733555 -0.4133992 -0.3568696 -0.08626282 -0.3806772 -0.224112 0.3100751 0.536935 -0.2793853 0.2070701 0.4534186 -0.219665 0.1726942 0.5351234 -0.2793853 0.2070701 0.4534186 -0.2488033 0.09773415 0.4879589 -0.219665 0.1726942 0.5351234 0.01584666 -0.2100892 0.4775524 0.08009082 -0.2224057 0.5133442 0.005000293 -0.1569529 0.5287704 0.08009082 -0.2224057 0.5133442 0.04642945 -0.12032 0.4955263 0.005000293 -0.1569529 0.5287704 -1.71583e-4 0.1927671 -0.5381274 -0.001844346 0.2139284 -0.5410027 0.09638947 0.2611906 -0.5195385 0.09638947 0.2611906 -0.5195385 0.01426047 0.260253 -0.4761763 0.04745841 0.3509134 -0.4390953 -0.1737725 0.08619976 -0.5108494 -0.1981461 0.1694977 -0.49773 -0.1316511 0.207925 -0.4556933 -0.1845008 0.07683575 -0.4707853 -0.1868053 0.01101928 -0.4698134 -0.2115218 0.09846931 -0.4331737 0.04366499 0.2728935 0.5602461 -0.03207206 0.223509 0.5425833 0.02209836 0.1851383 0.5273652 0.1206773 0.2061639 0.5435998 0.04366499 0.2728935 0.5602461 0.02209836 0.1851383 0.5273652 -0.0613119 -0.1406834 -0.4464489 0.006844401 -0.1675794 -0.5194757 -0.06820714 -0.2234243 -0.4925808 -0.0613119 -0.1406834 -0.4464489 0.001853227 -0.08623391 -0.5112325 0.006844401 -0.1675794 -0.5194757 0.03088706 -0.400543 0.4830667 0.1599151 -0.3066176 0.5293089 0.06631422 -0.331843 0.5358527 0.06631422 -0.331843 0.5358527 0.1599151 -0.3066176 0.5293089 0.08009082 -0.2224057 0.5133442 -0.1845008 0.07683575 -0.4707853 -0.2115218 0.09846931 -0.4331737 -0.1981461 0.1694977 -0.49773 -0.1981461 0.1694977 -0.49773 -0.2115218 0.09846931 -0.4331737 -0.2731969 0.149774 -0.4298831 -0.001844346 0.2139284 -0.5410027 -0.07661139 0.1655043 -0.4888635 0.01426047 0.260253 -0.4761763 -0.001844346 0.2139284 -0.5410027 0.01426047 0.260253 -0.4761763 0.09638947 0.2611906 -0.5195385 -0.4195458 0.02914381 0.5286077 -0.3189226 -0.05934542 0.5768274 -0.2925466 0.02661448 0.5223149 -0.2925466 0.02661448 0.5223149 -0.3189226 -0.05934542 0.5768274 -0.2587992 -0.02750819 0.6140922 0.04366499 0.2728935 0.5602461 -0.03385645 0.2969229 0.5545247 -0.03207206 0.223509 0.5425833 -0.03385645 0.2969229 0.5545247 -0.07256335 0.204576 0.5266569 -0.03207206 0.223509 0.5425833 -0.02441859 -0.07750207 0.5155502 -0.07799291 -0.1057721 0.5605279 -0.03754383 -0.1745835 0.573832 -0.07799291 -0.1057721 0.5605279 -0.1143327 -0.1329805 0.5254118 -0.07303535 -0.183063 0.573466 0.006844401 -0.1675794 -0.5194757 0.08663648 -0.1606525 -0.5126138 0.01115226 -0.2628734 -0.5372276 0.08663648 -0.1606525 -0.5126138 0.07128679 -0.2059923 -0.4431308 0.01115226 -0.2628734 -0.5372276 -0.5923311 0.004738211 -0.05786699 -0.6281594 -0.2029013 -0.06491822 -0.62633 0.01359748 0.03292059 -0.5923311 0.004738211 -0.05786699 -0.62633 0.01359748 0.03292059 -0.5837522 0.1988114 0.03226506 -0.07661139 0.1655043 -0.4888635 -0.1186059 0.06415224 -0.5545163 -0.1265614 0.130557 -0.5045452 -0.1737725 0.08619976 -0.5108494 -0.1265614 0.130557 -0.5045452 -0.1186059 0.06415224 -0.5545163 -0.2488033 0.09773415 0.4879589 -0.2061458 0.0361309 0.5533294 -0.1762005 0.09767472 0.5774588 -0.1023169 0.06454038 0.5532612 -0.1762005 0.09767472 0.5774588 -0.2061458 0.0361309 0.5533294 0.1670699 -0.08298856 0.4943091 0.1153249 -0.04010093 0.5566644 0.1100198 -0.08780372 0.5316489 0.03273814 -0.06001454 0.5196692 0.1100198 -0.08780372 0.5316489 0.1153249 -0.04010093 0.5566644 0.07128679 -0.2059923 -0.4431308 0.1519265 -0.1843007 -0.4812483 0.1696139 -0.2795591 -0.5005689 0.1134425 -0.1517233 -0.4756482 0.182265 -0.1071978 -0.5336036 0.1519265 -0.1843007 -0.4812483 -0.04917645 -0.3191081 0.5340405 0.01584666 -0.2100892 0.4775524 -0.05137068 -0.2022694 0.4916049 -0.07799291 -0.1057721 0.5605279 -0.07303535 -0.183063 0.573466 -0.03754383 -0.1745835 0.573832 -0.1325415 -0.09658163 -0.4664794 -0.2064828 -0.128292 -0.5030065 -0.2236075 -0.04094856 -0.4513124 -0.2236075 -0.04094856 -0.4513124 -0.2064828 -0.128292 -0.5030065 -0.2645425 -0.1437405 -0.4484052 -0.07926923 0.1523738 0.6105997 -0.125847 0.2134637 0.5982897 -0.1303523 0.1439598 0.5353215 -0.02726578 0.1350473 0.5753078 -0.07256335 0.204576 0.5266569 -0.07926923 0.1523738 0.6105997 -0.1265614 0.130557 -0.5045452 -0.1737725 0.08619976 -0.5108494 -0.1316511 0.207925 -0.4556933 -0.1265614 0.130557 -0.5045452 -0.1316511 0.207925 -0.4556933 -0.06404978 0.2533014 -0.4762907 0.1322944 0.06406617 -0.4467052 0.1000844 0.1284544 -0.5046435 0.1709266 0.09264248 -0.4657047 0.1322944 0.06406617 -0.4467052 0.1709266 0.09264248 -0.4657047 0.176625 0.01596885 -0.440092 -0.4845852 0.2481739 0.4945546 -0.4195458 0.02914381 0.5286077 -0.3500738 0.1299434 0.4676933 -0.3500738 0.1299434 0.4676933 -0.4195458 0.02914381 0.5286077 -0.2925466 0.02661448 0.5223149 -0.1102272 -0.05266839 0.5702084 -0.2222876 -0.06763577 0.6233876 -0.1734535 -0.1182313 0.5946675 -0.1102272 -0.05266839 0.5702084 -0.1734535 -0.1182313 0.5946675 -0.1143327 -0.1329805 0.5254118 0.01426047 0.260253 -0.4761763 -0.06404978 0.2533014 -0.4762907 -0.0605967 0.381685 -0.4761558 -0.06404978 0.2533014 -0.4762907 -0.1520492 0.312413 -0.4458553 -0.0605967 0.381685 -0.4761558 -0.06610041 -0.1078842 -0.51475 -0.04447793 0.007241427 -0.5714575 0.001853227 -0.08623391 -0.5112325 -0.0613119 -0.1406834 -0.4464489 -0.06610041 -0.1078842 -0.51475 0.001853227 -0.08623391 -0.5112325 -0.219665 0.1726942 0.5351234 -0.1762005 0.09767472 0.5774588 -0.1303523 0.1439598 0.5353215 -0.1023169 0.06454038 0.5532612 -0.1303523 0.1439598 0.5353215 -0.1762005 0.09767472 0.5774588 0.1206773 0.2061639 0.5435998 0.02209836 0.1851383 0.5273652 0.06530606 0.1410602 0.4776209 0.1751273 0.1356806 0.5319646 0.1206773 0.2061639 0.5435998 0.06530606 0.1410602 0.4776209 0.01584666 -0.2100892 0.4775524 0.005000293 -0.1569529 0.5287704 -0.03754383 -0.1745835 0.573832 -0.05137068 -0.2022694 0.4916049 0.01584666 -0.2100892 0.4775524 -0.03754383 -0.1745835 0.573832 -0.1845008 0.07683575 -0.4707853 -0.1573838 0.008692085 -0.5231706 -0.1868053 0.01101928 -0.4698134 -0.1868053 0.01101928 -0.4698134 -0.1573838 0.008692085 -0.5231706 -0.1051483 -0.03774929 -0.4661204 -0.155249 0.001292109 0.6032375 -0.2587992 -0.02750819 0.6140922 -0.2222876 -0.06763577 0.6233876 -0.1102272 -0.05266839 0.5702084 -0.155249 0.001292109 0.6032375 -0.2222876 -0.06763577 0.6233876 0.182265 -0.1071978 -0.5336036 0.1725147 -0.02963382 -0.4895501 0.2066267 -0.1331851 -0.4979579 0.182265 -0.1071978 -0.5336036 0.2066267 -0.1331851 -0.4979579 0.1519265 -0.1843007 -0.4812483 -0.1182249 0.3504392 0.5441813 -0.161072 0.2288877 0.538824 -0.100671 0.2812647 0.5574868 -0.100671 0.2812647 0.5574868 -0.161072 0.2288877 0.538824 -0.125847 0.2134637 0.5982897 -0.2925466 0.02661448 0.5223149 -0.2587992 -0.02750819 0.6140922 -0.2061458 0.0361309 0.5533294 -0.155249 0.001292109 0.6032375 -0.2061458 0.0361309 0.5533294 -0.2587992 -0.02750819 0.6140922 -0.1280062 -0.1972299 0.5087473 -0.07303535 -0.183063 0.573466 -0.1143327 -0.1329805 0.5254118 -0.2183573 -0.2043184 0.5903832 -0.1280062 -0.1972299 0.5087473 -0.1143327 -0.1329805 0.5254118 -0.1737725 0.08619976 -0.5108494 -0.1845008 0.07683575 -0.4707853 -0.1981461 0.1694977 -0.49773 -0.1845008 0.07683575 -0.4707853 -0.1737725 0.08619976 -0.5108494 -0.1573838 0.008692085 -0.5231706 0.08663648 -0.1606525 -0.5126138 0.1134425 -0.1517233 -0.4756482 0.07128679 -0.2059923 -0.4431308 0.1134425 -0.1517233 -0.4756482 0.1519265 -0.1843007 -0.4812483 0.07128679 -0.2059923 -0.4431308 -0.1325415 -0.09658163 -0.4664794 -0.12369 -0.1246204 -0.4607977 -0.2064828 -0.128292 -0.5030065 -0.12369 -0.1246204 -0.4607977 -0.1325415 -0.09658163 -0.4664794 -0.06610041 -0.1078842 -0.51475 -0.100671 0.2812647 0.5574868 -0.125847 0.2134637 0.5982897 -0.07256335 0.204576 0.5266569 -0.07926923 0.1523738 0.6105997 -0.07256335 0.204576 0.5266569 -0.125847 0.2134637 0.5982897 -0.3500738 0.1299434 0.4676933 -0.2925466 0.02661448 0.5223149 -0.2488033 0.09773415 0.4879589 -0.2488033 0.09773415 0.4879589 -0.2925466 0.02661448 0.5223149 -0.2061458 0.0361309 0.5533294 -0.1280062 -0.1972299 0.5087473 -0.05137068 -0.2022694 0.4916049 -0.07303535 -0.183063 0.573466 -0.05137068 -0.2022694 0.4916049 -0.03754383 -0.1745835 0.573832 -0.07303535 -0.183063 0.573466 -0.006703376 -0.03572553 -0.455424 -0.07192647 0.02414065 -0.455424 -0.08154368 -0.01906818 -0.455424 -0.04893213 -0.04900127 -0.455424 -0.02969765 0.03741639 -0.455424 -0.07192647 0.02414065 -0.455424 -0.006703376 -0.03572553 -0.455424 0.002913534 0.007483243 -0.455424 -0.08154368 -0.01906818 -0.455424 -0.04606187 -0.04727905 -0.5548468 -0.008704602 -0.06255275 -0.5482997 -0.04893213 -0.04900127 -0.455424 -0.07192647 0.02414065 -0.455424 -0.05184543 -0.006456792 -0.5558602 -0.04606187 -0.04727905 -0.5548468 -0.08154368 -0.01906818 -0.455424 -0.02969765 0.03741639 -0.455424 -0.01984775 0.02020841 -0.5502526 -0.05184543 -0.006456792 -0.5558602 -0.07192647 0.02414065 -0.455424 -0.04893213 -0.04900127 -0.455424 -0.008704602 -0.06255275 -0.5482997 0.02237403 -0.03695803 -0.5428532 -0.006703376 -0.03572553 -0.455424 -0.04606187 -0.04727905 -0.5548468 -0.008704602 -0.06255275 -0.5482997 -0.05184543 -0.006456792 -0.5558602 -0.04606187 -0.04727905 -0.5548468 -0.01984775 0.02020841 -0.5502526 -0.05184543 -0.006456792 -0.5558602 -0.008704602 -0.06255275 -0.5482997 0.02237403 -0.03695803 -0.5428532 0.06813663 -0.05238294 -0.455424 0.002913534 0.007483243 -0.455424 -0.006703376 -0.03572553 -0.455424 0.02590787 -0.06565898 -0.455424 0.04514235 0.02075898 -0.455424 0.0777539 -0.009174108 -0.455424 -0.006703376 -0.03572553 -0.455424 0.02237403 -0.03695803 -0.5428532 0.05883562 -0.05324035 -0.5364633 0.02590787 -0.06565898 -0.455424 0.0777539 -0.009174108 -0.455424 0.08640712 0.01241946 -0.5316311 0.04972428 0.02853298 -0.53806 0.04514235 0.02075898 -0.455424 0.06813663 -0.05238294 -0.455424 0.09109985 -0.02857434 -0.5308088 0.08640712 0.01241946 -0.5316311 0.0777539 -0.009174108 -0.455424 0.02590787 -0.06565898 -0.455424 0.05883562 -0.05324035 -0.5364633 0.09109985 -0.02857434 -0.5308088 0.06813663 -0.05238294 -0.455424 0.02237403 -0.03695803 -0.5428532 0.05883562 -0.05324035 -0.5364633 0.08640712 0.01241946 -0.5316311 0.04972428 0.02853298 -0.53806 0.09109985 -0.02857434 -0.5308088 0.08640712 0.01241946 -0.5316311 0.05883562 -0.05324035 -0.5364633 0.09109985 -0.02857434 -0.5308088 0.04514235 0.02075898 -0.455424 -0.02008044 0.08062553 -0.455424 -0.02969765 0.03741639 -0.455424 0.002913534 0.007483243 -0.455424 0.02214801 0.09390127 -0.455424 0.05475956 0.06396812 -0.455424 0.05475956 0.06396812 -0.455424 0.04606217 0.0694313 -0.5387016 0.009382903 0.08649128 -0.5451298 0.02214801 0.09390127 -0.455424 0.04514235 0.02075898 -0.455424 0.04972428 0.02853298 -0.53806 0.04606217 0.0694313 -0.5387016 0.05475956 0.06396812 -0.455424 -0.02008044 0.08062553 -0.455424 -0.02335995 0.06243807 -0.5508679 -0.01984775 0.02020841 -0.5502526 -0.02969765 0.03741639 -0.455424 0.02214801 0.09390127 -0.455424 0.009382903 0.08649128 -0.5451298 -0.02335995 0.06243807 -0.5508679 -0.02008044 0.08062553 -0.455424 0.04972428 0.02853298 -0.53806 0.04606217 0.0694313 -0.5387016 -0.02335995 0.06243807 -0.5508679 -0.01984775 0.02020841 -0.5502526 0.009382903 0.08649128 -0.5451298 -0.02335995 0.06243807 -0.5508679 0.04606217 0.0694313 -0.5387016 0.009382903 0.08649128 -0.5451298</float_array>
          <technique_common>
            <accessor source="#Object_0-mesh-positions-array" count="2252" stride="3">
              <param name="X" type="float"/>
              <param name="Y" type="float"/>
              <param name="Z" type="float"/>
            </accessor>
          </technique_common>
        </source>
        <source id="Object_0-mesh-normals">
          <float_array id="Object_0-mesh-normals-array" count="2316">0.4046702 0.9045051 0.1345831 -0.732377 -0.4979599 -0.464392 -0.3332288 -0.9399705 -0.0735805 -0.0240435 0.2032015 0.9788417 -0.9253527 0.343543 -0.1603146 0.2427165 0.415839 -0.8764511 0.2268379 0.2316817 0.9459747 0.6859242 0.7257989 -0.05219131 -0.7540906 -0.638405 -0.1542288 -0.07600665 -0.307727 -0.948434 0.8937043 -0.2386721 0.3799056 0.3253578 -0.7882831 -0.5222567 0.004798591 0.1165454 -0.9931738 -0.1568092 0.97454 0.1602585 -0.1482983 -0.6702327 0.7271835 -0.8985024 -0.4005662 0.1795555 -0.8997213 -0.07407718 -0.4301329 0.5240957 0.7906509 -0.3165359 0.9759109 -0.09980392 -0.1940032 0.9559441 -0.01615184 0.2931043 -0.3001346 0.7876688 0.5380495 -0.8308093 -0.2345649 0.504713 0.4428367 0.8965018 -0.01342761 0.2148388 0.9613866 0.171989 0.8461013 0.5328257 0.01447546 -0.8088598 -0.1575681 0.5664964 0.4672326 -0.8005766 0.3751945 0.3338922 0.1598231 -0.9289633 -0.8305314 0.5493151 -0.09203571 -0.01444196 0.8661984 -0.4994917 0.996771 -0.04077041 0.06917625 0.3135653 0.3495127 0.882903 0.3189624 -0.9378656 -0.1366426 0.7552336 -0.6091337 0.2420299 0.3972114 0.7317291 -0.5538914 0.8519123 0.3716787 -0.368918 -0.6256594 -0.7797427 0.02348738 0.2652431 -0.8359332 0.4804808 -0.2823728 0.9167085 0.2826855 0.3548384 -0.2223218 0.9081095 0.1027176 -0.9763181 -0.1904 0.2100598 -0.9761675 -0.05451685 -0.4686925 -0.05257654 0.8817955 -0.159292 0.5890154 0.7922671 0.7547572 0.1810551 0.6305243 0.8709315 -0.3614503 -0.3329147 -0.9520008 -0.229619 0.2024099 -0.9881337 0.1338203 0.07539165 -0.6933462 -0.4543158 -0.5593463 -0.9349675 -0.2491268 -0.2525303 0.5227153 0.4904015 0.6973344 0.2711296 -0.03552317 0.9618872 0.1454637 -0.03372049 -0.9887888 -0.3124382 -0.8314993 -0.4593381 0.9932978 -0.05452859 -0.1019119 0.953454 -0.0544086 -0.2965893 0.290694 -0.04875868 -0.955573 0.02131372 -0.3453835 -0.9382197 0.002388119 0.9321888 0.3619645 0.2691655 0.8108902 0.5196222 0.04463398 -0.781621 0.6221548 0.1762075 -0.8237895 0.5388152 2.11105e-4 0.0405671 -0.9991768 0.1725444 0.9532777 0.247972 0.1158792 -0.5140386 0.8499038 0.4449968 -0.6864094 0.5751696 -0.01127856 0.1433283 -0.989611 0.9867791 0.1217495 -0.1069772 0.03483009 0.4433249 0.8956841 0.3953415 0.3850681 0.8339231 -0.7933368 0.2152941 -0.5694428 -0.4454026 -0.1550232 -0.8818075 -0.004279851 -0.9802436 0.1977478 -0.7968394 -0.5220543 -0.3041484 -0.6045839 0.5754253 -0.550785 -0.4169881 0.3689255 0.8306715 0.9835321 -0.0366317 -0.176983 0.9056509 -0.2793531 -0.3189958 -0.7349172 -0.6422296 0.2178023 -0.2333561 -0.04733651 0.9712385 -0.3091835 0.02914011 -0.9505559 -0.1765662 0.7284014 0.662009 0.9839953 0.09587252 0.1502054 0.8500556 -0.5251461 0.04033654 0.3925497 0.7390577 -0.5474474 0.4017885 0.9140501 -0.05548375 -0.4836775 0.2217735 0.8466833 -0.1045939 0.2728647 0.9563499 0.8489561 -0.2277323 -0.476877 0.1789407 0.3036966 -0.9358144 0.3073338 0.8983722 0.3138046 -0.1824022 0.8856453 -0.4270384 -0.4112896 0.01240718 -0.9114204 -0.04551827 -0.1792771 -0.9827451 0.46726 -0.6417146 0.6081698 0.8956906 -0.2404783 0.3740437 0.145065 0.4381002 -0.887144 -0.4281679 -0.4335978 -0.7928841 0.1627397 -0.9440779 0.286763 0.9503366 -0.1645686 0.2641549 -0.4038327 0.3716692 0.8359314 -0.9181307 0.3914478 -0.06168204 0.3339117 -0.09024274 -0.9382746 -0.3423 0.4707763 -0.8131423 0.419857 0.1429154 -0.8962674 -0.6892236 -0.0449928 -0.7231505 0.3467814 0.15044 0.9258027 0.2286834 0.888316 -0.3982443 -0.8225693 -0.364545 0.436448 -0.2351521 -0.6206496 -0.7479957 -0.3968786 -0.107578 -0.9115452 0.4831515 -0.1054375 -0.8691649 0.4744393 0.4903542 0.7310678 0.07346826 -0.2610793 0.9625176 -0.03214168 0.2210267 0.974738 0.04215764 0.1614325 0.9859829 -0.06659919 0.9036951 0.4229655 -0.6079082 0.3928549 -0.6900092 -0.5542238 -0.08375257 -0.8281434 -0.9230123 -0.06454849 -0.3793178 -0.5370932 -0.2659391 0.8005045 -0.5073224 -0.2503154 0.8246006 -0.5645021 -0.8187726 0.1046378 -0.4419656 -0.5036889 -0.7422695 -0.07094931 0.1004972 -0.9924044 -0.654051 0.6259987 -0.4246681 -0.1515096 0.9481418 0.2794138 -0.06613427 0.2265253 0.9717575 0.6212997 0.2729641 -0.7344912 0.6442798 0.2603838 -0.7190994 -0.1954277 -0.3184422 -0.9275789 -0.9549907 -0.1053488 0.2772984 0.22255 -0.3700337 0.9019682 0.4405732 0.6024001 0.6655894 -0.09687 0.8688077 -0.4855813 -0.09630775 0.8541346 -0.5110568 -0.9778989 0.2085101 -0.01540923 -0.8986279 -0.05561459 -0.4351723 0.1463062 -0.7731692 -0.6170932 0.330658 -0.8156254 0.4747847 -0.2149327 0.09687358 0.9718126 -0.1784034 0.133395 0.9748734 -0.1347607 0.3989862 -0.9070004 -0.1549514 0.7640408 -0.6262841 0.5385761 0.4302956 0.724418 0.3461055 -0.06358838 0.9360383 -0.2731859 -0.3922297 -0.8783652 -0.9458687 -0.2192234 0.2393193 -0.9689671 -0.2471834 0.001747071 -0.981316 0.1660248 0.09723526 0.747518 -0.6531004 -0.1211481 0.8391262 -0.5249758 0.1423648 0.5334452 -0.1334716 0.8352375 0.01122069 -0.1727322 0.984905 -0.8612331 -0.4937233 0.1204778 -0.3019611 0.3023076 -0.9041182 0.9508572 0.3078429 0.03321903 0.6598144 0.6369048 0.3987448 -0.748317 -0.629413 -0.2094299 -0.6933085 -0.6716963 -0.2610509 0.1927152 0.223295 -0.9555105 0.7326419 0.2742609 -0.62291 -0.2403091 0.7901425 0.5638496 0.4642761 0.3293688 0.8221703 0.5902981 0.6992445 0.4032436 0.6355351 0.7515381 0.1768777 -0.2411442 0.9683876 0.06383526 -0.7755343 0.4523654 -0.4403547 -0.9677646 0.1336122 -0.2134938 -0.9813689 0.165129 0.09822255 0.5017991 -0.5792469 -0.6423946 0.4305157 -0.9005945 0.05988198 0.3796139 0.8832756 0.2751683 0.2470425 0.9690036 -0.001401841 0.3565467 -0.2012674 -0.9123409 0.5260102 -0.3442078 -0.777711 0.6389302 -0.3564614 -0.6816917 0.7990972 -0.5158988 -0.3086941 -0.07929265 -0.9314318 -0.3551727 0.1226893 -0.9448087 0.3037827 0.4071452 -0.6465819 -0.6451083 0.9973068 0.01513952 -0.07176369 0.04011642 -0.2522556 -0.9668288 -0.131286 -0.1811926 -0.9746452 -0.9066022 0.08558756 -0.4132159 -0.2360365 0.09696191 0.9668946 -0.2570044 0.2404434 0.9360212 -0.4621984 -0.3780089 0.8021733 0.3664889 0.006111681 0.9304023 0.8758341 0.4706388 -0.1068357 0.9850997 0.1604766 -0.06185334 0.9508146 -0.1783127 0.2532913 -0.6889262 0.02943736 -0.7242335 -0.3758427 -0.1102493 -0.9201018 -0.1531401 0.4130889 0.8977226 -0.8448602 -0.388563 -0.3677366 -0.5635064 -0.7349207 -0.3772957 -0.7087899 -0.6563608 -0.2584714 0.4244665 0.8828306 -0.2010927 0.7090926 0.4891046 0.5079022 0.2506041 0.1144703 -0.9612982 -0.5393027 0.2560029 -0.8022564 -0.9704016 -0.2413944 0.007048666 -0.728587 -0.6849186 -0.00690943 -0.4253548 -0.3941306 -0.8146989 -0.6613796 -0.7380906 -0.1334138 0.5381163 0.1818197 -0.8230264 0.6699276 -0.459792 -0.5829137 0.1670693 0.9279448 0.3331761 0.3338096 0.6386871 0.6932893 0.338787 0.7423714 0.5780208 -0.06768286 0.260223 -0.9631735 -0.5826424 0.6499185 0.4879896 -0.5070451 0.6791488 0.5307187 0.9053196 -0.3653947 0.2165254 0.747667 -0.2459282 0.6168578 -0.4543555 -0.8854105 -0.09802806 0.06514257 -0.3810468 -0.922258 0.403822 0.8110759 0.4231827 0.2165606 0.8780874 0.4266898 -0.6410117 0.7362843 0.2167705 0.2556534 0.2860017 0.9234958 -0.3294095 -0.001543402 -0.9441859 -0.5392555 0.1897596 -0.8204845 -0.2404317 0.8745265 -0.4211843 -0.2624324 0.1779512 0.9484 0.8877615 0.2798979 -0.3654266 0.636177 0.6405131 0.4301417 0.006977856 0.2953503 -0.9553636 0.2781124 0.8839328 0.3759205 0.2881919 -0.04399138 -0.9565617 0.2989468 -0.1497294 -0.94245 -0.7715667 -0.5102707 0.3798801 -0.5244051 0.19769 0.8282017 -0.3538954 -0.9269944 -0.1242563 -0.3030549 -0.6020449 -0.7387149 -0.8972116 0.3381148 -0.2840594 -0.7872834 0.6149965 -0.0443204 0.6824698 0.6872056 -0.248965 0.5467401 0.01504027 0.8371674 -0.1818823 0.3074259 -0.934028 0.133767 0.3707414 -0.9190524 -0.3976645 -0.7286228 0.5576484 -0.1916888 0.7022154 0.6856741 -0.08775395 -0.3983356 0.9130323 0.01574116 -0.5497868 0.8351567 -0.591919 0.01512485 -0.8058557 -0.9918001 -0.1219264 0.03829753 0.2519193 0.076375 -0.9647299 0.5816903 -0.1672784 -0.7960243 -0.5531559 -0.7298797 0.4016145 -0.6098044 -0.620839 0.4926435 -0.8122765 0.5289445 0.2458147 -0.9756748 0.1728279 -0.134868 -0.1254169 0.9872244 0.09827905 -0.2479848 0.9505726 0.186856 0.3362908 -0.7702239 -0.5419074 0.04160904 -0.8684169 -0.4940857 -0.4140114 0.02665245 0.9098814 0.1421904 0.312816 0.9391102 0.4410021 -0.1844184 -0.8783547 0.9385157 -0.1173698 0.3246731 0.131075 0.9703894 -0.2028889 0.2722325 0.9560339 -0.109035 0.918768 -0.2275265 0.3226407 0.9643428 -0.1175632 0.2371115 -0.5564087 -0.4131286 -0.7209259 -0.9601236 0.1324681 -0.2462009 -0.3364335 -0.7789888 -0.52914 -0.2694225 -0.9432825 0.1939842 0.2605018 0.6266497 -0.734472 0.2506164 0.967813 0.02301174 -0.3228437 -0.2930135 0.8999529 -0.3143651 -0.2274721 0.9216458 0.3191908 -0.9245099 0.2083236 0.7238408 -0.2713823 -0.6343548 0.9540162 -0.08939611 0.2861143 0.9246033 -0.2022174 0.3228263 -0.03461188 0.956463 -0.2897939 -0.5564211 0.8117983 0.1771414 0.1831294 0.2236981 -0.9572998 -0.4153283 0.2255852 -0.8812569 0.0256316 -0.05804347 -0.997985 -0.5718998 -0.8146672 -0.09616678 0.1913419 0.8915556 0.4105084 0.6399382 -0.0390833 0.7674318 0.9574301 -0.1963475 -0.2116017 0.5884436 -0.7059624 -0.3941463 -0.0851109 0.209478 -0.9741022 -0.3911293 0.6028019 0.6954479 0.4846159 0.3476592 -0.8026708 0.2859055 0.2422978 -0.9271191 -0.8900963 -0.01213145 -0.4556111 -0.6128431 0.789618 -0.03044348 0.9443457 0.08500087 -0.3177832 0.01252859 -0.3114393 0.9501835 -0.8147188 -0.1753322 0.5527133 -0.7812691 -0.4545934 0.4277423 -0.07648968 -0.6505603 -0.755593 -0.1625716 -0.9804772 -0.1106122 -0.1060684 0.8744098 0.4734522 -0.2159054 -0.08010208 -0.9731231 0.03596436 0.944085 0.3277351 0.3216446 0.9437975 -0.07609927 -0.5785864 -0.8152399 -0.02493953 -0.1772314 -0.8648393 -0.4697256 -0.8839364 -0.4284724 0.1872643 -0.8428804 0.02972513 0.5372794 0.0542674 -0.5172588 0.8541068 0.2059305 -0.5166133 0.8310857 0.8429026 0.04241424 0.5363919 0.2860299 0.5498752 -0.7847446 0.4625954 0.8120728 0.3557294 -0.1542593 0.9757004 -0.1556047 -0.09219038 -0.1782023 -0.9796657 0.03835058 -0.4425235 -0.8959365 -0.03487867 -0.419106 -0.9072672 -0.06396853 -0.8299397 -0.5541735 -0.2518267 -0.2213549 0.9421175 -0.2515321 -0.2242134 0.94152 -0.8274782 0.001210331 0.5614966 -0.9136412 -0.01877093 0.4060883 -0.7016386 0.7086195 0.07457745 -0.5564646 0.8118277 0.1768698 0.144797 0.9377232 0.3157674 0.5439038 0.8385816 -0.03081649 0.5794289 0.4409874 -0.685414 0.2523302 0.7186093 -0.6480203 -0.3310929 -0.1971353 0.9227759 -0.07332623 -0.4894407 0.8689483 0.6063202 -0.2538576 -0.7536129 0.1910187 -0.002899467 -0.9815822 -0.6394858 0.7062122 0.303846 -0.9370465 -0.04159408 -0.3467184 -0.1363906 -0.906338 0.3999366 0.5259507 -0.6946737 -0.4907183 -0.8824627 -0.1522018 0.4450778 -0.7869977 0.1019015 0.6084822 0.1467678 0.806518 0.5727023 0.3689908 0.6510762 0.663284 0.5829877 -0.2649433 -0.7680694 0.8705266 -0.4916548 0.0214262 -0.3168467 -0.293339 0.9019759 0.1868924 0.246271 0.951011 0.2922196 -0.2213166 -0.9303906 0.3665388 -0.1410138 -0.9196546 0.04723477 0.9705904 0.2360577 0.04962193 0.9906198 -0.1273194 -0.9316326 0.328015 -0.1564191 -0.9185473 -0.1530197 0.364494 -0.2239851 -0.2772096 0.934337 -0.1140438 -0.3104025 0.9437395 0.5819033 -0.120889 -0.8042228 0.9555976 -0.277862 -0.0981121 0.9001804 0.08499705 -0.4271427 0.7486993 0.4792309 0.4580251 0.01163536 -0.2215571 0.9750781 0.1473826 0.09709042 0.9843027 -0.2830464 -0.05849713 0.9573207 0.1372845 -0.9878747 -0.07250273 0.103811 -0.1525644 -0.9828262 0.6715087 -0.6177773 0.4091787 -0.8011122 0.5309203 -0.2763024 -0.6975474 0.1570896 -0.6991069 -0.3111138 -0.8129581 0.4922472 0.05059838 -0.9825356 0.1790634 0.9488468 -0.1928836 0.2499713 0.9084463 -0.2957128 0.2954307 -0.2706463 0.0377354 -0.961939 -0.1424455 -0.07276904 -0.9871242 0.4264222 -0.1399112 0.8936381 0.3681594 0.167074 0.9146283 4.26922e-5 0.9711797 -0.2383489 0.1251838 0.9863316 -0.1071411 -0.3202763 -0.8148108 0.4832253 -0.2096528 -0.2305248 0.9502126 -0.9116213 -0.4107034 0.01640951 -0.8996083 -0.4364815 0.01374483 0.8266326 0.04710805 -0.5607668 0.9009012 0.2950466 -0.3183153 0.04866236 -0.3325878 -0.941816 -0.2246862 -0.3060342 -0.9251266 0.6700315 -0.3613004 -0.6484751 0.4578418 0.1562953 -0.8751873 0.04653328 0.4793472 0.8763909 -0.7301958 0.6444191 0.2270205 0.9539175 -0.08935278 0.2864572 0.9541633 -0.2618836 0.1448779 0.6893255 0.3146935 0.6525323 0.1029531 0.9893387 0.1030037 -0.4075877 -0.4496022 -0.7948147 -0.1340545 -0.8969456 -0.421329 -0.06941246 0.1860249 0.9800902 -0.08492261 0.1494788 0.9851113 -0.4633655 0.2852014 0.8390188 0.1920545 0.09986907 0.9762896 -0.7872593 -0.5882558 -0.1848732 -0.790618 -0.5966596 -0.1375524 0.8625769 0.3923947 -0.319355 0.8690655 -0.1580011 -0.4687866 0.2964159 0.6058632 -0.7382869 0.2298128 0.1056655 -0.9674817 -0.05170601 -0.1016196 -0.9934787 0.9915922 -0.07342296 -0.1065549 -0.4238586 -0.8241079 -0.3757528 -0.1338258 -0.7822453 0.6084267 -0.5729222 0.7886003 0.2233152 0.147841 0.9853324 0.08522468 -0.8484102 -0.3241416 0.4184882 0.1193664 -0.3323615 0.935568 0.2586112 0.7327943 -0.6293908 0.2079076 0.6492508 -0.7316064 0.9514631 -0.03811132 -0.3053942 0.9202169 -0.1205236 -0.372391 -0.4173301 -0.8772306 0.2372811 -0.5952869 -0.7708792 0.2266693 -0.6908717 -0.3023167 0.6567351 -0.06150233 -0.9923489 -0.1070573 0.7653734 -0.6131434 0.1955989 0.5790744 -0.7170772 0.3879088 0.7163916 0.3270152 0.616315 0.587804 0.6850785 -0.4302953 -0.4761679 0.2326056 0.8480323 -0.6710955 0.05502647 0.7393261 0.0552982 -0.6693158 -0.7409173 -0.3036664 -0.8249248 -0.4767453 -0.6018245 0.7643173 0.2315737 -0.5728013 0.7884318 0.2242192 0.3140877 0.1762645 0.9328879 0.3223223 0.154523 0.9339331 0.6333259 0.1480881 0.7595843 0.6364814 0.2082265 0.7426528 -0.06472444 -0.8209246 0.5673567 0.120778 0.3408837 0.9323148 -0.06335216 0.0635702 -0.9959646 0.003191947 0.7354598 -0.6775609 0.9653441 0.1130288 -0.2352348 0.9211484 0.2168779 -0.3231866 -0.1449544 0.06125897 -0.9875401 0.8178502 0.3868993 0.4259462 -0.01750391 -0.04751908 0.998717 -0.3600294 0.901043 0.2418685 0.4005604 0.7766071 0.4862434 0.9005734 0.3830876 0.2054548 -0.9056565 -0.2118508 -0.3672951 -0.9267613 -0.006083548 -0.3756014 0.4358691 -0.6092787 0.662418 0.7292742 6.91836e-4 0.6842213 0.2639766 -0.05724179 -0.962829 0.2110223 -0.01176655 -0.9774105 -0.9568943 -0.2660204 0.1165614 -0.652287 -0.5048775 0.5653498 0.349964 -0.75426 0.5555332 0.7548251 -0.6070589 0.2484327 0.5340108 0.2621834 -0.8037987 -0.06455111 0.5479633 -0.834008 -0.1548497 0.01354771 -0.9878452 -0.7810974 -0.6121612 -0.1230673 0.6618431 -0.7496183 -0.006014406 0.7631794 -0.6461376 0.007965445 0.06225532 -0.9697469 0.2360411 -0.1089345 -0.9432814 0.3136137 -0.6266262 -0.7763264 -0.06824278 -0.9026327 -0.4089655 -0.1341701 0.3879291 0.05934661 -0.9197767 0.4303387 0.01244485 -0.9025818 0.2465908 -0.01162606 0.96905 0.2537689 0.4239698 0.8693969 -0.4404164 0.6425058 -0.6270724 -0.06253254 0.8148319 -0.576315 0.1036087 0.2024182 0.9738029 -0.5060939 0.2108293 0.8363135 -0.2561103 -0.8563032 0.4485003 -0.1883212 -0.8899127 0.4154402 -0.2400353 -0.1118807 0.9642955 -0.2926422 -0.1828079 0.938585 0.3096365 -0.1384314 -0.9407242 0.4517654 0.05170279 -0.8906373 0.5220729 0.8212822 -0.2300776 0.1178697 0.9886848 0.09278553 -0.7388347 0.1675369 -0.6527287 -0.7105953 0.2643957 -0.6520348 0.5606451 -0.003917455 0.828047 0.5893577 -0.4079348 0.697314 0.5440368 0.1867665 -0.8180113 0.3872966 0.9195047 -0.06717556 -0.188162 -0.2447018 -0.9511656 -0.318292 -0.9301306 0.1831594 -0.05715483 -0.9210607 0.3852022 -0.3215329 -0.8708766 0.3717399 -0.1020977 0.801305 0.5894798 0.08936923 0.8239124 0.5596264 -0.8914431 0.1422888 -0.4302129 -0.6352941 0.6288948 -0.4482107 0.6525641 -0.6280069 0.42399 -0.2278807 0.2194832 0.9486293 -0.5882393 -0.3688877 -0.7196503 0.0761407 0.10515 -0.9915372 -0.4269142 -0.0370205 -0.9035342 -0.1895012 -0.01277822 -0.9817974 0.8981595 -0.3075722 -0.3141799 0.9114831 -0.2170825 -0.3493907 0.06924647 0.1773804 -0.9817032 -0.7161091 0.159309 -0.6795649 0.7800878 0.301491 -0.5482393 -0.1470751 0.3622485 -0.9204048 -0.4405606 -0.02084749 0.8974807 -0.01382941 -0.5136638 0.8578801 0.3737925 0.2305779 -0.8983948 0.2380138 0.9652916 0.1075251 0.2474461 0.9557123 0.1593251 0.2115086 0.7369248 0.6420328 0.5670151 0.4595399 -0.683606 0.04547697 -0.8175331 -0.5740832 0.4970703 0.8544444 0.1511494 0.4501505 0.7711441 0.4502239 -0.3073633 0.08427846 0.9478529 0.5349541 -0.128534 0.8350468 0.9115284 -0.1301259 -0.390107 0.8435484 -0.2868545 -0.4540272 -0.3565636 -0.624459 -0.6949196 -0.8424757 -0.1023055 -0.5289314 0.06038254 -0.9628925 -0.263044 0.2229999 -0.9494547 0.2209231 -0.5506654 -0.04710334 -0.833396 0.7857385 0.0723682 -0.6143111 -0.1407645 -0.2551347 0.9566043 -0.1447652 -0.2526878 0.9566566 0.4630947 0.02743697 0.8858841 -0.4199328 -0.1591847 0.8934857 0.9688828 -0.02988094 -0.2457096 0.979918 -0.1118786 -0.1650575 0.2039455 -0.381658 0.9015228 -0.6177524 0.2436549 0.7476726 -0.01021373 0.7460376 -0.6658256 -0.6632124 0.4393404 -0.6059121 0.2168193 -0.9483365 0.231619 -0.06445658 -0.990406 0.1222345 0.1430826 -0.9882384 -0.05396604 0.3086481 -0.9276037 -0.2104465 0.3438411 -0.2989684 0.8901636 0.5866174 -0.3523961 0.7291757 0.6729758 -0.3548417 -0.6489923 0.7200202 -0.3236908 -0.6138365 0.5822785 -0.6827386 0.441384 0.3058513 -0.8600721 0.4083273 0.1992364 -0.1068351 -0.9741104 0.8898677 -0.1148996 -0.4415128 -0.5756605 -0.3356853 0.7456074 0.1071836 0.5596352 0.8217788 0.006323099 0.1091779 0.9940022 0.2897897 0.06625503 0.9547944 0.5077308 0.4715063 -0.721035 0.3967494 0.3639916 0.8426744 -0.2604774 0.07650983 -0.9624437 -0.5984522 -0.05633234 -0.7991757 -0.9436077 -0.320714 0.08214175 -0.644167 -0.3667263 0.6712382 -0.6319137 -0.6044744 0.485073 -0.8738926 -0.1940401 0.4457131 0.6745645 -0.6119045 -0.4129597 0.8885385 -0.4552707 0.05681633 0.7039046 -0.356936 0.6140969 -0.4386396 0.2336918 0.8677462 0.2065563 -0.1430556 0.9679203 0.2066227 0.1979212 0.9581933 -0.6223924 -0.0071823 -0.7826725 -0.3847244 -0.235435 -0.8925008 0.1196814 -0.3065481 -0.9443012 0.712248 0.6802619 0.1730508 -0.9053052 0.170282 0.3891359 -0.04892629 -0.01475334 0.9986934 0.6114104 0.3448975 0.7121959 0.4224421 0.2988083 0.8557199 0.3990139 0.239715 0.8850563 0.8383779 0.3675463 0.4025326 0.9565213 -0.2909522 -0.02034515 0.5341553 -0.8182478 -0.2124823 -0.746728 0.3863113 -0.5414435 0.5181632 -0.519417 -0.6794946 0.53017 -0.3716475 0.7621011 -0.2821902 -0.4110921 0.8668172 -0.2363207 0.4638816 -0.8537954 -0.4504635 -0.5444665 -0.7075584 -0.3752313 -0.7042678 0.6026678 -0.3513672 -0.7174453 0.6015093 0.02333068 0.9932479 0.113642 -0.02914381 0.1415753 0.9894985 0.5655202 -0.3770992 -0.7334734 0.5519605 -0.3699948 -0.7472908 0.04758793 0.483391 -0.8741102 -0.428624 0.1466958 -0.8914942 -0.4503559 -0.4172623 0.789349 -0.5892461 0.269449 0.7616996 -0.1652474 0.593137 0.7879605 -0.09934186 0.5772243 0.8105204 0.1425952 -0.2102616 0.9671901 0.1595517 -0.2104478 0.9644973 0.07617962 -0.7569305 -0.64904 0.09131669 -0.9152003 -0.3925174 -0.1972452 -0.5302731 0.8245634 0.2412778 0.2435213 0.9394053 0.02361541 -0.5808387 -0.8136761 0.1951829 -0.5819338 -0.789466 -0.773194 -0.09405034 0.6271569 -0.4392275 -0.1965837 0.8766038 0.9903384 -0.1140843 0.07883346 0.2900276 -0.01834362 0.9568426 0.1177896 -0.5755918 0.8092094 0.04388821 -0.3627046 0.9308701 -0.2192692 -0.845252 -0.487309 0.2564103 0.3614462 -0.8964433 0.9574187 0.2740637 0.0907669 0.1033971 0.3470739 -0.9321207 0.1962805 0.2330117 0.9524597 -0.05952662 -0.02300107 0.9979618 -0.9732139 -0.03816938 0.2267111 -0.5547043 0.8264475 0.09637326 0.1270036 -0.1218608 0.9843882 0.4608857 0.01409095 0.8873477 -0.1013197 0.9501334 -0.294925 -0.4976052 0.4664412 -0.7313152 0.2452734 0.3896026 -0.8877223 0.5136281 0.4138929 -0.7515844 -0.9023731 -0.2163634 -0.372706 -0.4596471 0.442121 -0.7702297 0.530429 -0.6619617 0.5295771 0.662872 -0.3779273 0.6463526 -0.9742221 0.1290113 -0.1850606 -0.9704777 0.1514258 -0.1877323 0.04869478 0.03967744 0.9980254 0.2786647 0.5064057 0.8160267 0.8015003 0.1213275 -0.5855569 0.7273509 -0.5638076 -0.3912565 -0.1686477 -0.1401599 -0.9756605 -0.1904068 -0.1352058 -0.9723501 -0.8136237 -0.0339902 0.5803975 -0.8155818 -0.04590094 0.5768184 -0.4570525 -0.6638632 0.5919364 0.4291198 0.2907575 0.8551703 0.2621987 -0.1095457 -0.9587761 -0.4161563 0.4706121 -0.7780349 0.4059651 0.2569212 -0.8770314 -0.806633 0.01951843 -0.5907304 0.01236885 -0.3535056 0.9353507 -0.08406692 -0.3314434 0.9397224 -0.5727141 0.4350898 -0.694763 -0.726215 0.02505981 -0.6870108 0.2288308 -0.66456 0.7113344 0.01468813 0.1996618 0.9797549 -0.8488429 -0.2590064 -0.4608488 -0.4836382 -0.5370705 -0.6911219 -0.6620393 0.6777822 -0.3198677 -0.2792734 0.8127108 -0.5113781 0.05256533 0.523258 0.8505517 -0.6309123 0.5442454 0.5529435 -0.1225513 -0.1622403 0.9791115 -0.29545 -0.1603737 0.9418013 0.4461794 0.4155246 0.7926307 -0.7196335 0.06948941 0.6908683 0.06817865 0.1856865 -0.980241 0.8113999 -0.5551118 -0.1829786 -0.9171959 0.1704919 -0.3601168 -0.9092258 0.20774 -0.360767 -0.1565189 0.5818384 -0.7981016 -0.3904609 0.5232365 -0.757472 -0.7700015 0.1297276 0.6247146 0.1127082 -0.4097449 0.9052105 0.5170778 -0.441913 0.7330372 -0.284657 -0.4201861 0.8616346 -0.4466247 0.09746176 -0.8893973 -0.4397963 -0.3796249 -0.8139191 0.2300333 0.3360384 0.9133252 -0.04883414 0.1618537 0.9856058 0.1838214 0.5270914 -0.8296893 -0.6973872 0.2588195 -0.6683291 -0.7193612 -0.4401943 0.5373533 0.5500074 0.6887949 0.4722854 -0.347651 0.4841379 -0.8029628 -0.5158151 0.4328734 -0.7392939 0.09685039 -0.6385414 -0.763469 -0.2137869 -0.3237701 -0.9216659 0.4004797 0.2557195 0.8798999 0.05287706 0.4895363 0.8703783 0.4365618 -0.08693856 0.8954639 0.6564533 -0.3927898 0.6440383 0.001370549 0.001014232 -0.9999986 -0.3210622 0.009630739 -0.9470092 0.1921404 -0.4624462 -0.8655782 0.2941598 -0.8533529 -0.4304171 0.1783516 0.5599356 0.8091124 0.4269077 0.3399812 0.8379514 0.04295557 -0.7289434 0.683225 -0.4136421 -0.4501825 0.7913507 0.7421328 -0.380423 0.551831 -0.04193162 -0.9447346 0.3251435 -0.8750208 0.02349615 -0.483515 -0.4906985 -0.8393301 -0.2339658 0.03117907 0.2524005 0.9671204 0.4409763 -0.1713368 0.8810129 0.8746369 0.317844 -0.3660404 0.3632974 -0.6169842 -0.6981014 -0.3619489 0.08667999 0.9281593 -0.6441937 0.5555695 0.5256968 -0.2873722 0.7750724 0.5627433 -0.137218 0.7410751 0.6572511 -0.7615045 -0.006043314 0.6481315 0.6493303 -0.3174397 0.6910878 -0.9270906 -0.223931 -0.300596 -0.9448903 -0.1538532 -0.2889835 0.6536973 -0.6917087 -0.3069511 -0.3534823 -0.2632697 -0.8976299 0.4551761 -0.03658115 -0.8896497 -0.5904288 -0.3351671 -0.734205 0.8044352 0.05713331 0.5912867 0.6752047 0.6009886 0.4276815 -0.03464645 0.4519155 0.8913878 -0.3327404 0.5682197 0.7526022 -0.01374918 -0.974274 0.2249469 0.2205228 -0.9350046 0.2777341 0 0 1 -0.540587 -0.8407419 -0.03031092 -0.5403071 -0.8409322 -0.03002226 -0.5403251 -0.8409202 -0.03003734 -0.5405993 -0.8407341 -0.03031164 -0.9594991 0.04059511 -0.2787715 -0.9595869 0.04022324 -0.2785233 -0.9595773 0.04024213 -0.2785538 -0.9594936 0.04062682 -0.2787862 -0.4390223 0.8548409 -0.2765979 -0.4393 0.8547307 -0.2764979 -0.439261 0.8547428 -0.2765226 -0.4388718 0.8548967 -0.2766642 0.4406196 -0.8649576 0.2402142 0.4408749 -0.8647575 0.2404654 0.4408827 -0.8647596 0.240444 0.4405958 -0.8649733 0.2402014 -2.19524e-6 0 1 -0.5230488 -0.815824 -0.2466804 -0.5228971 -0.8159653 -0.2465347 -0.5229105 -0.8159486 -0.2465618 -0.5231719 -0.815705 -0.246813 0.5299308 0.8249211 0.1966686 0.5297503 0.8250145 0.1967629 0.5299071 0.824934 0.1966785 0.5300986 0.8248341 0.196581 0.980621 -0.05554556 0.1878753 0.9806001 -0.05531823 0.1880519 0.9806188 -0.05549275 0.1879023 0.9806382 -0.05570894 0.1877377 0.455886 -0.8889951 -0.04307866 0.4561803 -0.8888587 -0.04277706 0.4561603 -0.8888682 -0.04279351 0.4558532 -0.8890104 -0.04310709 1.09762e-6 0 1 -2.19523e-6 0 1 0.5645595 0.8215754 -0.07928818 0.5644055 0.8216906 -0.07919031 0.5645452 0.8215849 -0.07929122 0.5647146 0.8214574 -0.07940626 0.9970251 -0.07083809 -0.03038024 0.9970424 -0.07063591 -0.03028184 0.9970282 -0.07080018 -0.03036618 0.997008 -0.07103157 -0.03049087 -0.9963503 0.07086426 -0.04758673 -0.9963691 0.07067781 -0.04746949 -0.9963533 0.07083064 -0.04757326 -0.9963302 0.07105684 -0.04771959 -0.4387962 0.8944954 -0.08565169 -0.4390207 0.8943988 -0.0855093 -0.4389647 0.8944228 -0.08554488 -0.438633 0.8945654 -0.08575403</float_array>
          <technique_common>
            <accessor source="#Object_0-mesh-normals-array" count="772" stride="3">
              <param name="X" type="float"/>
              <param name="Y" type="float"/>
              <param name="Z" type="float"/>
            </accessor>
          </technique_common>
        </source>
        <source id="Object_0-mesh-map-0">
          <float_array id="Object_0-mesh-map-0-array" count="4536">0.693192 1.646357 0.736587 1.64735 0.73339 1.734666 0.608591 1.229615 0.554213 1.18754 0.609101 1.185503 0.97311 1.255781 0.934764 1.268526 0.912592 1.196713 0.20655 1.573059 0.264285 1.54714 0.246413 1.576646 0.601732 1.442594 0.571393 1.393627 0.623699 1.410423 0.407017 1.712027 0.375787 1.719662 0.373776 1.651671 0.729892 1.247559 0.712117 1.295086 0.699521 1.27259 0.675986 1.793807 0.705352 1.822359 0.666481 1.877772 0.552141 1.241654 0.498925 1.150579 0.554213 1.18754 0.42182 1.548126 0.4024 1.53663 0.429095 1.50798 0.314272 1.939474 0.258605 1.916985 0.249496 1.855166 0.251274 1.086947 0.197025 1.107428 0.227679 1.055441 0.47047 1.810194 0.560424 1.749745 0.537705 1.789809 0.693192 1.646357 0.693551 1.576042 0.736587 1.64735 0.717668 1.193136 0.729892 1.247559 0.708798 1.220784 0.741286 1.034477 0.774383 1.120795 0.731904 1.076254 0.38605 1.563864 0.4024 1.53663 0.42182 1.548126 0.537705 1.789809 0.560424 1.749745 0.618958 1.704231 0.555646 1.944596 0.604139 1.887363 0.574295 1.973612 0.949847 1.539366 0.922612 1.605593 0.911306 1.520221 0.07667899 1.466744 0.117971 1.451475 0.09912699 1.514506 0.163352 1.451808 0.211833 1.410646 0.273742 1.413746 0.600621 1.757544 0.618958 1.704231 0.658813 1.680924 0.675986 1.793807 0.691494 1.727904 0.705352 1.822359 0.2009969 1.929355 0.173934 1.838533 0.210054 1.888233 0.323096 1.627731 0.297569 1.65276 0.293637 1.623702 0.283837 1.12846 0.197025 1.107428 0.251274 1.086947 0.439091 1.896883 0.548912 1.841011 0.515558 1.886297 0.559599 1.547943 0.554067 1.440466 0.580771 1.485141 0.62272 1.645907 0.653613 1.550534 0.658948 1.611329 0.790174 1.387049 0.732805 1.413392 0.761033 1.375974 0.268437 1.779524 0.24901 1.755355 0.271645 1.732374 0.97311 1.255781 0.991058 1.336412 0.934764 1.268526 0.818511 1.314054 0.790174 1.387049 0.794471 1.339996 0.537705 1.789809 0.618958 1.704231 0.600621 1.757544 0.599845 1.835695 0.63053 1.794044 0.640251 1.83807 0.498925 1.150579 0.493588 1.106402 0.552013 1.146374 0.333836 1.125338 0.283837 1.12846 0.251274 1.086947 0.202235 1.707447 0.194608 1.665677 0.227272 1.653929 0.24901 1.755355 0.234937 1.721848 0.255165 1.704794 0.369715 1.093837 0.311615 1.081578 0.364731 1.05277 0.311615 1.081578 0.297583 1.048059 0.364731 1.05277 0.1965669 1.619504 0.20655 1.573059 0.246413 1.576646 0.09912699 1.514506 0.117971 1.451475 0.163352 1.451808 0.140954 1.923195 0.1548939 1.874124 0.2009969 1.929355 0.922612 1.605593 0.882535 1.58491 0.911306 1.520221 0.117971 1.451475 0.211833 1.410646 0.163352 1.451808 0.571393 1.393627 0.591798 1.355501 0.623699 1.410423 0.493588 1.106402 0.522604 1.071219 0.57549 1.119955 0.868834 1.053717 0.841105 1.084678 0.793726 1.030588 0.206116 1.836213 0.184448 1.792729 0.2055619 1.752782 0.170534 1.739596 0.162699 1.688043 0.194608 1.665677 0.421799 1.299771 0.375696 1.224002 0.411465 1.245524 0.448043 1.168026 0.369715 1.093837 0.436151 1.120808 0.604139 1.887363 0.628413 1.922973 0.574295 1.973612 0.146105 1.993883 0.09541499 1.940266 0.186019 1.971657 0.375696 1.224002 0.289954 1.168661 0.340899 1.169029 0.411465 1.245524 0.375696 1.224002 0.340899 1.169029 0.04243397 1.590474 0.05598098 1.525683 0.080302 1.569931 0.08562499 1.706234 0.07869595 1.632308 0.119252 1.610585 0.867855 1.175994 0.885216 1.238699 0.851755 1.269551 0.885216 1.238699 0.852945 1.327916 0.851755 1.269551 0.517607 1.703506 0.567164 1.599365 0.573419 1.649794 0.62272 1.645907 0.616002 1.58617 0.653613 1.550534 0.851755 1.269551 0.852945 1.327916 0.822168 1.368439 0.946331 1.408757 0.935978 1.459198 0.902772 1.421508 0.43483 1.623328 0.464765 1.627774 0.471443 1.655429 0.237525 1.295627 0.2223899 1.316226 0.20127 1.291941 0.747055 1.28102 0.763701 1.315714 0.720167 1.315527 0.761033 1.375974 0.732805 1.413392 0.709637 1.390677 0.420636 1.628041 0.411613 1.666235 0.373776 1.651671 0.446735 1.658033 0.440201 1.658816 0.420636 1.628041 0.912592 1.196713 0.885216 1.238699 0.867855 1.175994 0.868834 1.053717 0.918221 1.1183 0.841105 1.084678 0.616002 1.58617 0.636014 1.497727 0.653613 1.550534 0.05598098 1.525683 0.07667899 1.466744 0.09912699 1.514506 0.05654197 1.147149 0.04654598 1.115666 0.1053439 1.070289 0.392986 1.923586 0.515558 1.886297 0.470212 1.929197 0.883972 1.135887 0.867855 1.175994 0.833147 1.127107 0.731904 1.076254 0.774383 1.120795 0.764724 1.179283 0.464765 1.627774 0.453695 1.599455 0.484608 1.599131 0.567164 1.599365 0.559599 1.547943 0.580771 1.485141 0.14414 1.123481 0.087062 1.153281 0.107772 1.102743 0.197025 1.107428 0.164844 1.073342 0.227679 1.055441 0.100874 1.867046 0.06741398 1.798987 0.12011 1.816064 0.02106297 1.742715 0.004392981 1.653274 0.05365699 1.729977 0.687951 1.157799 0.717668 1.193136 0.708798 1.220784 0.246413 1.576646 0.264285 1.54714 0.287287 1.57124 0.392986 1.923586 0.439091 1.896883 0.515558 1.886297 0.336156 1.209449 0.298508 1.210805 0.242871 1.17738 0.691494 1.727904 0.693192 1.646357 0.73339 1.734666 0.658948 1.611329 0.693551 1.576042 0.693192 1.646357 0.485055 1.34703 0.468251 1.231239 0.506205 1.268625 0.474055 1.499524 0.439911 1.472429 0.413108 1.399724 0.935978 1.459198 0.886635 1.466569 0.902772 1.421508 0.886635 1.466569 0.810986 1.528632 0.827664 1.472771 0.433317 1.748774 0.466664 1.755416 0.451083 1.782339 0.512118 1.744463 0.517607 1.703506 0.573419 1.649794 0.945027 1.343777 0.905828 1.366264 0.904143 1.30949 0.946331 1.408757 0.902772 1.421508 0.905828 1.366264 0.05598098 1.525683 0.09912699 1.514506 0.080302 1.569931 0.123822 1.555361 0.136837 1.502874 0.19488 1.486642 0.258551 1.219579 0.156663 1.230462 0.196874 1.194713 0.360778 1.851546 0.386875 1.824957 0.43337 1.833646 0.41841 1.800571 0.49999 1.78292 0.47047 1.810194 0.451083 1.782339 0.466664 1.755416 0.512118 1.744463 0.144221 1.785297 0.162699 1.688043 0.170534 1.739596 0.06741398 1.798987 0.096605 1.764545 0.12011 1.816064 0.506205 1.268625 0.468251 1.231239 0.448043 1.168026 0.468251 1.231239 0.39135 1.142362 0.448043 1.168026 0.466664 1.755416 0.517607 1.703506 0.512118 1.744463 0.443785 1.730461 0.478709 1.727687 0.466664 1.755416 0.2539 1.813263 0.24901 1.755355 0.268437 1.779524 0.314272 1.939474 0.249496 1.855166 0.300512 1.872786 0.123822 1.555361 0.19488 1.486642 0.174652 1.528347 0.174652 1.528347 0.19488 1.486642 0.2432129 1.481763 0.573419 1.649794 0.567164 1.599365 0.59605 1.534156 0.567164 1.599365 0.580771 1.485141 0.59605 1.534156 0.59605 1.534156 0.601732 1.442594 0.636014 1.497727 0.601732 1.442594 0.623699 1.410423 0.661112 1.467897 0.226893 1.449211 0.321463 1.427601 0.27854 1.449304 0.646981 1.135202 0.687951 1.157799 0.682532 1.189365 0.369715 1.093837 0.364731 1.05277 0.435111 1.075384 0.435111 1.075384 0.364731 1.05277 0.460783 1.031606 0.503374 1.632197 0.508566 1.538659 0.525059 1.575671 0.525059 1.575671 0.508566 1.538659 0.519304 1.46578 0.07869595 1.632308 0.123822 1.555361 0.119252 1.610585 0.119252 1.610585 0.123822 1.555361 0.174652 1.528347 0.515558 1.886297 0.548912 1.841011 0.599845 1.835695 0.548912 1.841011 0.63053 1.794044 0.599845 1.835695 0.508566 1.538659 0.465632 1.422421 0.519304 1.46578 0.605798 1.280888 0.552141 1.241654 0.554213 1.18754 0.732805 1.413392 0.709364 1.44615 0.690865 1.415975 0.293641 1.824537 0.2539 1.813263 0.268437 1.779524 0.618958 1.704231 0.658948 1.611329 0.658813 1.680924 0.658813 1.680924 0.658948 1.611329 0.693192 1.646357 0.542862 1.515266 0.519304 1.46578 0.519474 1.388423 0.519304 1.46578 0.46691 1.337081 0.519474 1.388423 0.336156 1.209449 0.242871 1.17738 0.289954 1.168661 0.289954 1.168661 0.242871 1.17738 0.183264 1.151449 0.774383 1.120795 0.795295 1.219164 0.764724 1.179283 0.764724 1.179283 0.795295 1.219164 0.77017 1.252879 0.560424 1.749745 0.62272 1.645907 0.618958 1.704231 0.618958 1.704231 0.62272 1.645907 0.658948 1.611329 0.184448 1.792729 0.202235 1.707447 0.2055619 1.752782 0.2055619 1.752782 0.202235 1.707447 0.228236 1.687469 0.440728 1.27194 0.387752 1.182107 0.43108 1.20321 0.46981 1.308726 0.440728 1.27194 0.43108 1.20321 0.793726 1.030588 0.78991 1.081494 0.741286 1.034477 0.535051 1.33546 0.557373 1.291559 0.591798 1.355501 0.945027 1.343777 0.946331 1.408757 0.905828 1.366264 0.227679 1.055441 0.164844 1.073342 0.228522 1.016088 0.339154 1.772545 0.315678 1.765465 0.341201 1.735001 0.632635 1.323948 0.647669 1.289891 0.667704 1.29877 0.421799 1.299771 0.385641 1.274437 0.375696 1.224002 0.282508 1.274428 0.261076 1.252352 0.296952 1.243023 0.604139 1.887363 0.640251 1.83807 0.628413 1.922973 0.060938 1.891607 0.02890294 1.834447 0.100874 1.867046 0.554213 1.18754 0.498925 1.150579 0.552013 1.146374 0.554213 1.18754 0.552013 1.146374 0.609101 1.185503 0.49999 1.78292 0.567271 1.702922 0.560424 1.749745 0.47047 1.810194 0.49999 1.78292 0.560424 1.749745 0.295194 1.75202 0.295847 1.715916 0.32116 1.725678 0.30435 1.673903 0.284811 1.697806 0.271235 1.681066 0.060938 1.891607 0.100874 1.867046 0.140954 1.923195 0.140954 1.923195 0.100874 1.867046 0.1548939 1.874124 0.07869595 1.632308 0.080302 1.569931 0.123822 1.555361 0.080302 1.569931 0.136837 1.502874 0.123822 1.555361 0.542862 1.515266 0.519474 1.388423 0.554067 1.440466 0.571393 1.393627 0.535051 1.33546 0.591798 1.355501 0.251274 1.086947 0.227679 1.055441 0.297583 1.048059 0.227679 1.055441 0.228522 1.016088 0.306319 1.003555 0.560424 1.749745 0.567271 1.702922 0.62272 1.645907 0.567271 1.702922 0.616002 1.58617 0.62272 1.645907 0.296952 1.243023 0.22207 1.232674 0.258551 1.219579 0.258551 1.219579 0.22207 1.232674 0.156663 1.230462 0.333836 1.125338 0.251274 1.086947 0.311615 1.081578 0.311615 1.081578 0.251274 1.086947 0.297583 1.048059 0.833147 1.127107 0.837585 1.214631 0.808754 1.163449 0.808754 1.163449 0.837585 1.214631 0.816254 1.263844 0.255217 1.278927 0.237525 1.295627 0.229622 1.26732 0.237525 1.295627 0.20127 1.291941 0.229622 1.26732 0.519304 1.46578 0.465632 1.422421 0.46691 1.337081 0.535477 1.315521 0.501097 1.200252 0.552141 1.241654 0.136837 1.502874 0.226893 1.449211 0.19488 1.486642 0.19488 1.486642 0.226893 1.449211 0.27854 1.449304 0.795295 1.219164 0.786999 1.296907 0.77017 1.252879 0.77017 1.252879 0.786999 1.296907 0.763701 1.315714 0.173934 1.838533 0.144221 1.785297 0.170534 1.739596 0.100874 1.867046 0.12011 1.816064 0.1548939 1.874124 0.515558 1.886297 0.599845 1.835695 0.566202 1.891716 0.470212 1.929197 0.515558 1.886297 0.566202 1.891716 0.394791 1.309642 0.385641 1.274437 0.421799 1.299771 0.365618 1.297613 0.342541 1.279565 0.358033 1.252832 0.136837 1.502874 0.163352 1.451808 0.226893 1.449211 0.163352 1.451808 0.273742 1.413746 0.226893 1.449211 0.501097 1.200252 0.436151 1.120808 0.498925 1.150579 0.552141 1.241654 0.501097 1.200252 0.498925 1.150579 0.173934 1.838533 0.170534 1.739596 0.184448 1.792729 0.210054 1.888233 0.173934 1.838533 0.184448 1.792729 0.363988 1.317056 0.343686 1.309931 0.365618 1.297613 0.369939 1.326674 0.363939 1.348691 0.33961 1.331089 0.793726 1.030588 0.841105 1.084678 0.78991 1.081494 0.78991 1.081494 0.833147 1.127107 0.808754 1.163449 0.506205 1.268625 0.448043 1.168026 0.501097 1.200252 0.501097 1.200252 0.448043 1.168026 0.436151 1.120808 0.183264 1.151449 0.087062 1.153281 0.14414 1.123481 0.232128 1.140709 0.183264 1.151449 0.14414 1.123481 0.12011 1.816064 0.096605 1.764545 0.125584 1.733315 0.08562499 1.706234 0.119252 1.610585 0.1209689 1.680312 0.517607 1.703506 0.524771 1.663551 0.567164 1.599365 0.524771 1.663551 0.559599 1.547943 0.567164 1.599365 0.080302 1.569931 0.09912699 1.514506 0.136837 1.502874 0.09912699 1.514506 0.163352 1.451808 0.136837 1.502874 0.911306 1.520221 0.882535 1.58491 0.864202 1.524778 0.25396 1.967711 0.2009969 1.929355 0.210054 1.888233 0.43108 1.20321 0.387752 1.182107 0.333836 1.125338 0.387752 1.182107 0.283837 1.12846 0.333836 1.125338 0.63053 1.794044 0.675986 1.793807 0.640251 1.83807 0.643454 1.74638 0.691494 1.727904 0.675986 1.793807 0.119252 1.610585 0.174652 1.528347 0.161756 1.578762 0.1209689 1.680312 0.119252 1.610585 0.161756 1.578762 0.573419 1.649794 0.59605 1.534156 0.616002 1.58617 0.616002 1.58617 0.59605 1.534156 0.636014 1.497727 0.1209689 1.680312 0.161756 1.578762 0.164135 1.636632 0.164135 1.636632 0.161756 1.578762 0.20655 1.573059 0.258605 1.916985 0.206116 1.836213 0.249496 1.855166 0.249496 1.855166 0.206116 1.836213 0.222298 1.792188 0.577325 1.800963 0.643454 1.74638 0.63053 1.794044 0.63053 1.794044 0.643454 1.74638 0.675986 1.793807 0.340899 1.169029 0.289954 1.168661 0.232128 1.140709 0.289954 1.168661 0.183264 1.151449 0.232128 1.140709 0.226893 1.449211 0.273742 1.413746 0.321463 1.427601 0.682782 1.114283 0.717668 1.193136 0.687951 1.157799 0.883972 1.135887 0.912592 1.196713 0.867855 1.175994 0.435111 1.075384 0.460783 1.031606 0.522604 1.071219 0.580771 1.485141 0.571393 1.393627 0.601732 1.442594 0.59605 1.534156 0.580771 1.485141 0.601732 1.442594 0.210054 1.888233 0.184448 1.792729 0.206116 1.836213 0.258605 1.916985 0.210054 1.888233 0.206116 1.836213 0.600621 1.757544 0.658813 1.680924 0.643454 1.74638 0.577325 1.800963 0.600621 1.757544 0.643454 1.74638 0.650975 1.169104 0.663884 1.214265 0.631849 1.205029 0.323096 1.627731 0.320782 1.581386 0.34576 1.598071 0.852945 1.327916 0.809434 1.419691 0.822168 1.368439 0.822168 1.368439 0.809434 1.419691 0.769791 1.42914 0.474055 1.499524 0.413108 1.399724 0.465632 1.422421 0.535477 1.315521 0.506205 1.268625 0.501097 1.200252 0.340899 1.169029 0.232128 1.140709 0.283837 1.12846 0.283837 1.12846 0.232128 1.140709 0.197025 1.107428 0.841105 1.084678 0.883972 1.135887 0.833147 1.127107 0.841105 1.084678 0.833147 1.127107 0.78991 1.081494 0.580771 1.485141 0.554067 1.440466 0.571393 1.393627 0.554067 1.440466 0.535051 1.33546 0.571393 1.393627 0.693551 1.576042 0.731798 1.578078 0.736587 1.64735 0.04243397 1.590474 0.080302 1.569931 0.07869595 1.632308 0.991058 1.336412 0.983525 1.414578 0.945027 1.343777 0.991058 1.336412 0.945027 1.343777 0.934764 1.268526 0.647737 1.359007 0.670413 1.347901 0.677916 1.38098 0.769052 1.345601 0.719247 1.359905 0.730929 1.335998 0.364999 1.879099 0.477869 1.86081 0.439091 1.896883 0.439091 1.896883 0.477869 1.86081 0.548912 1.841011 0.04190695 1.661472 0.04243397 1.590474 0.07869595 1.632308 0.04190695 1.661472 0.07869595 1.632308 0.08562499 1.706234 0.886635 1.466569 0.864202 1.524778 0.810986 1.528632 0.25396 1.967711 0.210054 1.888233 0.258605 1.916985 0.605798 1.280888 0.554213 1.18754 0.608591 1.229615 0.554067 1.440466 0.519474 1.388423 0.535051 1.33546 0.43108 1.20321 0.333836 1.125338 0.39135 1.142362 0.39135 1.142362 0.333836 1.125338 0.311615 1.081578 0.512118 1.744463 0.573419 1.649794 0.567271 1.702922 0.567271 1.702922 0.573419 1.649794 0.616002 1.58617 0.837585 1.214631 0.818511 1.314054 0.816254 1.263844 0.816254 1.263844 0.818511 1.314054 0.794471 1.339996 0.296952 1.243023 0.261076 1.252352 0.22207 1.232674 0.261076 1.252352 0.189739 1.254944 0.22207 1.232674 0.949847 1.539366 0.911306 1.520221 0.935978 1.459198 0.14414 1.123481 0.107772 1.102743 0.164844 1.073342 0.658948 1.611329 0.653613 1.550534 0.693551 1.576042 0.693551 1.576042 0.685646 1.519974 0.731798 1.578078 0.360778 1.851546 0.43337 1.833646 0.402785 1.864014 0.402785 1.864014 0.43337 1.833646 0.510375 1.825229 0.46981 1.308726 0.43108 1.20321 0.468251 1.231239 0.468251 1.231239 0.43108 1.20321 0.39135 1.142362 0.318463 1.695013 0.32116 1.725678 0.295847 1.715916 0.632635 1.323948 0.670413 1.347901 0.647737 1.359007 0.164844 1.073342 0.107772 1.102743 0.1641629 1.036874 0.164844 1.073342 0.1641629 1.036874 0.228522 1.016088 0.536246 1.620899 0.542862 1.515266 0.559599 1.547943 0.559599 1.547943 0.542862 1.515266 0.554067 1.440466 0.477869 1.86081 0.577325 1.800963 0.548912 1.841011 0.548912 1.841011 0.577325 1.800963 0.63053 1.794044 0.636014 1.497727 0.601732 1.442594 0.661112 1.467897 0.636014 1.497727 0.661112 1.467897 0.685646 1.519974 0.846935 1.422933 0.765744 1.503559 0.785178 1.455375 0.858923 1.38346 0.846935 1.422933 0.785178 1.455375 0.741286 1.034477 0.78991 1.081494 0.774383 1.120795 0.78991 1.081494 0.808754 1.163449 0.774383 1.120795 0.385641 1.274437 0.336156 1.209449 0.375696 1.224002 0.375696 1.224002 0.336156 1.209449 0.289954 1.168661 0.536246 1.620899 0.525059 1.575671 0.542862 1.515266 0.525059 1.575671 0.519304 1.46578 0.542862 1.515266 0.643454 1.74638 0.658813 1.680924 0.691494 1.727904 0.658813 1.680924 0.693192 1.646357 0.691494 1.727904 0.498925 1.150579 0.436151 1.120808 0.493588 1.106402 0.493588 1.106402 0.435111 1.075384 0.522604 1.071219 0.161235 1.358344 0.209358 1.307158 0.215798 1.356884 0.11383 1.407386 0.161235 1.358344 0.1681039 1.405205 0.904143 1.30949 0.905828 1.366264 0.858923 1.38346 0.905828 1.366264 0.846935 1.422933 0.858923 1.38346 0.477869 1.86081 0.510375 1.825229 0.577325 1.800963 0.510375 1.825229 0.600621 1.757544 0.577325 1.800963 0.184448 1.792729 0.170534 1.739596 0.202235 1.707447 0.170534 1.739596 0.194608 1.665677 0.202235 1.707447 0.469781 1.564327 0.439911 1.472429 0.474055 1.499524 0.503374 1.632197 0.484608 1.599131 0.508566 1.538659 0.411465 1.245524 0.340899 1.169029 0.387752 1.182107 0.387752 1.182107 0.340899 1.169029 0.283837 1.12846 0.904143 1.30949 0.858923 1.38346 0.852945 1.327916 0.852945 1.327916 0.858923 1.38346 0.809434 1.419691 0.161235 1.358344 0.215798 1.356884 0.1681039 1.405205 0.1681039 1.405205 0.215798 1.356884 0.258623 1.366764 0.653613 1.550534 0.636014 1.497727 0.685646 1.519974 0.653613 1.550534 0.685646 1.519974 0.693551 1.576042 0.691494 1.727904 0.73339 1.734666 0.705352 1.822359 0.02106297 1.742715 0.05365699 1.729977 0.06741398 1.798987 0.457226 1.705356 0.466673 1.685889 0.492199 1.702839 0.466673 1.685889 0.506977 1.670716 0.492199 1.702839 0.833147 1.127107 0.867855 1.175994 0.837585 1.214631 0.867855 1.175994 0.851755 1.269551 0.837585 1.214631 0.407017 1.712027 0.373776 1.651671 0.411613 1.666235 0.440201 1.658816 0.466673 1.685889 0.457226 1.705356 0.161756 1.578762 0.174652 1.528347 0.2187899 1.526943 0.174652 1.528347 0.2432129 1.481763 0.2187899 1.526943 0.837585 1.214631 0.851755 1.269551 0.818511 1.314054 0.851755 1.269551 0.822168 1.368439 0.818511 1.314054 0.117971 1.451475 0.1681039 1.405205 0.211833 1.410646 0.1681039 1.405205 0.258623 1.366764 0.211833 1.410646 0.02890294 1.834447 0.02106297 1.742715 0.06741398 1.798987 0.02890294 1.834447 0.06741398 1.798987 0.100874 1.867046 0.232128 1.140709 0.14414 1.123481 0.197025 1.107428 0.197025 1.107428 0.14414 1.123481 0.164844 1.073342 0.650975 1.169104 0.682532 1.189365 0.663884 1.214265 0.708798 1.220784 0.729892 1.247559 0.699521 1.27259 0.385641 1.274437 0.358033 1.252832 0.336156 1.209449 0.358033 1.252832 0.298508 1.210805 0.336156 1.209449 0.096605 1.764545 0.1209689 1.680312 0.125584 1.733315 0.125584 1.733315 0.1209689 1.680312 0.164135 1.636632 0.07667899 1.466744 0.11383 1.407386 0.117971 1.451475 0.11383 1.407386 0.1681039 1.405205 0.117971 1.451475 0.353451 1.876244 0.293641 1.824537 0.331223 1.837298 0.331223 1.837298 0.293641 1.824537 0.293974 1.79427 0.242871 1.17738 0.129398 1.171785 0.183264 1.151449 0.183264 1.151449 0.129398 1.171785 0.087062 1.153281 0.451083 1.782339 0.512118 1.744463 0.49999 1.78292 0.49999 1.78292 0.512118 1.744463 0.567271 1.702922 0.300512 1.872786 0.249496 1.855166 0.2539 1.813263 0.249496 1.855166 0.222298 1.792188 0.2539 1.813263 0.774383 1.120795 0.808754 1.163449 0.795295 1.219164 0.808754 1.163449 0.816254 1.263844 0.795295 1.219164 0.298508 1.210805 0.196874 1.194713 0.242871 1.17738 0.242871 1.17738 0.196874 1.194713 0.129398 1.171785 0.469781 1.564327 0.451569 1.534228 0.439911 1.472429 0.451532 1.367946 0.440728 1.27194 0.46981 1.308726 0.912592 1.196713 0.934764 1.268526 0.885216 1.238699 0.934764 1.268526 0.945027 1.343777 0.904143 1.30949 0.186019 1.971657 0.140954 1.923195 0.2009969 1.929355 0.186019 1.971657 0.2009969 1.929355 0.25396 1.967711 0.453695 1.599455 0.469781 1.564327 0.484608 1.599131 0.484608 1.599131 0.469781 1.564327 0.474055 1.499524 0.222298 1.792188 0.234937 1.721848 0.24901 1.755355 0.2539 1.813263 0.222298 1.792188 0.24901 1.755355 0.125584 1.733315 0.164135 1.636632 0.162699 1.688043 0.144221 1.785297 0.125584 1.733315 0.162699 1.688043 0.934764 1.268526 0.904143 1.30949 0.885216 1.238699 0.885216 1.238699 0.904143 1.30949 0.852945 1.327916 0.82028 1.003396 0.868834 1.053717 0.793726 1.030588 0.177049 1.284523 0.209358 1.307158 0.161235 1.358344 0.566202 1.891716 0.599845 1.835695 0.604139 1.887363 0.599845 1.835695 0.640251 1.83807 0.604139 1.887363 0.484608 1.599131 0.474055 1.499524 0.508566 1.538659 0.508566 1.538659 0.474055 1.499524 0.465632 1.422421 0.425296 1.714215 0.433318 1.680952 0.443785 1.730461 0.433317 1.748774 0.443785 1.730461 0.466664 1.755416 0.162699 1.688043 0.164135 1.636632 0.1965669 1.619504 0.164135 1.636632 0.20655 1.573059 0.1965669 1.619504 0.935978 1.459198 0.911306 1.520221 0.886635 1.466569 0.911306 1.520221 0.864202 1.524778 0.886635 1.466569 0.1548939 1.874124 0.12011 1.816064 0.144221 1.785297 0.12011 1.816064 0.125584 1.733315 0.144221 1.785297 0.285855 1.299116 0.314583 1.327922 0.270773 1.325807 0.363988 1.317056 0.33961 1.331089 0.343686 1.309931 0.211833 1.410646 0.258623 1.366764 0.317685 1.390262 0.731904 1.076254 0.764724 1.179283 0.732548 1.139141 0.30435 1.673903 0.271235 1.681066 0.27454 1.668713 0.202235 1.707447 0.227272 1.653929 0.228236 1.687469 0.211833 1.410646 0.317685 1.390262 0.273742 1.413746 0.682782 1.114283 0.732548 1.139141 0.717668 1.193136 0.09541499 1.940266 0.060938 1.891607 0.140954 1.923195 0.09541499 1.940266 0.140954 1.923195 0.186019 1.971657 0.420636 1.628041 0.373776 1.651671 0.395096 1.612445 0.43483 1.623328 0.422794 1.604309 0.464765 1.627774 0.412791 1.768149 0.451083 1.782339 0.41841 1.800571 0.41841 1.800571 0.451083 1.782339 0.49999 1.78292 0.732548 1.139141 0.748277 1.218958 0.717668 1.193136 0.717668 1.193136 0.748277 1.218958 0.729892 1.247559 0.008195996 1.58054 0.01344799 1.516802 0.04243397 1.590474 0.008195996 1.58054 0.04243397 1.590474 0.04190695 1.661472 0.262526 1.627353 0.293637 1.623702 0.274814 1.644459 0.246463 1.679435 0.250685 1.655357 0.27454 1.668713 0.492199 1.702839 0.506977 1.670716 0.536246 1.620899 0.506977 1.670716 0.525059 1.575671 0.536246 1.620899 0.470212 1.929197 0.566202 1.891716 0.520329 1.940515 0.566202 1.891716 0.604139 1.887363 0.555646 1.944596 0.918221 1.1183 0.952117 1.18559 0.883972 1.135887 0.918221 1.1183 0.883972 1.135887 0.841105 1.084678 0.732548 1.139141 0.764724 1.179283 0.748277 1.218958 0.764724 1.179283 0.77017 1.252879 0.748277 1.218958 0.818511 1.314054 0.822168 1.368439 0.790174 1.387049 0.822168 1.368439 0.769791 1.42914 0.790174 1.387049 0.466664 1.755416 0.478709 1.727687 0.517607 1.703506 0.478709 1.727687 0.524771 1.663551 0.517607 1.703506 0.687951 1.157799 0.708798 1.220784 0.682532 1.189365 0.682532 1.189365 0.708798 1.220784 0.686264 1.236151 0.39135 1.142362 0.311615 1.081578 0.369715 1.093837 0.448043 1.168026 0.39135 1.142362 0.369715 1.093837 0.685646 1.519974 0.661112 1.467897 0.720957 1.518959 0.685646 1.519974 0.720957 1.518959 0.731798 1.578078 0.161756 1.578762 0.2187899 1.526943 0.20655 1.573059 0.20655 1.573059 0.2187899 1.526943 0.264285 1.54714 0.2009969 1.929355 0.1548939 1.874124 0.173934 1.838533 0.1548939 1.874124 0.144221 1.785297 0.173934 1.838533 0.748277 1.218958 0.747055 1.28102 0.729892 1.247559 0.729892 1.247559 0.747055 1.28102 0.712117 1.295086 0.492199 1.702839 0.536246 1.620899 0.524771 1.663551 0.524771 1.663551 0.536246 1.620899 0.559599 1.547943 0.353451 1.876244 0.300512 1.872786 0.293641 1.824537 0.300512 1.872786 0.2539 1.813263 0.293641 1.824537 0.43337 1.833646 0.537705 1.789809 0.510375 1.825229 0.510375 1.825229 0.537705 1.789809 0.600621 1.757544 0.262526 1.627353 0.272964 1.600635 0.293637 1.623702 0.194608 1.665677 0.229782 1.61864 0.227272 1.653929 0.640251 1.83807 0.675986 1.793807 0.666481 1.877772 0.640251 1.83807 0.666481 1.877772 0.628413 1.922973 0.129736 1.331148 0.177049 1.284523 0.161235 1.358344 0.129736 1.331148 0.161235 1.358344 0.11383 1.407386 0.902772 1.421508 0.886635 1.466569 0.827664 1.472771 0.846935 1.422933 0.827664 1.472771 0.765744 1.503559 0.364999 1.879099 0.402785 1.864014 0.477869 1.86081 0.402785 1.864014 0.510375 1.825229 0.477869 1.86081 0.2187899 1.526943 0.2432129 1.481763 0.283552 1.503405 0.646981 1.135202 0.682532 1.189365 0.650975 1.169104 0.786999 1.296907 0.794471 1.339996 0.769052 1.345601 0.794471 1.339996 0.790174 1.387049 0.761033 1.375974 0.255217 1.278927 0.229622 1.26732 0.261076 1.252352 0.261076 1.252352 0.229622 1.26732 0.189739 1.254944 0.440515 1.333242 0.411465 1.245524 0.440728 1.27194 0.440728 1.27194 0.411465 1.245524 0.387752 1.182107 0.983525 1.414578 0.971879 1.478938 0.946331 1.408757 0.983525 1.414578 0.946331 1.408757 0.945027 1.343777 0.748277 1.218958 0.77017 1.252879 0.747055 1.28102 0.77017 1.252879 0.763701 1.315714 0.747055 1.28102 0.552013 1.146374 0.493588 1.106402 0.57549 1.119955 0.552013 1.146374 0.57549 1.119955 0.630027 1.153724 0.365618 1.297613 0.358033 1.252832 0.385641 1.274437 0.394791 1.309642 0.365618 1.297613 0.385641 1.274437 0.162699 1.688043 0.1965669 1.619504 0.194608 1.665677 0.194608 1.665677 0.1965669 1.619504 0.229782 1.61864 0.01344799 1.516802 0.04109996 1.450587 0.05598098 1.525683 0.01344799 1.516802 0.05598098 1.525683 0.04243397 1.590474 0.19488 1.486642 0.27854 1.449304 0.2432129 1.481763 0.2432129 1.481763 0.27854 1.449304 0.312301 1.473883 0.436151 1.120808 0.369715 1.093837 0.435111 1.075384 0.436151 1.120808 0.435111 1.075384 0.493588 1.106402 0.790174 1.387049 0.769791 1.42914 0.732805 1.413392 0.769791 1.42914 0.709364 1.44615 0.732805 1.413392 0.369939 1.326674 0.386233 1.344964 0.363939 1.348691 0.363988 1.317056 0.365618 1.297613 0.394791 1.309642 0.06741398 1.798987 0.05365699 1.729977 0.096605 1.764545 0.05365699 1.729977 0.04190695 1.661472 0.08562499 1.706234 0.07675898 1.381135 0.129736 1.331148 0.11383 1.407386 0.07675898 1.381135 0.11383 1.407386 0.07667899 1.466744 0.344772 1.655602 0.30435 1.673903 0.297569 1.65276 0.344772 1.655602 0.354024 1.695462 0.318463 1.695013 0.425296 1.714215 0.443785 1.730461 0.433317 1.748774 0.417684 1.744022 0.39189 1.745864 0.407017 1.712027 0.342541 1.279565 0.328315 1.247173 0.358033 1.252832 0.358033 1.252832 0.328315 1.247173 0.298508 1.210805 0.952117 1.18559 0.97311 1.255781 0.912592 1.196713 0.952117 1.18559 0.912592 1.196713 0.883972 1.135887 0.004392981 1.653274 0.008195996 1.58054 0.04190695 1.661472 0.004392981 1.653274 0.04190695 1.661472 0.05365699 1.729977 0.04109996 1.450587 0.07675898 1.381135 0.07667899 1.466744 0.04109996 1.450587 0.07667899 1.466744 0.05598098 1.525683 0.794471 1.339996 0.761033 1.375974 0.769052 1.345601 0.769052 1.345601 0.761033 1.375974 0.719247 1.359905 0.342541 1.279565 0.314193 1.269514 0.328315 1.247173 0.285855 1.299116 0.313674 1.299245 0.314583 1.327922 0.451569 1.534228 0.403213 1.454657 0.439911 1.472429 0.485055 1.34703 0.46981 1.308726 0.468251 1.231239 0.905828 1.366264 0.902772 1.421508 0.846935 1.422933 0.902772 1.421508 0.827664 1.472771 0.846935 1.422933 0.420678 1.369564 0.440515 1.333242 0.451532 1.367946 0.451532 1.367946 0.440515 1.333242 0.440728 1.27194 0.232071 1.333273 0.2223899 1.316226 0.237525 1.295627 0.39189 1.745864 0.375787 1.719662 0.407017 1.712027 0.647737 1.359007 0.677916 1.38098 0.660904 1.394362 0.354024 1.695462 0.32116 1.725678 0.318463 1.695013 0.471443 1.655429 0.503374 1.632197 0.506977 1.670716 0.506977 1.670716 0.503374 1.632197 0.525059 1.575671 0.05365699 1.729977 0.08562499 1.706234 0.096605 1.764545 0.096605 1.764545 0.08562499 1.706234 0.1209689 1.680312 0.248 1.309878 0.265125 1.358125 0.232071 1.333273 0.270853 1.290152 0.270773 1.325807 0.248 1.309878 0.206116 1.836213 0.2055619 1.752782 0.222298 1.792188 0.222298 1.792188 0.2055619 1.752782 0.234937 1.721848 0.761033 1.375974 0.709637 1.390677 0.719247 1.359905 0.690865 1.415975 0.660904 1.394362 0.677916 1.38098 0.107772 1.102743 0.05654197 1.147149 0.1053439 1.070289 0.107772 1.102743 0.1053439 1.070289 0.1641629 1.036874 0.270773 1.325807 0.314583 1.327922 0.319934 1.37104 0.33961 1.331089 0.363939 1.348691 0.319934 1.37104 0.328315 1.247173 0.258551 1.219579 0.298508 1.210805 0.298508 1.210805 0.258551 1.219579 0.196874 1.194713 0.446735 1.658033 0.420636 1.628041 0.43483 1.623328 0.43483 1.623328 0.420636 1.628041 0.395096 1.612445 0.858923 1.38346 0.785178 1.455375 0.809434 1.419691 0.809434 1.419691 0.785178 1.455375 0.739548 1.457451 0.315678 1.765465 0.32116 1.725678 0.341201 1.735001 0.354024 1.695462 0.341201 1.735001 0.32116 1.725678 0.520329 1.940515 0.566202 1.891716 0.555646 1.944596 0.087062 1.153281 0.05654197 1.147149 0.107772 1.102743 0.632635 1.323948 0.622952 1.27714 0.647669 1.289891 0.682532 1.189365 0.686264 1.236151 0.663884 1.214265 0.453695 1.599455 0.439356 1.57409 0.469781 1.564327 0.439356 1.57409 0.451569 1.534228 0.469781 1.564327 0.364731 1.05277 0.297583 1.048059 0.388111 1.014299 0.364731 1.05277 0.388111 1.014299 0.460783 1.031606 0.795295 1.219164 0.816254 1.263844 0.786999 1.296907 0.816254 1.263844 0.794471 1.339996 0.786999 1.296907 0.732805 1.413392 0.690865 1.415975 0.709637 1.390677 0.709637 1.390677 0.690865 1.415975 0.677916 1.38098 0.433318 1.680952 0.457226 1.705356 0.443785 1.730461 0.443785 1.730461 0.457226 1.705356 0.478709 1.727687 0.297583 1.048059 0.227679 1.055441 0.306319 1.003555 0.297583 1.048059 0.306319 1.003555 0.388111 1.014299 0.386875 1.824957 0.47047 1.810194 0.43337 1.833646 0.43337 1.833646 0.47047 1.810194 0.537705 1.789809 0.344772 1.655602 0.297569 1.65276 0.323096 1.627731 0.344772 1.655602 0.323096 1.627731 0.34576 1.598071 0.293641 1.824537 0.268437 1.779524 0.293974 1.79427 0.268437 1.779524 0.271645 1.732374 0.295194 1.75202 0.457226 1.705356 0.492199 1.702839 0.478709 1.727687 0.478709 1.727687 0.492199 1.702839 0.524771 1.663551 0.411458 1.340073 0.421799 1.299771 0.440515 1.333242 0.440515 1.333242 0.421799 1.299771 0.411465 1.245524 0.2432129 1.481763 0.312301 1.473883 0.283552 1.503405 0.283552 1.503405 0.312301 1.473883 0.33194 1.516726 0.609101 1.185503 0.552013 1.146374 0.630027 1.153724 0.557373 1.291559 0.597844 1.284387 0.623833 1.342824 0.389144 1.788985 0.41841 1.800571 0.386875 1.824957 0.386875 1.824957 0.41841 1.800571 0.47047 1.810194 0.632635 1.323948 0.667704 1.29877 0.669579 1.326549 0.763701 1.315714 0.730929 1.335998 0.720167 1.315527 0.324448 1.805827 0.315678 1.765465 0.339154 1.772545 0.293974 1.79427 0.268437 1.779524 0.295194 1.75202 0.409229 1.584744 0.395096 1.612445 0.379083 1.590617 0.379083 1.590617 0.395096 1.612445 0.373776 1.651671 0.412791 1.768149 0.433317 1.748774 0.451083 1.782339 0.39189 1.745864 0.417684 1.744022 0.412791 1.768149 0.1965669 1.619504 0.246413 1.576646 0.229782 1.61864 0.229782 1.61864 0.272964 1.600635 0.262526 1.627353 0.669579 1.326549 0.690479 1.305549 0.697643 1.322704 0.669579 1.326549 0.697643 1.322704 0.693523 1.343837 0.24901 1.755355 0.255165 1.704794 0.271645 1.732374 0.318463 1.695013 0.295847 1.715916 0.284811 1.697806 0.971879 1.478938 0.949847 1.539366 0.935978 1.459198 0.971879 1.478938 0.935978 1.459198 0.946331 1.408757 0.440201 1.658816 0.411613 1.666235 0.420636 1.628041 0.425296 1.714215 0.411613 1.666235 0.433318 1.680952 0.719247 1.359905 0.709637 1.390677 0.692298 1.371167 0.670413 1.347901 0.693523 1.343837 0.692298 1.371167 0.420678 1.369564 0.411458 1.340073 0.440515 1.333242 0.386233 1.344964 0.369939 1.326674 0.411458 1.340073 0.663884 1.214265 0.659852 1.25451 0.637258 1.244377 0.631849 1.205029 0.663884 1.214265 0.637258 1.244377 0.2055619 1.752782 0.228236 1.687469 0.234937 1.721848 0.234937 1.721848 0.246463 1.679435 0.255165 1.704794 0.417684 1.744022 0.407017 1.712027 0.425296 1.714215 0.425296 1.714215 0.407017 1.712027 0.411613 1.666235 0.343686 1.309931 0.342541 1.279565 0.365618 1.297613 0.313674 1.299245 0.314193 1.269514 0.342541 1.279565 0.647669 1.289891 0.676534 1.279966 0.667704 1.29877 0.663884 1.214265 0.686264 1.236151 0.659852 1.25451 0.234937 1.721848 0.228236 1.687469 0.246463 1.679435 0.228236 1.687469 0.250685 1.655357 0.246463 1.679435 0.331223 1.837298 0.293974 1.79427 0.324448 1.805827 0.324448 1.805827 0.293974 1.79427 0.315678 1.765465 0.314193 1.269514 0.296952 1.243023 0.328315 1.247173 0.328315 1.247173 0.296952 1.243023 0.258551 1.219579 0.719247 1.359905 0.692298 1.371167 0.693523 1.343837 0.730929 1.335998 0.719247 1.359905 0.693523 1.343837 0.381666 1.768995 0.39189 1.745864 0.389144 1.788985 0.39189 1.745864 0.381666 1.768995 0.375787 1.719662 0.272964 1.600635 0.287287 1.57124 0.305541 1.602486 0.631849 1.205029 0.637258 1.244377 0.621859 1.234514 0.809434 1.419691 0.739548 1.457451 0.769791 1.42914 0.769791 1.42914 0.739548 1.457451 0.709364 1.44615 0.632635 1.323948 0.669579 1.326549 0.670413 1.347901 0.669579 1.326549 0.693523 1.343837 0.670413 1.347901 0.371621 1.376734 0.319934 1.37104 0.363939 1.348691 0.394113 1.363382 0.363939 1.348691 0.386233 1.344964 0.39189 1.745864 0.412791 1.768149 0.389144 1.788985 0.389144 1.788985 0.412791 1.768149 0.41841 1.800571 0.228236 1.687469 0.227272 1.653929 0.250685 1.655357 0.227272 1.653929 0.229782 1.61864 0.262526 1.627353 0.661112 1.467897 0.623699 1.410423 0.695818 1.459708 0.661112 1.467897 0.695818 1.459708 0.720957 1.518959 0.293974 1.79427 0.295194 1.75202 0.315678 1.765465 0.315678 1.765465 0.295194 1.75202 0.32116 1.725678 0.433318 1.680952 0.440201 1.658816 0.457226 1.705356 0.440201 1.658816 0.433318 1.680952 0.411613 1.666235 0.270773 1.325807 0.319934 1.37104 0.265125 1.358125 0.248 1.309878 0.270773 1.325807 0.265125 1.358125 0.394113 1.363382 0.386233 1.344964 0.420678 1.369564 0.386233 1.344964 0.411458 1.340073 0.420678 1.369564 0.708798 1.220784 0.699521 1.27259 0.686264 1.236151 0.686264 1.236151 0.676534 1.279966 0.659852 1.25451 0.623699 1.410423 0.591798 1.355501 0.656041 1.400894 0.623699 1.410423 0.656041 1.400894 0.695818 1.459708 0.344772 1.655602 0.318463 1.695013 0.30435 1.673903 0.30435 1.673903 0.318463 1.695013 0.284811 1.697806 0.314193 1.269514 0.282508 1.274428 0.296952 1.243023 0.270853 1.290152 0.285855 1.299116 0.270773 1.325807 0.42182 1.548126 0.429095 1.50798 0.451569 1.534228 0.451569 1.534228 0.429095 1.50798 0.403213 1.454657 0.229782 1.61864 0.246413 1.576646 0.272964 1.600635 0.246413 1.576646 0.287287 1.57124 0.272964 1.600635 0.720167 1.315527 0.730929 1.335998 0.697643 1.322704 0.730929 1.335998 0.693523 1.343837 0.697643 1.322704 0.440201 1.658816 0.446735 1.658033 0.466673 1.685889 0.466673 1.685889 0.471443 1.655429 0.506977 1.670716 0.409229 1.584744 0.439356 1.57409 0.453695 1.599455 0.409024 1.566961 0.38605 1.563864 0.42182 1.548126 0.255165 1.704794 0.271235 1.681066 0.284811 1.697806 0.271645 1.732374 0.255165 1.704794 0.284811 1.697806 0.343686 1.309931 0.313674 1.299245 0.342541 1.279565 0.343686 1.309931 0.314583 1.327922 0.313674 1.299245 0.786999 1.296907 0.769052 1.345601 0.763701 1.315714 0.763701 1.315714 0.769052 1.345601 0.730929 1.335998 0.409024 1.566961 0.42182 1.548126 0.439356 1.57409 0.439356 1.57409 0.42182 1.548126 0.451569 1.534228 0.446735 1.658033 0.43483 1.623328 0.471443 1.655429 0.446735 1.658033 0.471443 1.655429 0.466673 1.685889 0.283552 1.503405 0.33194 1.516726 0.307098 1.54611 0.307098 1.54611 0.33194 1.516726 0.344779 1.549446 0.255165 1.704794 0.246463 1.679435 0.271235 1.681066 0.246463 1.679435 0.27454 1.668713 0.271235 1.681066 0.669579 1.326549 0.667704 1.29877 0.690479 1.305549 0.667704 1.29877 0.676534 1.279966 0.68957 1.295552 0.313674 1.299245 0.285855 1.299116 0.314193 1.269514 0.285855 1.299116 0.282508 1.274428 0.314193 1.269514 0.591798 1.355501 0.557373 1.291559 0.623833 1.342824 0.591798 1.355501 0.623833 1.342824 0.656041 1.400894 0.43483 1.623328 0.395096 1.612445 0.422794 1.604309 0.409229 1.584744 0.422794 1.604309 0.395096 1.612445 0.287287 1.57124 0.320782 1.581386 0.305541 1.602486 0.323096 1.627731 0.305541 1.602486 0.320782 1.581386 0.709637 1.390677 0.677916 1.38098 0.692298 1.371167 0.670413 1.347901 0.692298 1.371167 0.677916 1.38098 0.282508 1.274428 0.255217 1.278927 0.261076 1.252352 0.270853 1.290152 0.248 1.309878 0.255217 1.278927 0.747055 1.28102 0.720167 1.315527 0.712117 1.295086 0.667704 1.29877 0.68957 1.295552 0.690479 1.305549 0.369939 1.326674 0.394791 1.309642 0.411458 1.340073 0.411458 1.340073 0.394791 1.309642 0.421799 1.299771 0.297569 1.65276 0.274814 1.644459 0.293637 1.623702 0.30435 1.673903 0.27454 1.668713 0.297569 1.65276 0.422794 1.604309 0.409229 1.584744 0.453695 1.599455 0.422794 1.604309 0.453695 1.599455 0.464765 1.627774 0.417684 1.744022 0.425296 1.714215 0.433317 1.748774 0.417684 1.744022 0.433317 1.748774 0.412791 1.768149 0.2187899 1.526943 0.283552 1.503405 0.264285 1.54714 0.264285 1.54714 0.283552 1.503405 0.307098 1.54611 0.647669 1.289891 0.637258 1.244377 0.659852 1.25451 0.647669 1.289891 0.659852 1.25451 0.676534 1.279966 0.471443 1.655429 0.464765 1.627774 0.503374 1.632197 0.464765 1.627774 0.484608 1.599131 0.503374 1.632197 0.33961 1.331089 0.319934 1.37104 0.314583 1.327922 0.343686 1.309931 0.33961 1.331089 0.314583 1.327922 0.272964 1.600635 0.305541 1.602486 0.293637 1.623702 0.323096 1.627731 0.293637 1.623702 0.305541 1.602486 0.271645 1.732374 0.284811 1.697806 0.295847 1.715916 0.295194 1.75202 0.271645 1.732374 0.295847 1.715916 0.720167 1.315527 0.697643 1.322704 0.690479 1.305549 0.712117 1.295086 0.720167 1.315527 0.690479 1.305549 0.409024 1.566961 0.379083 1.590617 0.38605 1.563864 0.394113 1.363382 0.371621 1.376734 0.363939 1.348691 0.622952 1.27714 0.621859 1.234514 0.637258 1.244377 0.647669 1.289891 0.622952 1.27714 0.637258 1.244377 0.248 1.309878 0.232071 1.333273 0.237525 1.295627 0.248 1.309878 0.237525 1.295627 0.255217 1.278927 0.227272 1.653929 0.262526 1.627353 0.250685 1.655357 0.250685 1.655357 0.262526 1.627353 0.274814 1.644459 0.307098 1.54611 0.344779 1.549446 0.320782 1.581386 0.34576 1.598071 0.320782 1.581386 0.344779 1.549446 0.699521 1.27259 0.68957 1.295552 0.676534 1.279966 0.686264 1.236151 0.699521 1.27259 0.676534 1.279966 0.409229 1.584744 0.409024 1.566961 0.439356 1.57409 0.409024 1.566961 0.409229 1.584744 0.379083 1.590617 0.285855 1.299116 0.270853 1.290152 0.282508 1.274428 0.270853 1.290152 0.255217 1.278927 0.282508 1.274428 0.369939 1.326674 0.363988 1.317056 0.394791 1.309642 0.363988 1.317056 0.369939 1.326674 0.33961 1.331089 0.250685 1.655357 0.274814 1.644459 0.27454 1.668713 0.297569 1.65276 0.27454 1.668713 0.274814 1.644459 0.264285 1.54714 0.307098 1.54611 0.287287 1.57124 0.287287 1.57124 0.307098 1.54611 0.320782 1.581386 0.699521 1.27259 0.712117 1.295086 0.68957 1.295552 0.712117 1.295086 0.690479 1.305549 0.68957 1.295552 0.958426 1.811105 0.905561 1.798574 0.926574 1.785636 0.958426 1.811105 0.926574 1.785636 0.94941 1.785047 0.913876 1.8239 0.905561 1.798574 0.958426 1.811105 0.913876 1.8239 0.958426 1.811105 0.940012 1.83002 0.926574 1.785636 0.93128 1.727038 0.956197 1.725126 0.926574 1.785636 0.956197 1.725126 0.94941 1.785047 0.905561 1.798574 0.905795 1.732573 0.93128 1.727038 0.905561 1.798574 0.93128 1.727038 0.926574 1.785636 0.879631 1.796907 0.881327 1.738616 0.905795 1.732573 0.879631 1.796907 0.905795 1.732573 0.905561 1.798574 0.94941 1.785047 0.956197 1.725126 0.980499 1.726253 0.94941 1.785047 0.980499 1.726253 0.974522 1.779828 0.813686 1.71504 0.82726 1.761005 0.799858 1.754014 0.813686 1.71504 0.799858 1.754014 0.793187 1.728005 0.846473 1.740269 0.82726 1.761005 0.813686 1.71504 0.846473 1.740269 0.813686 1.71504 0.837909 1.714827 0.767319 1.732086 0.770448 1.675945 0.793897 1.675115 0.767319 1.732086 0.793897 1.675115 0.793187 1.728005 0.837909 1.714827 0.841553 1.666877 0.864529 1.660606 0.837909 1.714827 0.864529 1.660606 0.864793 1.712721 0.813686 1.71504 0.818162 1.672216 0.841553 1.666877 0.813686 1.71504 0.841553 1.666877 0.837909 1.714827 0.793187 1.728005 0.793897 1.675115 0.818162 1.672216 0.793187 1.728005 0.818162 1.672216 0.813686 1.71504 0.807508 1.981126 0.851231 1.948222 0.853643 1.974769 0.807508 1.981126 0.853643 1.974769 0.832073 1.990928 0.826557 1.944321 0.851231 1.948222 0.807508 1.981126 0.826557 1.944321 0.807508 1.981126 0.805017 1.953938 0.805017 1.953938 0.80307 1.903651 0.827208 1.896015 0.805017 1.953938 0.827208 1.896015 0.826557 1.944321 0.779085 1.956457 0.778987 1.906001 0.80307 1.903651 0.779085 1.956457 0.80307 1.903651 0.805017 1.953938 0.851231 1.948222 0.850824 1.88832 0.876092 1.884858 0.851231 1.948222 0.876092 1.884858 0.876529 1.943031 0.826557 1.944321 0.827208 1.896015 0.850824 1.88832 0.826557 1.944321 0.850824 1.88832 0.851231 1.948222</float_array>
          <technique_common>
            <accessor source="#Object_0-mesh-map-0-array" count="2268" stride="2">
              <param name="S" type="float"/>
              <param name="T" type="float"/>
            </accessor>
          </technique_common>
        </source>
        <vertices id="Object_0-mesh-vertices">
          <input semantic="POSITION" source="#Object_0-mesh-positions"/>
        </vertices>
        <lines count="12">
          <input semantic="VERTEX" source="#Object_0-mesh-vertices" offset="0"/>
          <p>2185 2184 2187 2186 2189 2188 2191 2190 2215 2214 2217 2216 2219 2218 2221 2220 2245 2244 2247 2246 2249 2248 2251 2250</p>
        </lines>
        <triangles material="Shrub_mat-material" count="756">
          <input semantic="VERTEX" source="#Object_0-mesh-vertices" offset="0"/>
          <input semantic="NORMAL" source="#Object_0-mesh-normals" offset="1"/>
          <input semantic="TEXCOORD" source="#Object_0-mesh-map-0" offset="2" set="0"/>
          <p>0 0 0 1 0 1 2 0 2 3 1 3 4 1 4 5 1 5 6 2 6 7 2 7 8 2 8 9 3 9 10 3 10 11 3 11 12 4 12 13 4 13 14 4 14 15 5 15 16 5 16 17 5 17 18 6 18 19 6 19 20 6 20 21 7 21 22 7 22 23 7 23 24 8 24 25 8 25 26 8 26 27 9 27 28 9 28 29 9 29 30 10 30 31 10 31 32 10 32 33 11 33 34 11 34 35 11 35 36 12 36 37 12 37 38 12 38 39 13 39 40 13 40 41 13 41 42 14 42 43 14 43 44 14 44 45 15 45 46 15 46 47 15 47 48 16 48 49 16 49 50 16 50 51 17 51 52 17 52 53 17 53 54 18 54 55 18 55 56 18 56 57 19 57 58 19 58 59 19 59 60 20 60 61 20 61 62 20 62 63 21 63 64 21 64 65 21 65 66 22 66 67 22 67 68 22 68 69 23 69 70 23 70 71 23 71 72 24 72 73 24 73 74 24 74 75 25 75 76 25 76 77 25 77 78 26 78 79 26 79 80 26 80 81 27 81 82 27 82 83 27 83 84 28 84 85 28 85 86 28 86 87 29 87 88 29 88 89 29 89 90 30 90 91 30 91 92 30 92 93 31 93 94 31 94 95 31 95 96 32 96 97 32 97 98 32 98 99 33 99 100 33 100 101 33 101 102 34 102 103 34 103 104 34 104 105 35 105 106 35 106 107 35 107 108 36 108 109 36 109 110 36 110 111 37 111 112 37 112 113 37 113 114 38 114 115 38 115 116 38 116 117 39 117 118 39 118 119 39 119 120 40 120 121 40 121 122 40 122 123 41 123 124 41 124 125 41 125 126 42 126 127 42 127 128 42 128 129 43 129 130 43 130 131 43 131 132 44 132 133 44 133 134 44 134 135 45 135 136 45 136 137 45 137 138 46 138 139 46 139 140 46 140 141 47 141 142 47 142 143 47 143 144 48 144 145 48 145 146 48 146 147 49 147 148 49 148 149 49 149 150 50 150 151 50 151 152 50 152 153 51 153 154 51 154 155 51 155 156 52 156 157 52 157 158 52 158 159 53 159 160 53 160 161 53 161 162 54 162 163 54 163 164 54 164 165 55 165 166 55 166 167 55 167 168 56 168 169 56 169 170 56 170 171 57 171 172 57 172 173 57 173 174 58 174 175 58 175 176 58 176 177 59 177 178 59 178 179 59 179 180 60 180 181 60 181 182 60 182 183 61 183 184 61 184 185 61 185 186 62 186 187 62 187 188 62 188 189 63 189 190 63 190 191 63 191 192 64 192 193 64 193 194 64 194 195 65 195 196 65 196 197 65 197 198 66 198 199 66 199 200 66 200 201 67 201 202 67 202 203 67 203 204 68 204 205 68 205 206 68 206 207 69 207 208 69 208 209 69 209 210 70 210 211 70 211 212 70 212 213 71 213 214 71 214 215 71 215 216 72 216 217 72 217 218 72 218 219 73 219 220 73 220 221 73 221 222 74 222 223 74 223 224 74 224 225 75 225 226 75 226 227 75 227 228 76 228 229 76 229 230 76 230 231 77 231 232 77 232 233 77 233 234 78 234 235 78 235 236 78 236 237 79 237 238 79 238 239 79 239 240 80 240 241 80 241 242 80 242 243 81 243 244 81 244 245 81 245 246 82 246 247 82 247 248 82 248 249 83 249 250 83 250 251 83 251 252 84 252 253 84 253 254 84 254 255 85 255 256 85 256 257 85 257 258 86 258 259 86 259 260 86 260 261 87 261 262 87 262 263 87 263 264 88 264 265 88 265 266 88 266 267 89 267 268 89 268 269 89 269 270 90 270 271 90 271 272 90 272 273 91 273 274 91 274 275 91 275 276 92 276 277 92 277 278 92 278 279 93 279 280 93 280 281 93 281 282 94 282 283 94 283 284 94 284 285 95 285 286 95 286 287 95 287 288 96 288 289 96 289 290 96 290 291 97 291 292 97 292 293 97 293 294 98 294 295 98 295 296 98 296 297 99 297 298 99 298 299 99 299 300 100 300 301 100 301 302 100 302 303 101 303 304 101 304 305 101 305 306 102 306 307 102 307 308 102 308 309 103 309 310 103 310 311 103 311 312 104 312 313 104 313 314 104 314 315 105 315 316 105 316 317 105 317 318 106 318 319 106 319 320 106 320 321 107 321 322 107 322 323 107 323 324 108 324 325 108 325 326 108 326 327 109 327 328 109 328 329 109 329 330 110 330 331 110 331 332 110 332 333 111 333 334 111 334 335 111 335 336 112 336 337 112 337 338 112 338 339 113 339 340 113 340 341 113 341 342 114 342 343 114 343 344 114 344 345 115 345 346 115 346 347 115 347 348 116 348 349 116 349 350 116 350 351 117 351 352 117 352 353 117 353 354 118 354 355 118 355 356 118 356 357 119 357 358 119 358 359 119 359 360 120 360 361 120 361 362 120 362 363 121 363 364 121 364 365 121 365 366 122 366 367 122 367 368 122 368 369 123 369 370 123 370 371 123 371 372 124 372 373 124 373 374 124 374 375 125 375 376 125 376 377 125 377 378 126 378 379 126 379 380 126 380 381 127 381 382 127 382 383 127 383 384 128 384 385 128 385 386 128 386 387 129 387 388 129 388 389 129 389 390 130 390 391 130 391 392 130 392 393 131 393 394 131 394 395 131 395 396 132 396 397 132 397 398 132 398 399 133 399 400 133 400 401 133 401 402 134 402 403 134 403 404 134 404 405 135 405 406 135 406 407 135 407 408 136 408 409 136 409 410 136 410 411 137 411 412 137 412 413 137 413 414 138 414 415 138 415 416 138 416 417 139 417 418 139 418 419 139 419 420 140 420 421 140 421 422 140 422 423 141 423 424 141 424 425 141 425 426 142 426 427 142 427 428 142 428 429 143 429 430 143 430 431 143 431 432 144 432 433 144 433 434 144 434 435 145 435 436 145 436 437 145 437 438 146 438 439 146 439 440 146 440 441 147 441 442 147 442 443 147 443 444 148 444 445 148 445 446 148 446 447 149 447 448 149 448 449 149 449 450 150 450 451 150 451 452 150 452 453 151 453 454 151 454 455 151 455 456 152 456 457 152 457 458 152 458 459 153 459 460 153 460 461 153 461 462 154 462 463 154 463 464 154 464 465 155 465 466 155 466 467 155 467 468 156 468 469 156 469 470 156 470 471 157 471 472 157 472 473 157 473 474 158 474 475 158 475 476 158 476 477 159 477 478 159 478 479 159 479 480 160 480 481 160 481 482 160 482 483 161 483 484 161 484 485 161 485 486 162 486 487 162 487 488 162 488 489 163 489 490 163 490 491 163 491 492 164 492 493 164 493 494 164 494 495 165 495 496 165 496 497 165 497 498 166 498 499 166 499 500 166 500 501 167 501 502 167 502 503 167 503 504 168 504 505 168 505 506 168 506 507 169 507 508 169 508 509 169 509 510 170 510 511 170 511 512 170 512 513 171 513 514 171 514 515 171 515 516 172 516 517 172 517 518 172 518 519 173 519 520 173 520 521 173 521 522 174 522 523 174 523 524 174 524 525 175 525 526 175 526 527 175 527 528 176 528 529 176 529 530 176 530 531 177 531 532 177 532 533 177 533 534 178 534 535 178 535 536 178 536 537 179 537 538 179 538 539 179 539 540 180 540 541 180 541 542 180 542 543 181 543 544 181 544 545 181 545 546 182 546 547 182 547 548 182 548 549 183 549 550 183 550 551 183 551 552 184 552 553 184 553 554 184 554 555 185 555 556 185 556 557 185 557 558 186 558 559 186 559 560 186 560 561 187 561 562 187 562 563 187 563 564 188 564 565 188 565 566 188 566 567 189 567 568 189 568 569 189 569 570 190 570 571 190 571 572 190 572 573 191 573 574 191 574 575 191 575 576 192 576 577 192 577 578 192 578 579 193 579 580 193 580 581 193 581 582 194 582 583 194 583 584 194 584 585 195 585 586 195 586 587 195 587 588 196 588 589 196 589 590 196 590 591 197 591 592 197 592 593 197 593 594 198 594 595 198 595 596 198 596 597 199 597 598 199 598 599 199 599 600 200 600 601 200 601 602 200 602 603 201 603 604 201 604 605 201 605 606 202 606 607 202 607 608 202 608 609 203 609 610 203 610 611 203 611 612 204 612 613 204 613 614 204 614 615 205 615 616 205 616 617 205 617 618 206 618 619 206 619 620 206 620 621 207 621 622 207 622 623 207 623 624 208 624 625 208 625 626 208 626 627 209 627 628 209 628 629 209 629 630 210 630 631 210 631 632 210 632 633 211 633 634 211 634 635 211 635 636 212 636 637 212 637 638 212 638 639 213 639 640 213 640 641 213 641 642 214 642 643 214 643 644 214 644 645 215 645 646 215 646 647 215 647 648 216 648 649 216 649 650 216 650 651 217 651 652 217 652 653 217 653 654 218 654 655 218 655 656 218 656 657 219 657 658 219 658 659 219 659 660 220 660 661 220 661 662 220 662 663 221 663 664 221 664 665 221 665 666 222 666 667 222 667 668 222 668 669 223 669 670 223 670 671 223 671 672 224 672 673 224 673 674 224 674 675 225 675 676 225 676 677 225 677 678 226 678 679 226 679 680 226 680 681 227 681 682 227 682 683 227 683 684 228 684 685 228 685 686 228 686 687 229 687 688 229 688 689 229 689 690 230 690 691 230 691 692 230 692 693 231 693 694 231 694 695 231 695 696 232 696 697 232 697 698 232 698 699 233 699 700 233 700 701 233 701 702 234 702 703 234 703 704 234 704 705 235 705 706 235 706 707 235 707 708 236 708 709 236 709 710 236 710 711 237 711 712 237 712 713 237 713 714 238 714 715 238 715 716 238 716 717 239 717 718 239 718 719 239 719 720 240 720 721 240 721 722 240 722 723 241 723 724 241 724 725 241 725 726 242 726 727 242 727 728 242 728 729 243 729 730 243 730 731 243 731 732 244 732 733 244 733 734 244 734 735 245 735 736 245 736 737 245 737 738 246 738 739 246 739 740 246 740 741 247 741 742 247 742 743 247 743 744 248 744 745 248 745 746 248 746 747 249 747 748 249 748 749 249 749 750 250 750 751 250 751 752 250 752 753 251 753 754 251 754 755 251 755 756 252 756 757 252 757 758 252 758 759 253 759 760 253 760 761 253 761 762 254 762 763 254 763 764 254 764 765 255 765 766 255 766 767 255 767 768 256 768 769 256 769 770 256 770 771 257 771 772 257 772 773 257 773 774 258 774 775 258 775 776 258 776 777 259 777 778 259 778 779 259 779 780 260 780 781 260 781 782 260 782 783 261 783 784 261 784 785 261 785 786 262 786 787 262 787 788 262 788 789 263 789 790 263 790 791 263 791 792 264 792 793 264 793 794 264 794 795 265 795 796 265 796 797 265 797 798 266 798 799 266 799 800 266 800 801 267 801 802 267 802 803 267 803 804 268 804 805 268 805 806 268 806 807 269 807 808 269 808 809 269 809 810 270 810 811 270 811 812 270 812 813 271 813 814 271 814 815 271 815 816 272 816 817 272 817 818 272 818 819 273 819 820 273 820 821 273 821 822 274 822 823 274 823 824 274 824 825 275 825 826 275 826 827 275 827 828 276 828 829 276 829 830 276 830 831 277 831 832 277 832 833 277 833 834 278 834 835 278 835 836 278 836 837 279 837 838 279 838 839 279 839 840 280 840 841 280 841 842 280 842 843 281 843 844 281 844 845 281 845 846 282 846 847 282 847 848 282 848 849 283 849 850 283 850 851 283 851 852 284 852 853 284 853 854 284 854 855 285 855 856 285 856 857 285 857 858 286 858 859 286 859 860 286 860 861 287 861 862 287 862 863 287 863 864 288 864 865 288 865 866 288 866 867 289 867 868 289 868 869 289 869 870 290 870 871 290 871 872 290 872 873 291 873 874 291 874 875 291 875 876 292 876 877 292 877 878 292 878 879 293 879 880 293 880 881 293 881 882 294 882 883 294 883 884 294 884 885 295 885 886 295 886 887 295 887 888 296 888 889 296 889 890 296 890 891 297 891 892 297 892 893 297 893 894 298 894 895 298 895 896 298 896 897 299 897 898 299 898 899 299 899 900 300 900 901 300 901 902 300 902 903 301 903 904 301 904 905 301 905 906 302 906 907 302 907 908 302 908 909 303 909 910 303 910 911 303 911 912 304 912 913 304 913 914 304 914 915 305 915 916 305 916 917 305 917 918 306 918 919 306 919 920 306 920 921 307 921 922 307 922 923 307 923 924 308 924 925 308 925 926 308 926 927 309 927 928 309 928 929 309 929 930 310 930 931 310 931 932 310 932 933 311 933 934 311 934 935 311 935 936 312 936 937 312 937 938 312 938 939 313 939 940 313 940 941 313 941 942 314 942 943 314 943 944 314 944 945 315 945 946 315 946 947 315 947 948 316 948 949 316 949 950 316 950 951 317 951 952 317 952 953 317 953 954 318 954 955 318 955 956 318 956 957 319 957 958 319 958 959 319 959 960 320 960 961 320 961 962 320 962 963 321 963 964 321 964 965 321 965 966 322 966 967 322 967 968 322 968 969 323 969 970 323 970 971 323 971 972 324 972 973 324 973 974 324 974 975 325 975 976 325 976 977 325 977 978 326 978 979 326 979 980 326 980 981 327 981 982 327 982 983 327 983 984 328 984 985 328 985 986 328 986 987 329 987 988 329 988 989 329 989 990 330 990 991 330 991 992 330 992 993 331 993 994 331 994 995 331 995 996 332 996 997 332 997 998 332 998 999 333 999 1000 333 1000 1001 333 1001 1002 334 1002 1003 334 1003 1004 334 1004 1005 335 1005 1006 335 1006 1007 335 1007 1008 336 1008 1009 336 1009 1010 336 1010 1011 337 1011 1012 337 1012 1013 337 1013 1014 338 1014 1015 338 1015 1016 338 1016 1017 339 1017 1018 339 1018 1019 339 1019 1020 340 1020 1021 340 1021 1022 340 1022 1023 341 1023 1024 341 1024 1025 341 1025 1026 342 1026 1027 342 1027 1028 342 1028 1029 343 1029 1030 343 1030 1031 343 1031 1032 344 1032 1033 344 1033 1034 344 1034 1035 345 1035 1036 345 1036 1037 345 1037 1038 346 1038 1039 346 1039 1040 346 1040 1041 347 1041 1042 347 1042 1043 347 1043 1044 348 1044 1045 348 1045 1046 348 1046 1047 349 1047 1048 349 1048 1049 349 1049 1050 350 1050 1051 350 1051 1052 350 1052 1053 351 1053 1054 351 1054 1055 351 1055 1056 352 1056 1057 352 1057 1058 352 1058 1059 353 1059 1060 353 1060 1061 353 1061 1062 354 1062 1063 354 1063 1064 354 1064 1065 355 1065 1066 355 1066 1067 355 1067 1068 356 1068 1069 356 1069 1070 356 1070 1071 357 1071 1072 357 1072 1073 357 1073 1074 358 1074 1075 358 1075 1076 358 1076 1077 359 1077 1078 359 1078 1079 359 1079 1080 360 1080 1081 360 1081 1082 360 1082 1083 361 1083 1084 361 1084 1085 361 1085 1086 362 1086 1087 362 1087 1088 362 1088 1089 363 1089 1090 363 1090 1091 363 1091 1092 364 1092 1093 364 1093 1094 364 1094 1095 365 1095 1096 365 1096 1097 365 1097 1098 366 1098 1099 366 1099 1100 366 1100 1101 367 1101 1102 367 1102 1103 367 1103 1104 368 1104 1105 368 1105 1106 368 1106 1107 369 1107 1108 369 1108 1109 369 1109 1110 370 1110 1111 370 1111 1112 370 1112 1113 371 1113 1114 371 1114 1115 371 1115 1116 372 1116 1117 372 1117 1118 372 1118 1119 373 1119 1120 373 1120 1121 373 1121 1122 374 1122 1123 374 1123 1124 374 1124 1125 375 1125 1126 375 1126 1127 375 1127 1128 376 1128 1129 376 1129 1130 376 1130 1131 377 1131 1132 377 1132 1133 377 1133 1134 378 1134 1135 378 1135 1136 378 1136 1137 379 1137 1138 379 1138 1139 379 1139 1140 380 1140 1141 380 1141 1142 380 1142 1143 381 1143 1144 381 1144 1145 381 1145 1146 382 1146 1147 382 1147 1148 382 1148 1149 383 1149 1150 383 1150 1151 383 1151 1152 384 1152 1153 384 1153 1154 384 1154 1155 385 1155 1156 385 1156 1157 385 1157 1158 386 1158 1159 386 1159 1160 386 1160 1161 387 1161 1162 387 1162 1163 387 1163 1164 388 1164 1165 388 1165 1166 388 1166 1167 389 1167 1168 389 1168 1169 389 1169 1170 390 1170 1171 390 1171 1172 390 1172 1173 391 1173 1174 391 1174 1175 391 1175 1176 392 1176 1177 392 1177 1178 392 1178 1179 393 1179 1180 393 1180 1181 393 1181 1182 394 1182 1183 394 1183 1184 394 1184 1185 395 1185 1186 395 1186 1187 395 1187 1188 396 1188 1189 396 1189 1190 396 1190 1191 397 1191 1192 397 1192 1193 397 1193 1194 398 1194 1195 398 1195 1196 398 1196 1197 399 1197 1198 399 1198 1199 399 1199 1200 400 1200 1201 400 1201 1202 400 1202 1203 401 1203 1204 401 1204 1205 401 1205 1206 402 1206 1207 402 1207 1208 402 1208 1209 403 1209 1210 403 1210 1211 403 1211 1212 404 1212 1213 404 1213 1214 404 1214 1215 405 1215 1216 405 1216 1217 405 1217 1218 406 1218 1219 406 1219 1220 406 1220 1221 407 1221 1222 407 1222 1223 407 1223 1224 408 1224 1225 408 1225 1226 408 1226 1227 409 1227 1228 409 1228 1229 409 1229 1230 410 1230 1231 410 1231 1232 410 1232 1233 411 1233 1234 411 1234 1235 411 1235 1236 412 1236 1237 412 1237 1238 412 1238 1239 413 1239 1240 413 1240 1241 413 1241 1242 414 1242 1243 414 1243 1244 414 1244 1245 415 1245 1246 415 1246 1247 415 1247 1248 416 1248 1249 416 1249 1250 416 1250 1251 417 1251 1252 417 1252 1253 417 1253 1254 418 1254 1255 418 1255 1256 418 1256 1257 419 1257 1258 419 1258 1259 419 1259 1260 420 1260 1261 420 1261 1262 420 1262 1263 421 1263 1264 421 1264 1265 421 1265 1266 422 1266 1267 422 1267 1268 422 1268 1269 423 1269 1270 423 1270 1271 423 1271 1272 424 1272 1273 424 1273 1274 424 1274 1275 425 1275 1276 425 1276 1277 425 1277 1278 426 1278 1279 426 1279 1280 426 1280 1281 427 1281 1282 427 1282 1283 427 1283 1284 428 1284 1285 428 1285 1286 428 1286 1287 429 1287 1288 429 1288 1289 429 1289 1290 430 1290 1291 430 1291 1292 430 1292 1293 431 1293 1294 431 1294 1295 431 1295 1296 432 1296 1297 432 1297 1298 432 1298 1299 433 1299 1300 433 1300 1301 433 1301 1302 434 1302 1303 434 1303 1304 434 1304 1305 435 1305 1306 435 1306 1307 435 1307 1308 436 1308 1309 436 1309 1310 436 1310 1311 437 1311 1312 437 1312 1313 437 1313 1314 438 1314 1315 438 1315 1316 438 1316 1317 439 1317 1318 439 1318 1319 439 1319 1320 440 1320 1321 440 1321 1322 440 1322 1323 441 1323 1324 441 1324 1325 441 1325 1326 442 1326 1327 442 1327 1328 442 1328 1329 443 1329 1330 443 1330 1331 443 1331 1332 444 1332 1333 444 1333 1334 444 1334 1335 445 1335 1336 445 1336 1337 445 1337 1338 446 1338 1339 446 1339 1340 446 1340 1341 447 1341 1342 447 1342 1343 447 1343 1344 448 1344 1345 448 1345 1346 448 1346 1347 449 1347 1348 449 1348 1349 449 1349 1350 450 1350 1351 450 1351 1352 450 1352 1353 451 1353 1354 451 1354 1355 451 1355 1356 452 1356 1357 452 1357 1358 452 1358 1359 453 1359 1360 453 1360 1361 453 1361 1362 454 1362 1363 454 1363 1364 454 1364 1365 455 1365 1366 455 1366 1367 455 1367 1368 456 1368 1369 456 1369 1370 456 1370 1371 457 1371 1372 457 1372 1373 457 1373 1374 458 1374 1375 458 1375 1376 458 1376 1377 459 1377 1378 459 1378 1379 459 1379 1380 460 1380 1381 460 1381 1382 460 1382 1383 461 1383 1384 461 1384 1385 461 1385 1386 462 1386 1387 462 1387 1388 462 1388 1389 463 1389 1390 463 1390 1391 463 1391 1392 464 1392 1393 464 1393 1394 464 1394 1395 465 1395 1396 465 1396 1397 465 1397 1398 466 1398 1399 466 1399 1400 466 1400 1401 467 1401 1402 467 1402 1403 467 1403 1404 468 1404 1405 468 1405 1406 468 1406 1407 469 1407 1408 469 1408 1409 469 1409 1410 470 1410 1411 470 1411 1412 470 1412 1413 471 1413 1414 471 1414 1415 471 1415 1416 472 1416 1417 472 1417 1418 472 1418 1419 473 1419 1420 473 1420 1421 473 1421 1422 474 1422 1423 474 1423 1424 474 1424 1425 475 1425 1426 475 1426 1427 475 1427 1428 476 1428 1429 476 1429 1430 476 1430 1431 477 1431 1432 477 1432 1433 477 1433 1434 478 1434 1435 478 1435 1436 478 1436 1437 479 1437 1438 479 1438 1439 479 1439 1440 480 1440 1441 480 1441 1442 480 1442 1443 481 1443 1444 481 1444 1445 481 1445 1446 482 1446 1447 482 1447 1448 482 1448 1449 483 1449 1450 483 1450 1451 483 1451 1452 484 1452 1453 484 1453 1454 484 1454 1455 485 1455 1456 485 1456 1457 485 1457 1458 486 1458 1459 486 1459 1460 486 1460 1461 487 1461 1462 487 1462 1463 487 1463 1464 488 1464 1465 488 1465 1466 488 1466 1467 489 1467 1468 489 1468 1469 489 1469 1470 490 1470 1471 490 1471 1472 490 1472 1473 491 1473 1474 491 1474 1475 491 1475 1476 492 1476 1477 492 1477 1478 492 1478 1479 493 1479 1480 493 1480 1481 493 1481 1482 494 1482 1483 494 1483 1484 494 1484 1485 495 1485 1486 495 1486 1487 495 1487 1488 496 1488 1489 496 1489 1490 496 1490 1491 497 1491 1492 497 1492 1493 497 1493 1494 498 1494 1495 498 1495 1496 498 1496 1497 499 1497 1498 499 1498 1499 499 1499 1500 500 1500 1501 500 1501 1502 500 1502 1503 501 1503 1504 501 1504 1505 501 1505 1506 502 1506 1507 502 1507 1508 502 1508 1509 503 1509 1510 503 1510 1511 503 1511 1512 504 1512 1513 504 1513 1514 504 1514 1515 505 1515 1516 505 1516 1517 505 1517 1518 506 1518 1519 506 1519 1520 506 1520 1521 507 1521 1522 507 1522 1523 507 1523 1524 508 1524 1525 508 1525 1526 508 1526 1527 509 1527 1528 509 1528 1529 509 1529 1530 510 1530 1531 510 1531 1532 510 1532 1533 511 1533 1534 511 1534 1535 511 1535 1536 512 1536 1537 512 1537 1538 512 1538 1539 513 1539 1540 513 1540 1541 513 1541 1542 514 1542 1543 514 1543 1544 514 1544 1545 515 1545 1546 515 1546 1547 515 1547 1548 516 1548 1549 516 1549 1550 516 1550 1551 517 1551 1552 517 1552 1553 517 1553 1554 518 1554 1555 518 1555 1556 518 1556 1557 519 1557 1558 519 1558 1559 519 1559 1560 520 1560 1561 520 1561 1562 520 1562 1563 521 1563 1564 521 1564 1565 521 1565 1566 522 1566 1567 522 1567 1568 522 1568 1569 523 1569 1570 523 1570 1571 523 1571 1572 524 1572 1573 524 1573 1574 524 1574 1575 525 1575 1576 525 1576 1577 525 1577 1578 526 1578 1579 526 1579 1580 526 1580 1581 527 1581 1582 527 1582 1583 527 1583 1584 528 1584 1585 528 1585 1586 528 1586 1587 529 1587 1588 529 1588 1589 529 1589 1590 530 1590 1591 530 1591 1592 530 1592 1593 531 1593 1594 531 1594 1595 531 1595 1596 532 1596 1597 532 1597 1598 532 1598 1599 533 1599 1600 533 1600 1601 533 1601 1602 534 1602 1603 534 1603 1604 534 1604 1605 535 1605 1606 535 1606 1607 535 1607 1608 536 1608 1609 536 1609 1610 536 1610 1611 537 1611 1612 537 1612 1613 537 1613 1614 538 1614 1615 538 1615 1616 538 1616 1617 539 1617 1618 539 1618 1619 539 1619 1620 540 1620 1621 540 1621 1622 540 1622 1623 541 1623 1624 541 1624 1625 541 1625 1626 542 1626 1627 542 1627 1628 542 1628 1629 543 1629 1630 543 1630 1631 543 1631 1632 544 1632 1633 544 1633 1634 544 1634 1635 545 1635 1636 545 1636 1637 545 1637 1638 546 1638 1639 546 1639 1640 546 1640 1641 547 1641 1642 547 1642 1643 547 1643 1644 548 1644 1645 548 1645 1646 548 1646 1647 549 1647 1648 549 1648 1649 549 1649 1650 550 1650 1651 550 1651 1652 550 1652 1653 551 1653 1654 551 1654 1655 551 1655 1656 552 1656 1657 552 1657 1658 552 1658 1659 553 1659 1660 553 1660 1661 553 1661 1662 554 1662 1663 554 1663 1664 554 1664 1665 555 1665 1666 555 1666 1667 555 1667 1668 556 1668 1669 556 1669 1670 556 1670 1671 557 1671 1672 557 1672 1673 557 1673 1674 558 1674 1675 558 1675 1676 558 1676 1677 559 1677 1678 559 1678 1679 559 1679 1680 560 1680 1681 560 1681 1682 560 1682 1683 561 1683 1684 561 1684 1685 561 1685 1686 562 1686 1687 562 1687 1688 562 1688 1689 563 1689 1690 563 1690 1691 563 1691 1692 564 1692 1693 564 1693 1694 564 1694 1695 565 1695 1696 565 1696 1697 565 1697 1698 566 1698 1699 566 1699 1700 566 1700 1701 567 1701 1702 567 1702 1703 567 1703 1704 568 1704 1705 568 1705 1706 568 1706 1707 569 1707 1708 569 1708 1709 569 1709 1710 570 1710 1711 570 1711 1712 570 1712 1713 571 1713 1714 571 1714 1715 571 1715 1716 572 1716 1717 572 1717 1718 572 1718 1719 573 1719 1720 573 1720 1721 573 1721 1722 574 1722 1723 574 1723 1724 574 1724 1725 575 1725 1726 575 1726 1727 575 1727 1728 576 1728 1729 576 1729 1730 576 1730 1731 577 1731 1732 577 1732 1733 577 1733 1734 578 1734 1735 578 1735 1736 578 1736 1737 579 1737 1738 579 1738 1739 579 1739 1740 580 1740 1741 580 1741 1742 580 1742 1743 581 1743 1744 581 1744 1745 581 1745 1746 582 1746 1747 582 1747 1748 582 1748 1749 583 1749 1750 583 1750 1751 583 1751 1752 584 1752 1753 584 1753 1754 584 1754 1755 585 1755 1756 585 1756 1757 585 1757 1758 586 1758 1759 586 1759 1760 586 1760 1761 587 1761 1762 587 1762 1763 587 1763 1764 588 1764 1765 588 1765 1766 588 1766 1767 589 1767 1768 589 1768 1769 589 1769 1770 590 1770 1771 590 1771 1772 590 1772 1773 591 1773 1774 591 1774 1775 591 1775 1776 592 1776 1777 592 1777 1778 592 1778 1779 593 1779 1780 593 1780 1781 593 1781 1782 594 1782 1783 594 1783 1784 594 1784 1785 595 1785 1786 595 1786 1787 595 1787 1788 596 1788 1789 596 1789 1790 596 1790 1791 597 1791 1792 597 1792 1793 597 1793 1794 598 1794 1795 598 1795 1796 598 1796 1797 599 1797 1798 599 1798 1799 599 1799 1800 600 1800 1801 600 1801 1802 600 1802 1803 601 1803 1804 601 1804 1805 601 1805 1806 602 1806 1807 602 1807 1808 602 1808 1809 603 1809 1810 603 1810 1811 603 1811 1812 604 1812 1813 604 1813 1814 604 1814 1815 605 1815 1816 605 1816 1817 605 1817 1818 606 1818 1819 606 1819 1820 606 1820 1821 607 1821 1822 607 1822 1823 607 1823 1824 608 1824 1825 608 1825 1826 608 1826 1827 609 1827 1828 609 1828 1829 609 1829 1830 610 1830 1831 610 1831 1832 610 1832 1833 611 1833 1834 611 1834 1835 611 1835 1836 612 1836 1837 612 1837 1838 612 1838 1839 613 1839 1840 613 1840 1841 613 1841 1842 614 1842 1843 614 1843 1844 614 1844 1845 615 1845 1846 615 1846 1847 615 1847 1848 616 1848 1849 616 1849 1850 616 1850 1851 617 1851 1852 617 1852 1853 617 1853 1854 618 1854 1855 618 1855 1856 618 1856 1857 619 1857 1858 619 1858 1859 619 1859 1860 620 1860 1861 620 1861 1862 620 1862 1863 621 1863 1864 621 1864 1865 621 1865 1866 622 1866 1867 622 1867 1868 622 1868 1869 623 1869 1870 623 1870 1871 623 1871 1872 624 1872 1873 624 1873 1874 624 1874 1875 625 1875 1876 625 1876 1877 625 1877 1878 626 1878 1879 626 1879 1880 626 1880 1881 627 1881 1882 627 1882 1883 627 1883 1884 628 1884 1885 628 1885 1886 628 1886 1887 629 1887 1888 629 1888 1889 629 1889 1890 630 1890 1891 630 1891 1892 630 1892 1893 631 1893 1894 631 1894 1895 631 1895 1896 632 1896 1897 632 1897 1898 632 1898 1899 633 1899 1900 633 1900 1901 633 1901 1902 634 1902 1903 634 1903 1904 634 1904 1905 635 1905 1906 635 1906 1907 635 1907 1908 636 1908 1909 636 1909 1910 636 1910 1911 637 1911 1912 637 1912 1913 637 1913 1914 638 1914 1915 638 1915 1916 638 1916 1917 639 1917 1918 639 1918 1919 639 1919 1920 640 1920 1921 640 1921 1922 640 1922 1923 641 1923 1924 641 1924 1925 641 1925 1926 642 1926 1927 642 1927 1928 642 1928 1929 643 1929 1930 643 1930 1931 643 1931 1932 644 1932 1933 644 1933 1934 644 1934 1935 645 1935 1936 645 1936 1937 645 1937 1938 646 1938 1939 646 1939 1940 646 1940 1941 647 1941 1942 647 1942 1943 647 1943 1944 648 1944 1945 648 1945 1946 648 1946 1947 649 1947 1948 649 1948 1949 649 1949 1950 650 1950 1951 650 1951 1952 650 1952 1953 651 1953 1954 651 1954 1955 651 1955 1956 652 1956 1957 652 1957 1958 652 1958 1959 653 1959 1960 653 1960 1961 653 1961 1962 654 1962 1963 654 1963 1964 654 1964 1965 655 1965 1966 655 1966 1967 655 1967 1968 656 1968 1969 656 1969 1970 656 1970 1971 657 1971 1972 657 1972 1973 657 1973 1974 658 1974 1975 658 1975 1976 658 1976 1977 659 1977 1978 659 1978 1979 659 1979 1980 660 1980 1981 660 1981 1982 660 1982 1983 661 1983 1984 661 1984 1985 661 1985 1986 662 1986 1987 662 1987 1988 662 1988 1989 663 1989 1990 663 1990 1991 663 1991 1992 664 1992 1993 664 1993 1994 664 1994 1995 665 1995 1996 665 1996 1997 665 1997 1998 666 1998 1999 666 1999 2000 666 2000 2001 667 2001 2002 667 2002 2003 667 2003 2004 668 2004 2005 668 2005 2006 668 2006 2007 669 2007 2008 669 2008 2009 669 2009 2010 670 2010 2011 670 2011 2012 670 2012 2013 671 2013 2014 671 2014 2015 671 2015 2016 672 2016 2017 672 2017 2018 672 2018 2019 673 2019 2020 673 2020 2021 673 2021 2022 674 2022 2023 674 2023 2024 674 2024 2025 675 2025 2026 675 2026 2027 675 2027 2028 676 2028 2029 676 2029 2030 676 2030 2031 677 2031 2032 677 2032 2033 677 2033 2034 678 2034 2035 678 2035 2036 678 2036 2037 679 2037 2038 679 2038 2039 679 2039 2040 680 2040 2041 680 2041 2042 680 2042 2043 681 2043 2044 681 2044 2045 681 2045 2046 682 2046 2047 682 2047 2048 682 2048 2049 683 2049 2050 683 2050 2051 683 2051 2052 684 2052 2053 684 2053 2054 684 2054 2055 685 2055 2056 685 2056 2057 685 2057 2058 686 2058 2059 686 2059 2060 686 2060 2061 687 2061 2062 687 2062 2063 687 2063 2064 688 2064 2065 688 2065 2066 688 2066 2067 689 2067 2068 689 2068 2069 689 2069 2070 690 2070 2071 690 2071 2072 690 2072 2073 691 2073 2074 691 2074 2075 691 2075 2076 692 2076 2077 692 2077 2078 692 2078 2079 693 2079 2080 693 2080 2081 693 2081 2082 694 2082 2083 694 2083 2084 694 2084 2085 695 2085 2086 695 2086 2087 695 2087 2088 696 2088 2089 696 2089 2090 696 2090 2091 697 2091 2092 697 2092 2093 697 2093 2094 698 2094 2095 698 2095 2096 698 2096 2097 699 2097 2098 699 2098 2099 699 2099 2100 700 2100 2101 700 2101 2102 700 2102 2103 701 2103 2104 701 2104 2105 701 2105 2106 702 2106 2107 702 2107 2108 702 2108 2109 703 2109 2110 703 2110 2111 703 2111 2112 704 2112 2113 704 2113 2114 704 2114 2115 705 2115 2116 705 2116 2117 705 2117 2118 706 2118 2119 706 2119 2120 706 2120 2121 707 2121 2122 707 2122 2123 707 2123 2124 708 2124 2125 708 2125 2126 708 2126 2127 709 2127 2128 709 2128 2129 709 2129 2130 710 2130 2131 710 2131 2132 710 2132 2133 711 2133 2134 711 2134 2135 711 2135 2136 712 2136 2137 712 2137 2138 712 2138 2139 713 2139 2140 713 2140 2141 713 2141 2142 714 2142 2143 714 2143 2144 714 2144 2145 715 2145 2146 715 2146 2147 715 2147 2148 716 2148 2149 716 2149 2150 716 2150 2151 717 2151 2152 717 2152 2153 717 2153 2154 718 2154 2155 718 2155 2156 718 2156 2157 719 2157 2158 719 2158 2159 719 2159 2160 720 2160 2161 720 2161 2162 720 2162 2160 720 2163 2162 720 2164 2163 720 2165 2164 720 2166 2165 720 2167 2166 720 2168 2164 720 2169 2166 720 2170 2167 720 2171 2168 721 2172 2169 722 2173 2170 723 2174 2168 721 2175 2170 723 2176 2171 724 2177 2172 725 2178 2173 726 2179 2174 727 2180 2172 725 2181 2174 727 2182 2175 728 2183 2176 729 2184 2177 730 2185 2178 731 2186 2176 729 2187 2178 731 2188 2179 732 2189 2180 733 2190 2181 734 2191 2182 735 2192 2180 733 2193 2182 735 2194 2183 736 2195 2192 720 2196 2193 720 2197 2194 720 2198 2192 720 2199 2194 720 2200 2195 720 2201 2196 720 2202 2193 720 2203 2192 720 2204 2196 737 2205 2192 737 2206 2197 737 2207 2198 738 2208 2199 739 2209 2200 740 2210 2198 738 2211 2200 740 2212 2201 741 2213 2202 742 2214 2203 743 2215 2204 744 2216 2202 742 2217 2204 744 2218 2205 745 2219 2206 746 2220 2207 747 2221 2208 748 2222 2206 746 2223 2208 748 2224 2209 749 2225 2210 750 2226 2211 751 2227 2212 752 2228 2210 750 2229 2212 752 2230 2213 753 2231 2222 720 2232 2223 720 2233 2224 720 2234 2222 720 2235 2224 720 2236 2225 720 2237 2226 754 2238 2223 754 2239 2222 754 2240 2226 755 2241 2222 755 2242 2227 755 2243 2228 756 2244 2229 757 2245 2230 758 2246 2228 756 2247 2230 758 2248 2231 759 2249 2232 760 2250 2233 761 2251 2234 762 2252 2232 760 2253 2234 762 2254 2235 763 2255 2236 764 2256 2237 765 2257 2238 766 2258 2236 764 2259 2238 766 2260 2239 767 2261 2240 768 2262 2241 769 2263 2242 770 2264 2240 768 2265 2242 770 2266 2243 771 2267</p>
        </triangles>
      </mesh>
    </geometry>
  </library_geometries>
  <library_visual_scenes>
    <visual_scene id="Scene" name="Scene">
      <node id="Sketchfab_model" name="Sketchfab_model" type="NODE">
        <matrix sid="transform">1 0 0 0 0 1 0 0 0 0 1 0.00456051 0 0 0 1</matrix>
        <node id="root" name="root" type="NODE">
          <matrix sid="transform">1 0 0 0 0 1 0 0 0 0 1 0 0 0 0 1</matrix>
          <node id="GLTF_SceneRootNode" name="GLTF_SceneRootNode" type="NODE">
            <matrix sid="transform">1 0 0 0 0 1 0 0 0 0 1 0 0 0 0 1</matrix>
            <node id="node-0_0" name="node-0_0" type="NODE">
              <matrix sid="transform">1 0 0 0 0 1 0 0 0 0 1 0 0 0 0 1</matrix>
              <node id="Object_4" name="Object_4" type="NODE">
                <matrix sid="transform">1 0 0 0 0 1 0 0 0 0 1 -9.91985e-4 0 0 0 1</matrix>
                <instance_geometry url="#Object_0-mesh" name="Object_4">
                  <bind_material>
                    <technique_common>
                      <instance_material symbol="Shrub_mat-material" target="#Shrub_mat-material">
                        <bind_vertex_input semantic="UVMap" input_semantic="TEXCOORD" input_set="0"/>
                      </instance_material>
                    </technique_common>
                  </bind_material>
                </instance_geometry>
              </node>
            </node>
          </node>
        </node>
      </node>
    </visual_scene>
  </library_visual_scenes>
  <scene>
    <instance_visual_scene url="#Scene"/>
  </scene>
</COLLADA>