<?xml version="1.0" encoding="utf-8"?>
<COLLADA xmlns="http://www.collada.org/2005/11/COLLADASchema" version="1.4.1" xmlns:xsi="http://www.w3.org/2001/XMLSchema-instance">
  <asset>
    <contributor>
      <author>Blender User</author>
      <authoring_tool>Blender 4.5.5 LTS commit date:2025-11-17, commit time:16:03, hash:836beaaf597a</authoring_tool>
    </contributor>
    <created>2025-12-19T03:52:13</created>
    <modified>2025-12-19T03:52:13</modified>
    <unit name="meter" meter="1"/>
    <up_axis>Z_UP</up_axis>
  </asset>
  <library_effects>
    <effect id="Sun_Spear_001-effect">
      <profile_COMMON>
        <newparam sid="Sun_Spear_baseColor_png-surface">
          <surface type="2D">
            <init_from>Sun_Spear_baseColor_png</init_from>
          </surface>
        </newparam>
        <newparam sid="Sun_Spear_baseColor_png-sampler">
          <sampler2D>
            <source>Sun_Spear_baseColor_png-surface</source>
          </sampler2D>
        </newparam>
        <technique sid="common">
          <lambert>
            <emission>
              <color sid="emission">0 0 0 1</color>
            </emission>
            <diffuse>
              <texture texture="Sun_Spear_baseColor_png-sampler" texcoord="UVMap"/>
            </diffuse>
            <index_of_refraction>
              <float sid="ior">1.5</float>
            </index_of_refraction>
          </lambert>
        </technique>
      </profile_COMMON>
    </effect>
  </library_effects>
  <library_images>
    <image id="Sun_Spear_baseColor_png" name="Sun_Spear_baseColor_png">
      <init_from>Sun_Spear_baseColor.png</init_from>
    </image>
  </library_images>
  <library_materials>
    <material id="Sun_Spear_001-material" name="Sun_Spear.001">
      <instance_effect url="#Sun_Spear_001-effect"/>
    </material>
  </library_materials>
  <library_geometries>
    <geometry id="Spear_of_the_sun_Sun_Spear_0_001-mesh" name="Spear_of_the_sun_Sun_Spear_0.001">
      <mesh>
        <source id="Spear_of_the_sun_Sun_Spear_0_001-mesh-positions">
          <float_array id="Spear_of_the_sun_Sun_Spear_0_001-mesh-positions-array" count="1800">-0.002279341 -0.01626104 -1.476738 -0.09323084 -0.09124308 -1.536963 -0.02595305 -0.2349443 -1.314187 -0.09323084 -0.09124308 -1.536963 0.002018034 -0.1729359 -1.579099 -0.02595305 -0.2349443 -1.314187 0.002018034 -0.1729359 -1.579099 0.09297013 -0.09795385 -1.518874 -0.02595305 -0.2349443 -1.314187 0.09297013 -0.09795385 -1.518874 -0.002279341 -0.01626104 -1.476738 -0.02595305 -0.2349443 -1.314187 -0.01057094 -0.2321919 -1.676021 -0.09287452 -0.2073701 -1.776677 -0.0196042 -0.4682396 -1.813882 -0.09287452 -0.2073701 -1.776677 0.01031023 -0.2001907 -1.859278 -0.0196042 -0.4682396 -1.813882 0.01031023 -0.2001907 -1.859278 0.09261381 -0.2250131 -1.758623 -0.0196042 -0.4682396 -1.813882 0.09261381 -0.2250131 -1.758623 -0.01057094 -0.2321919 -1.676021 -0.0196042 -0.4682396 -1.813882 0.05329978 -0.03707647 1.569556 0.06268072 -0.01903527 1.569556 -1.29855e-4 9.63524e-4 1.569556 0.03868913 -0.05139398 1.569556 0.02027827 -0.06058657 1.569556 -1.29837e-4 -0.0637539 1.569556 -0.02053797 -0.06058657 1.569556 -0.03894877 -0.05139398 1.569556 -0.05355948 -0.03707647 1.569556 -0.06294041 -0.01903522 1.569556 -0.06617283 9.63542e-4 1.569556 -0.06294041 0.02096295 1.569556 -0.05355948 0.03900414 1.569556 -0.03894883 0.05332165 1.569556 -0.02053797 0.06251424 1.569556 -1.29872e-4 0.06568157 1.569556 0.02027827 0.06251424 1.569556 0.03868907 0.05332165 1.569556 0.05329972 0.03900414 1.569556 0.06268072 0.02096289 1.569556 0.06591308 9.63506e-4 1.569556 -0.005719721 0.02337348 -1.981279 -0.09353542 0.1078026 -1.929494 0.006031155 0.2408427 -2.146732 -0.09353542 0.1078026 -1.929494 0.005458772 0.1804028 -1.879988 0.006031155 0.2408427 -2.146732 0.005458772 0.1804028 -1.879988 0.09327441 0.09597367 -1.931773 0.006031155 0.2408427 -2.146732 0.09327441 0.09597367 -1.931773 -0.005719721 0.02337348 -1.981279 0.006031155 0.2408427 -2.146732 -0.00255984 0.1566278 -1.885084 -0.09346133 0.2038481 -1.801791 0.01791989 0.4359794 -1.894068 -0.09346133 0.2038481 -1.801791 0.002287149 0.2237432 -1.710398 0.01791989 0.4359794 -1.894068 0.002287149 0.2237432 -1.710398 0.09320032 0.1831817 -1.79764 0.01791989 0.4359794 -1.894068 0.09320032 0.1831817 -1.79764 -0.00255984 0.1566278 -1.885084 0.01791989 0.4359794 -1.894068 -0.005607962 0.1700819 -1.588586 -0.09353655 0.08353662 -1.540627 -0.006893634 0.2192493 -1.319538 -0.09353655 0.08353662 -1.540627 0.005347073 0.008933007 -1.49396 -0.006893634 0.2192493 -1.319538 0.005347073 0.008933007 -1.49396 0.09327572 0.09547901 -1.541918 -0.006893634 0.2192493 -1.319538 0.09327572 0.09547901 -1.541918 -0.005607962 0.1700819 -1.588586 -0.006893634 0.2192493 -1.319538 -0.04801899 0.05898666 -2.53803 0.06029933 0.04758262 -2.53803 -1.30623e-4 -0.006277859 -2.83632 -1.30623e-4 -0.006277859 -2.83632 0.04775786 -0.0715425 -2.53803 -0.06056046 -0.06013852 -2.53803 0.06029933 0.04758262 -2.53803 0.04775786 -0.0715425 -2.53803 -1.30623e-4 -0.006277859 -2.83632 -0.06056046 -0.06013852 -2.53803 -0.04801899 0.05898666 -2.53803 -1.30623e-4 -0.006277859 -2.83632 -0.01151144 -0.172461 -1.532963 -0.09281402 -0.211549 -1.629832 -0.0177083 -0.4447839 -1.508314 -0.09281402 -0.211549 -1.629832 0.01125073 -0.2524976 -1.70065 -0.0177083 -0.4447839 -1.508314 0.01125073 -0.2524976 -1.70065 0.09255331 -0.2134097 -1.603782 -0.0177083 -0.4447839 -1.508314 0.09255331 -0.2134097 -1.603782 -0.01151144 -0.172461 -1.532963 -0.0177083 -0.4447839 -1.508314 -0.003742337 -0.2168258 -1.835328 -0.09742516 -0.1463536 -1.907624 0.005285322 -0.3054326 -2.064593 -0.09742516 -0.1463536 -1.907624 0.003481447 -0.07776975 -1.971527 0.005285322 -0.3054326 -2.064593 0.003481447 -0.07776975 -1.971527 0.09716433 -0.1482427 -1.899232 0.005285322 -0.3054326 -2.064593 0.09716433 -0.1482427 -1.899232 -0.003742337 -0.2168258 -1.835328 0.005285322 -0.3054326 -2.064593 0.004817783 0.2196822 -1.741958 -0.09307962 0.2006085 -1.654262 0.02075195 0.4556836 -1.5987 -0.09307962 0.2006085 -1.654262 -0.005543112 0.1715857 -1.560237 0.02075195 0.4556836 -1.5987 -0.005543112 0.1715857 -1.560237 0.09281873 0.1810542 -1.64831 0.02075195 0.4556836 -1.5987 0.09281873 0.1810542 -1.64831 0.004817783 0.2196822 -1.741958 0.02075195 0.4556836 -1.5987 -1.30361e-4 -0.06186586 -1.420228 0.03917622 -0.04558461 -1.420228 -1.30375e-4 -0.006277978 -1.414753 -0.03943693 -0.04558455 -1.420228 -1.30361e-4 -0.06186586 -1.420228 -1.30375e-4 -0.006277978 -1.414753 -0.05571818 -0.006277978 -1.420228 -0.03943693 -0.04558455 -1.420228 -1.30375e-4 -0.006277978 -1.414753 -0.03943693 0.03302854 -1.420228 -0.05571818 -0.006277978 -1.420228 -1.30375e-4 -0.006277978 -1.414753 -1.3039e-4 0.04930979 -1.420228 -0.03943693 0.03302854 -1.420228 -1.30375e-4 -0.006277978 -1.414753 0.03917616 0.03302854 -1.420228 -1.3039e-4 0.04930979 -1.420228 -1.30375e-4 -0.006277978 -1.414753 0.05545741 -0.006278038 -1.420228 0.03917616 0.03302854 -1.420228 -1.30375e-4 -0.006277978 -1.414753 0.03917622 -0.04558461 -1.420228 0.05545741 -0.006278038 -1.420228 -1.30375e-4 -0.006277978 -1.414753 0.0391761 -0.04558455 -1.979148 -1.30458e-4 -0.0618658 -1.979148 -1.30474e-4 -0.006277918 -1.984623 -1.30458e-4 -0.0618658 -1.979148 -0.03943705 -0.04558455 -1.979148 -1.30474e-4 -0.006277918 -1.984623 -0.03943705 -0.04558455 -1.979148 -0.0557183 -0.006277918 -1.979148 -1.30474e-4 -0.006277918 -1.984623 -0.0557183 -0.006277918 -1.979148 -0.03943705 0.0330286 -1.979148 -1.30474e-4 -0.006277918 -1.984623 -0.03943705 0.0330286 -1.979148 -1.30488e-4 0.04930984 -1.979148 -1.30474e-4 -0.006277918 -1.984623 -1.30488e-4 0.04930984 -1.979148 0.0391761 0.0330286 -1.979148 -1.30474e-4 -0.006277918 -1.984623 0.0391761 0.0330286 -1.979148 0.05545735 -0.006277978 -1.979148 -1.30474e-4 -0.006277918 -1.984623 0.05545735 -0.006277978 -1.979148 0.0391761 -0.04558455 -1.979148 -1.30474e-4 -0.006277918 -1.984623 0.06268042 -0.0190351 -0.07991051 0.05329948 -0.03707635 -0.07991051 0.05329924 -0.03707623 -1.503837 0.06268018 -0.01903498 -1.503837 0.03868883 -0.05139386 -0.07991051 0.0386886 -0.05139374 -1.503837 0.02027797 -0.06058645 -0.07991051 0.02027773 -0.06058633 -1.503837 -1.30126e-4 -0.06375378 -0.07991051 -1.30375e-4 -0.06375366 -1.503837 -0.02053827 -0.06058645 -0.07991051 -0.0205385 -0.06058633 -1.503837 -0.03894907 -0.0513938 -0.07991051 -0.03894937 -0.05139368 -1.503837 -0.05355978 -0.03707629 -0.07991051 -0.05356001 -0.03707617 -1.503837 -0.06294071 -0.0190351 -0.07991051 -0.06294095 -0.01903498 -1.503837 -0.06617307 9.63685e-4 -0.07991051 -0.06617337 9.6381e-4 -1.503837 -0.06294071 0.02096307 -0.07991051 -0.06294095 0.02096319 -1.503837 -0.05355978 0.03900432 -0.07991051 -0.05356001 0.03900444 -1.503837 -0.03894913 0.05332177 -0.07991051 -0.03894937 0.05332195 -1.503837 -0.02053827 0.06251442 -0.07991051 -0.0205385 0.06251454 -1.503837 -1.3016e-4 0.06568169 -0.07991051 -1.30409e-4 0.06568181 -1.503837 -1.3016e-4 0.06568169 -0.07991051 0.02027797 0.06251436 -0.07991051 0.02027773 0.06251448 -1.503837 -1.30409e-4 0.06568181 -1.503837 0.03868877 0.05332177 -0.07991051 0.03868854 0.05332189 -1.503837 0.05329948 0.03900426 -0.07991051 0.05329918 0.03900438 -1.503837 0.06268042 0.02096307 -0.07991051 0.06268018 0.02096319 -1.503837 0.06591284 9.6365e-4 -0.07991051 0.06591254 9.63774e-4 -1.503837 0.06268072 -0.01903527 1.517314 0.05329978 -0.03707647 1.517314 0.05329972 -0.03707647 1.344016 0.06268066 -0.01903527 1.344016 0.03868907 -0.05139398 1.517314 0.03868907 -0.05139398 1.344016 0.02027827 -0.06058657 1.517314 0.02027827 -0.06058657 1.344016 -1.29846e-4 -0.0637539 1.517314 -1.29877e-4 -0.0637539 1.344016 -0.02053797 -0.06058657 1.517314 -0.02053797 -0.06058657 1.344016 -0.03894883 -0.05139398 1.517314 -0.03894883 -0.05139398 1.344016 -0.05355948 -0.03707647 1.517314 -0.05355948 -0.03707647 1.344016 -0.06294041 -0.01903522 1.517314 -0.06294041 -0.01903522 1.344016 -0.06617283 9.63546e-4 1.517314 -0.06617283 9.63561e-4 1.344016 -0.06294041 0.02096295 1.517314 -0.06294047 0.02096295 1.344016 -0.05355948 0.03900414 1.517314 -0.05355954 0.0390042 1.344016 -0.03894883 0.05332165 1.517314 -0.03894889 0.05332165 1.344016 -0.02053803 0.06251424 1.517314 -0.02053803 0.0625143 1.344016 -1.29881e-4 0.06568157 1.517314 -1.29911e-4 0.06568157 1.344016 -1.29881e-4 0.06568157 1.517314 0.02027821 0.06251424 1.517314 0.02027821 0.06251424 1.344016 -1.29911e-4 0.06568157 1.344016 0.03868907 0.05332165 1.517314 0.03868901 0.05332165 1.344016 0.05329972 0.03900414 1.517314 0.05329972 0.03900414 1.344016 0.06268066 0.02096289 1.517314 0.06268066 0.02096289 1.344016 0.06591308 9.63511e-4 1.517314 0.06591308 9.63526e-4 1.344016 0.06268072 -0.01903527 1.566625 0.05329978 -0.03707647 1.566625 0.03868913 -0.05139398 1.566625 0.02027827 -0.06058657 1.566625 -1.29838e-4 -0.0637539 1.566625 -0.02053797 -0.06058657 1.566625 -0.03894883 -0.05139398 1.566625 -0.05355948 -0.03707647 1.566625 -0.06294041 -0.01903522 1.566625 -0.06617283 9.63542e-4 1.566625 -0.06294041 0.02096295 1.566625 -0.05355948 0.03900414 1.566625 -0.03894883 0.05332165 1.566625 -0.02053797 0.06251424 1.566625 -1.29873e-4 0.06568157 1.566625 -1.29873e-4 0.06568157 1.566625 0.02027827 0.06251424 1.566625 0.03868907 0.05332165 1.566625 0.05329972 0.03900414 1.566625 0.06268072 0.02096289 1.566625 0.06591308 9.63506e-4 1.566625 0.07852476 9.63772e-4 -1.508439 0.07467508 -0.01903498 -1.508439 0.07467508 -0.01903498 -1.514355 0.07852476 9.63772e-4 -1.514355 0.07467508 0.02096319 -1.508439 0.07467508 0.02096319 -1.514355 0.06350266 0.03900438 -1.508439 0.06350266 0.03900438 -1.514355 0.0461018 0.05332189 -1.508439 0.0461018 0.05332189 -1.514355 0.02417504 0.06251448 -1.508439 0.02417504 0.06251454 -1.514355 -1.3041e-4 0.06568181 -1.508439 -1.30411e-4 0.06568187 -1.514355 -0.02443587 0.06251454 -1.508439 -1.3041e-4 0.06568181 -1.508439 -1.30411e-4 0.06568187 -1.514355 -0.02443587 0.06251454 -1.514355 -0.04636257 0.05332195 -1.508439 -0.04636257 0.05332195 -1.514355 -0.06376343 0.03900444 -1.508439 -0.06376343 0.03900444 -1.514355 -0.07493585 0.02096319 -1.508439 -0.07493585 0.02096319 -1.514355 -0.07878553 9.63814e-4 -1.508439 -0.07878553 9.63815e-4 -1.514355 -0.07493585 -0.01903498 -1.508439 -0.07493585 -0.01903498 -1.514355 -0.06376343 -0.03707617 -1.508439 -0.06376343 -0.03707617 -1.514355 -0.04636257 -0.05139368 -1.508439 -0.04636257 -0.05139368 -1.514355 -0.02443581 -0.06058627 -1.508439 -0.02443581 -0.06058627 -1.514355 -1.30375e-4 -0.06375366 -1.508439 -0.02443581 -0.06058627 -1.508439 -0.02443581 -0.06058627 -1.514355 -1.30376e-4 -0.06375366 -1.514355 0.0241751 -0.06058633 -1.508439 0.0241751 -0.06058633 -1.514355 0.0461018 -0.05139374 -1.508439 0.0461018 -0.05139374 -1.514355 0.06350266 -0.03707623 -1.508439 0.06350266 -0.03707623 -1.514355 0.06268072 -0.01903527 1.569556 0.05329978 -0.03707647 1.569556 0.03868913 -0.05139398 1.569556 0.02027827 -0.06058657 1.569556 -1.29837e-4 -0.0637539 1.569556 -0.02053797 -0.06058657 1.569556 -0.03894877 -0.05139398 1.569556 -0.05355948 -0.03707647 1.569556 -0.06294041 -0.01903522 1.569556 -0.06617283 9.63542e-4 1.569556 -0.06294041 0.02096295 1.569556 -0.05355948 0.03900414 1.569556 -0.03894883 0.05332165 1.569556 -0.02053797 0.06251424 1.569556 -1.29872e-4 0.06568157 1.569556 -1.29872e-4 0.06568157 1.569556 0.02027827 0.06251424 1.569556 0.03868907 0.05332165 1.569556 0.05329972 0.03900414 1.569556 0.06268072 0.02096289 1.569556 0.06591308 9.63506e-4 1.569556 0.05329948 -0.03707635 -0.07991051 0.06268042 -0.0190351 -0.07991051 0.03868883 -0.05139386 -0.07991051 0.02027797 -0.06058645 -0.07991051 -1.30126e-4 -0.06375378 -0.07991051 -0.02053827 -0.06058645 -0.07991051 -0.03894907 -0.0513938 -0.07991051 -0.05355978 -0.03707629 -0.07991051 -0.06294071 -0.0190351 -0.07991051 -0.06617307 9.63685e-4 -0.07991051 -0.06294071 0.02096307 -0.07991051 -0.05355978 0.03900432 -0.07991051 -0.03894913 0.05332177 -0.07991051 -0.02053827 0.06251442 -0.07991051 -1.3016e-4 0.06568169 -0.07991051 0.02027797 0.06251436 -0.07991051 -1.3016e-4 0.06568169 -0.07991051 0.03868877 0.05332177 -0.07991051 0.05329948 0.03900426 -0.07991051 0.06268042 0.02096307 -0.07991051 0.06591284 9.6365e-4 -0.07991051 -0.03781914 0.04508531 -2.13717 0.04742813 0.03611069 -2.13717 0.09973686 0.08273255 -2.321078 -0.07927107 0.1015791 -2.321078 0.04742813 0.03611069 -2.13717 0.03755813 -0.05764126 -2.13717 0.07901006 -0.114135 -2.321078 0.09973686 0.08273255 -2.321078 -0.09999793 -0.09528851 -2.321078 0.07901006 -0.114135 -2.321078 0.03755813 -0.05764126 -2.13717 -0.04768913 -0.04866659 -2.13717 -0.04768913 -0.04866659 -2.13717 -0.03781914 0.04508531 -2.13717 -0.07927107 0.1015791 -2.321078 -0.09999793 -0.09528851 -2.321078 -0.06887978 0.08741718 -1.923479 0.08662426 0.07104575 -1.923479 0.08662426 0.07104575 -1.923479 0.06861883 -0.09997314 -1.923479 0.06861883 -0.09997314 -1.923479 -0.08688515 -0.08360171 -1.923479 -0.08688515 -0.08360171 -1.923479 -0.06887978 0.08741718 -1.923479 -1.30349e-4 -0.1153177 -1.436442 0.0769723 -0.08338069 -1.436442 -0.07723301 -0.08338069 -1.436442 -1.30349e-4 -0.1153177 -1.436442 -0.10917 -0.006277978 -1.436442 -0.07723301 -0.08338069 -1.436442 -0.07723307 0.07082468 -1.436442 -0.10917 -0.006277978 -1.436442 -1.30408e-4 0.1027616 -1.436442 -0.07723307 0.07082468 -1.436442 0.0769723 0.07082462 -1.436442 -1.30408e-4 0.1027616 -1.436442 0.1089093 -0.006278038 -1.436442 0.0769723 0.07082462 -1.436442 0.0769723 -0.08338069 -1.436442 0.1089093 -0.006278038 -1.436442 -1.3034e-4 -0.1645795 -1.462773 0.1118055 -0.1182139 -1.462773 -0.1120662 -0.1182138 -1.462773 -1.3034e-4 -0.1645795 -1.462773 -0.1584318 -0.006277918 -1.462773 -0.1120662 -0.1182138 -1.462773 -0.1120663 0.1056579 -1.462773 -0.1584318 -0.006277918 -1.462773 -1.30425e-4 0.1520234 -1.462773 -0.1120663 0.1056579 -1.462773 0.1118054 0.1056578 -1.462773 -1.30425e-4 0.1520234 -1.462773 0.1581711 -0.006278038 -1.462773 0.1118054 0.1056578 -1.462773 0.1118055 -0.1182139 -1.462773 0.1581711 -0.006278038 -1.462773 -1.30335e-4 -0.2077574 -1.498209 0.142337 -0.1487454 -1.498209 -0.1425976 -0.1487452 -1.498209 -1.30335e-4 -0.2077574 -1.498209 -0.2016097 -0.006277918 -1.498209 -0.1425976 -0.1487452 -1.498209 -0.1425977 0.1361893 -1.498209 -0.2016097 -0.006277918 -1.498209 -1.30443e-4 0.1952013 -1.498209 -0.1425977 0.1361893 -1.498209 0.1423369 0.1361892 -1.498209 -1.30443e-4 0.1952013 -1.498209 0.201349 -0.006278038 -1.498209 0.1423369 0.1361892 -1.498209 0.142337 -0.1487454 -1.498209 0.201349 -0.006278038 -1.498209 -1.30333e-4 -0.2431927 -1.541386 0.1673939 -0.1738024 -1.541386 -0.1676546 -0.1738023 -1.541386 -1.30333e-4 -0.2431927 -1.541386 -0.2370451 -0.006277918 -1.541386 -0.1676546 -0.1738023 -1.541386 -0.1676548 0.1612464 -1.541386 -0.2370451 -0.006277918 -1.541386 -1.3046e-4 0.2306367 -1.541386 -0.1676548 0.1612464 -1.541386 0.1673939 0.1612462 -1.541386 -1.3046e-4 0.2306367 -1.541386 0.2367842 -0.006278038 -1.541386 0.1673939 0.1612462 -1.541386 0.1673939 -0.1738024 -1.541386 0.2367842 -0.006278038 -1.541386 -1.30335e-4 -0.2695236 -1.590648 0.1860126 -0.192421 -1.590648 -0.1862733 -0.1924209 -1.590648 -1.30335e-4 -0.2695236 -1.590648 -0.2633761 -0.006277918 -1.590648 -0.1862733 -0.1924209 -1.590648 -0.1862733 0.179865 -1.590648 -0.2633761 -0.006277918 -1.590648 -1.30476e-4 0.2569677 -1.590648 -0.1862733 0.179865 -1.590648 0.1860125 0.1798649 -1.590648 -1.30476e-4 0.2569677 -1.590648 0.2631152 -0.006278038 -1.590648 0.1860125 0.1798649 -1.590648 0.1860126 -0.192421 -1.590648 0.2631152 -0.006278038 -1.590648 -1.3034e-4 -0.2857382 -1.6441 0.1974777 -0.2038861 -1.6441 -0.1977384 -0.203886 -1.6441 -1.3034e-4 -0.2857382 -1.6441 -0.2795906 -0.006277918 -1.6441 -0.1977384 -0.203886 -1.6441 -0.1977385 0.1913301 -1.6441 -0.2795906 -0.006277918 -1.6441 -1.3049e-4 0.2731822 -1.6441 -0.1977385 0.1913301 -1.6441 0.1974776 0.19133 -1.6441 -1.3049e-4 0.2731822 -1.6441 0.2793298 -0.006278038 -1.6441 0.1974776 0.19133 -1.6441 0.1974777 -0.2038861 -1.6441 0.2793298 -0.006278038 -1.6441 -1.30348e-4 -0.2912132 -1.699688 0.201349 -0.2077574 -1.699688 -0.2016097 -0.2077573 -1.699688 -1.30348e-4 -0.2912132 -1.699688 -0.2850657 -0.006277918 -1.699688 -0.2016097 -0.2077573 -1.699688 -0.2016099 0.1952014 -1.699688 -0.2850657 -0.006277918 -1.699688 -1.30501e-4 0.2786573 -1.699688 -0.2016099 0.1952014 -1.699688 0.2013489 0.1952013 -1.699688 -1.30501e-4 0.2786573 -1.699688 0.2848048 -0.006278038 -1.699688 0.2013489 0.1952013 -1.699688 0.201349 -0.2077574 -1.699688 0.2848048 -0.006278038 -1.699688 -1.30359e-4 -0.2857382 -1.755276 0.1974776 -0.2038861 -1.755276 -0.1977384 -0.203886 -1.755276 -1.30359e-4 -0.2857382 -1.755276 -0.2795906 -0.006277918 -1.755276 -0.1977384 -0.203886 -1.755276 -0.1977385 0.1913301 -1.755276 -0.2795906 -0.006277918 -1.755276 -1.30509e-4 0.2731822 -1.755276 -0.1977385 0.1913301 -1.755276 0.1974775 0.19133 -1.755276 -1.30509e-4 0.2731822 -1.755276 0.2793298 -0.006278038 -1.755276 0.1974775 0.19133 -1.755276 0.1974776 -0.2038861 -1.755276 0.2793298 -0.006278038 -1.755276 -1.30373e-4 -0.2695236 -1.808728 0.1860125 -0.192421 -1.808728 -0.1862733 -0.1924208 -1.808728 -1.30373e-4 -0.2695236 -1.808728 -0.2633761 -0.006277918 -1.808727 -0.1862733 -0.1924208 -1.808728 -0.1862734 0.179865 -1.808727 -0.2633761 -0.006277918 -1.808727 -1.30514e-4 0.2569677 -1.808728 -0.1862734 0.179865 -1.808727 0.1860125 0.1798649 -1.808728 -1.30514e-4 0.2569677 -1.808728 0.2631152 -0.006278038 -1.808728 0.1860125 0.1798649 -1.808728 0.1860125 -0.192421 -1.808728 0.2631152 -0.006278038 -1.808728 -1.30388e-4 -0.2431926 -1.857989 0.1673939 -0.1738023 -1.85799 -0.1676547 -0.1738023 -1.857989 -1.30388e-4 -0.2431926 -1.857989 -0.2370451 -0.006277918 -1.857989 -0.1676547 -0.1738023 -1.857989 -0.1676548 0.1612464 -1.857989 -0.2370451 -0.006277918 -1.857989 -1.30516e-4 0.2306367 -1.857989 -0.1676548 0.1612464 -1.857989 0.1673938 0.1612463 -1.857989 -1.30516e-4 0.2306367 -1.857989 0.2367842 -0.006278038 -1.85799 0.1673938 0.1612463 -1.857989 0.1673939 -0.1738023 -1.85799 0.2367842 -0.006278038 -1.85799 -1.30405e-4 -0.2077574 -1.901167 0.1423369 -0.1487453 -1.901167 -0.1425977 -0.1487452 -1.901167 -1.30405e-4 -0.2077574 -1.901167 -0.2016099 -0.006277918 -1.901167 -0.1425977 -0.1487452 -1.901167 -0.1425978 0.1361894 -1.901167 -0.2016099 -0.006277918 -1.901167 -1.30514e-4 0.1952014 -1.901167 -0.1425978 0.1361894 -1.901167 0.1423368 0.1361892 -1.901167 -1.30514e-4 0.1952014 -1.901167 0.2013489 -0.006277978 -1.901167 0.1423368 0.1361892 -1.901167 0.1423369 -0.1487453 -1.901167 0.2013489 -0.006277978 -1.901167 -1.30423e-4 -0.1645795 -1.936603 0.1118054 -0.1182138 -1.936603 -0.1120663 -0.1182138 -1.936603 -1.30423e-4 -0.1645795 -1.936603 -0.158432 -0.006277918 -1.936603 -0.1120663 -0.1182138 -1.936603 -0.1120663 0.1056579 -1.936603 -0.158432 -0.006277918 -1.936603 -1.30508e-4 0.1520235 -1.936603 -0.1120663 0.1056579 -1.936603 0.1118054 0.1056578 -1.936603 -1.30508e-4 0.1520235 -1.936603 0.158171 -0.006277978 -1.936603 0.1118054 0.1056578 -1.936603 0.1118054 -0.1182138 -1.936603 0.158171 -0.006277978 -1.936603 -1.30441e-4 -0.1153176 -1.962934 0.07697224 -0.08338069 -1.962934 -0.07723313 -0.08338063 -1.962934 -1.30441e-4 -0.1153176 -1.962934 -0.1091701 -0.006277918 -1.962934 -0.07723313 -0.08338063 -1.962934 -0.07723319 0.07082474 -1.962934 -0.1091701 -0.006277918 -1.962934 -1.305e-4 0.1027616 -1.962934 -0.07723319 0.07082474 -1.962934 0.07697218 0.07082468 -1.962934 -1.305e-4 0.1027616 -1.962934 0.1089091 -0.006277978 -1.962934 0.07697218 0.07082468 -1.962934 0.07697224 -0.08338069 -1.962934 0.1089091 -0.006277978 -1.962934</float_array>
          <technique_common>
            <accessor source="#Spear_of_the_sun_Sun_Spear_0_001-mesh-positions-array" count="600" stride="3">
              <param name="X" type="float"/>
              <param name="Y" type="float"/>
              <param name="Z" type="float"/>
            </accessor>
          </technique_common>
        </source>
        <source id="Spear_of_the_sun_Sun_Spear_0_001-mesh-normals">
          <float_array id="Spear_of_the_sun_Sun_Spear_0_001-mesh-normals-array" count="1602">-0.7218978 0.4614586 0.515674 -0.690457 -0.6847583 -0.2331852 0.6717765 -0.7338575 -0.1008445 0.640338 0.4123615 0.6480164 -0.7737902 -0.2971212 0.5594353 -0.6210253 -0.06300401 -0.7812542 0.7359921 -0.1920788 -0.6491698 0.58323 -0.4261956 0.6915203 5.64101e-6 0 1 -5.64109e-6 0 1 0 0 1 1.12822e-5 0 1 -1.12822e-5 0 1 5.64104e-6 0 1 2.5688e-6 0 1 5.64105e-6 0 1 -1.12821e-5 0 1 -5.64087e-6 0 1 -2.56888e-6 0 1 -0.7182553 -0.3962909 -0.5718942 -0.6364732 0.752524 0.1691438 0.7302153 0.6659871 0.1524687 0.6484333 -0.4828262 -0.5885688 -0.6682531 0.0250799 -0.7435112 -0.6409684 0.5287353 0.5564159 0.7183605 0.4242281 0.5513517 0.6835248 -0.07346504 -0.7262209 -0.729987 0.6717014 -0.1262389 -0.6498417 -0.5072549 0.5660374 0.7168636 -0.4198839 0.5566005 0.6367129 0.7590713 -0.1356745 0.102933 0.9776992 -0.183055 0.1029325 0.9776906 -0.1831015 0.1026537 0.9750438 -0.1968547 -0.1026556 -0.9750437 -0.1968548 -0.102934 -0.9776991 -0.1830552 -0.1029331 -0.9776905 -0.1831017 0.9805517 -0.1032339 -0.1669169 0.9805598 -0.1032351 -0.1668685 0.9783328 -0.1029983 -0.1796003 -0.9805517 0.1032341 -0.1669169 -0.9805598 0.1032353 -0.1668682 -0.9783328 0.1029985 -0.1796002 -0.7783902 0.07413589 0.623388 -0.611858 -0.511407 -0.603401 0.7442675 -0.525018 -0.412822 0.5777484 0.06052559 0.8139678 -0.6937937 -0.6805155 0.2356882 -0.643624 0.2852241 -0.710208 0.7077833 0.2721052 -0.6519215 0.6576102 -0.6936347 0.2939724 -0.6481602 0.4266478 -0.6307616 -0.6976019 0.1591467 0.6985871 0.6644325 0.0395419 0.7463015 0.7536647 0.3031216 -0.5831869 0.1063777 -0.256834 0.9605832 0.1063881 -0.2568315 0.9605827 0.04056644 -0.0979343 0.9943658 -0.1063838 -0.256831 0.9605833 -0.1063809 -0.2568329 0.9605832 -0.0405597 -0.09793436 0.994366 -0.2568312 -0.1063827 0.9605835 -0.2568323 -0.1063839 0.960583 -0.09793394 -0.04056555 0.9943658 -0.2568307 0.1063873 0.960583 -0.2568333 0.1063828 0.9605829 -0.09793615 0.04056549 0.9943656 -0.1063748 0.2568341 0.9605836 -0.1063885 0.256831 0.9605828 -0.04056984 0.0979343 0.9943656 0.1063888 0.2568309 0.9605829 0.1063861 0.2568327 0.9605827 0.04057323 0.0979343 0.9943655 0.2568343 0.106387 0.9605821 0.2568316 0.1063875 0.9605828 0.09793061 0.04056555 0.9943662 0.2568298 -0.1063917 0.9605829 0.2568315 -0.1063835 0.9605833 0.09793287 -0.04056549 0.9943659 0.1063883 -0.2568324 -0.9605824 0.1063849 -0.2568341 -0.9605824 0.04056644 -0.09793853 -0.9943654 -0.1063895 -0.2568321 -0.9605824 -0.1063837 -0.2568342 -0.9605826 -0.04056644 -0.09793853 -0.9943654 -0.2568325 -0.1063842 -0.9605829 -0.2568358 -0.1063799 -0.9605825 -0.09793704 -0.04056733 -0.9943655 -0.2568379 0.1063792 -0.9605821 -0.2568324 0.1063844 -0.960583 -0.09793728 0.04056727 -0.9943654 -0.1063883 0.2568325 -0.9605824 -0.1063836 0.2568342 -0.9605826 -0.04056644 0.09793853 -0.9943654 0.1063854 0.2568324 -0.9605829 0.1063836 0.2568342 -0.9605825 0.04056644 0.09793853 -0.9943654 0.2568419 0.10638 -0.9605809 0.2568344 0.1063797 -0.9605829 0.09793704 0.04056733 -0.9943655 0.2568356 -0.1063755 -0.960583 0.2568352 -0.1063806 -0.9605827 0.09793728 -0.04056727 -0.9943654 0.93012 -0.367256 -1.97126e-7 0.7495997 -0.6618915 -1.93495e-7 0.7495651 -0.6619306 -3.16123e-6 0.9301291 -0.3672327 -5.44201e-5 0.51314 -0.858305 -1.7356e-7 0.5131003 -0.8583287 4.60057e-5 0.2582741 -0.9660717 -1.38486e-7 0.2582659 -0.9660739 2.7667e-5 -7.00793e-7 -1 0 9.50554e-6 -1 6.49191e-6 -0.2582754 -0.9660714 0 -0.2582664 -0.9660738 4.20138e-5 -0.513141 -0.8583045 3.84974e-5 -0.5131421 -0.8583038 4.15232e-5 -0.7496007 -0.6618905 0 -0.749608 -0.661882 -5.45115e-7 -0.9301205 -0.3672547 -2.13845e-5 -0.930099 -0.3673092 -8.05018e-6 -1 -1.98915e-6 1.77805e-7 -1 -3.48994e-5 -2.11309e-5 -0.9301024 0.3673006 1.95742e-7 -0.9301176 0.3672618 -5.67752e-6 -0.7495995 0.6618917 1.96543e-7 -0.7496289 0.6618585 -9.9563e-6 -0.5131398 0.8583052 1.74582e-7 -0.5131004 0.8583287 4.60024e-5 -0.2582737 0.9660719 1.31318e-7 -0.2582679 0.9660733 2.70251e-5 -3.98159e-5 1 -7.26e-6 -3.65973e-5 1 7.93869e-6 4.05312e-5 1 -7.26933e-6 0.2582753 0.9660714 0 0.258289 0.9660677 4.25952e-5 1.45733e-5 1 1.32353e-5 0.513141 0.8583043 0 0.513142 0.8583037 4.22849e-5 0.7496004 0.6618908 0 0.7496079 0.6618822 -1.03028e-6 0.9301028 0.3672996 -1.34037e-7 0.9300993 0.3673081 -5.07546e-5 1 -2.91166e-6 -1.77808e-7 1 2.97818e-5 -5.4284e-5 0.9301111 -0.3672784 -1.83882e-7 0.7496117 -0.6618779 3.94853e-6 0.7496192 -0.6618694 5.79096e-6 0.9301066 -0.3672897 -2.88889e-6 0.513107 -0.8583247 3.67107e-6 0.5131294 -0.8583113 1.72108e-6 0.2583063 -0.9660632 2.1506e-6 0.2582872 -0.9660682 -1.56881e-6 -2.41951e-6 -1 0 2.08798e-7 -1 0 -0.2583101 -0.9660621 2.24918e-6 -0.2582861 -0.9660686 -4.73717e-6 -0.5131093 -0.8583233 3.89077e-6 -0.5131279 -0.8583121 -3.00258e-6 -0.7496135 -0.6618759 4.18946e-6 -0.7496182 -0.6618705 -7.16094e-6 -0.9301123 -0.3672754 2.80624e-6 -0.9301059 -0.3672915 3.23635e-6 -1 -4.04203e-7 1.60335e-7 -1 -3.58192e-6 1.72093e-7 -0.9301119 0.3672764 2.87618e-6 -0.9301076 0.3672872 1.70432e-7 -0.7496116 0.6618781 4.2968e-6 -0.7496197 0.6618688 6.15977e-6 -0.5131068 0.8583248 4.04343e-6 -0.5131298 0.8583112 2.04425e-6 -0.2583061 0.9660632 2.36146e-6 -0.2582868 0.9660683 -1.2964e-6 -0.1225148 0.789406 0.6015219 -0.115503 0.5897588 0.799277 0.2691143 0.6641086 0.6975222 0.2583103 0.966062 2.36845e-6 0.2582863 0.9660685 -4.69247e-6 0.08861923 0.5710011 0.8161522 0.5131096 0.8583232 3.85011e-6 0.5131277 0.8583123 -3.03704e-6 0.7496132 0.6618763 4.05201e-6 0.7496178 0.661871 -7.29598e-6 0.9301131 0.3672733 2.57639e-6 0.9301068 0.3672893 2.97651e-6 1 -4.36155e-6 -1.64711e-7 1 -1.40298e-6 -1.72073e-7 0.9301168 -0.3672639 0 0.7496169 -0.6618719 3.64563e-6 0.5131091 -0.8583235 3.20234e-6 0.2582688 -0.9660732 2.28373e-6 5.23203e-6 -1 -2.74434e-7 -0.2582636 -0.9660746 2.19586e-6 -0.5131146 -0.8583202 4.17413e-6 -0.7496169 -0.661872 4.927e-6 -0.9301156 -0.3672668 2.78138e-6 -1 -3.47387e-6 0 -0.930119 0.3672586 2.77457e-6 -0.7496172 0.6618717 4.87605e-6 -0.5131094 0.8583233 4.09161e-6 -0.2582722 0.9660723 2.36926e-6 -0.1236593 0.7967999 0.5914544 0.2720116 0.6632904 0.6971769 0.258267 0.9660736 2.27004e-6 0.5131147 0.8583201 3.58115e-6 0.7496168 0.6618723 3.65385e-6 0.9301176 0.367262 2.88743e-6 1 5.36456e-6 0 1 -6.67684e-5 -1.56462e-5 0.9300926 -0.3673252 3.01003e-6 0.9301123 -0.3672752 0 1 -7.37116e-6 0 0.9300986 0.36731 -5.45382e-6 0.9301179 0.3672611 0 0.7495636 0.6619324 1.32024e-5 0.7496011 0.66189 0 0.5131055 0.8583256 1.94907e-5 0.5131481 0.8583001 2.59852e-7 0.258297 0.9660656 1.89543e-5 0.2583364 0.9660551 2.03729e-6 4.8995e-5 1 -4.14449e-6 4.94122e-5 1 1.10258e-5 -0.2582764 0.9660711 3.64631e-5 -2.67029e-5 1 1.58509e-5 -5.29736e-5 1 9.72506e-6 -0.2583281 0.9660574 0 -0.5131338 0.8583087 3.98457e-5 -0.5130993 0.8583293 0 -0.7496021 0.6618887 -1.76728e-5 -0.749631 0.6618561 0 -0.9300832 0.3673492 6.82473e-6 -0.9301165 0.3672646 1.29349e-6 -1 6.12177e-5 -2.04146e-5 -1 1.27522e-6 0 -0.9300978 -0.3673118 -1.78814e-7 -0.9300986 -0.3673101 0 -0.7496228 -0.6618653 8.22544e-6 -0.7495959 -0.6618958 0 -0.5131054 -0.8583256 1.90139e-5 -0.5131041 -0.8583265 0 -0.2583191 -0.9660598 2.47061e-5 -0.258308 -0.9660626 6.49395e-6 -2.50899e-5 -1 -1.59377e-5 -0.2582355 -0.9660821 7.65541e-6 -0.2582116 -0.9660884 6.50806e-6 -2.40126e-6 -1 4.20638e-7 0.2582767 -0.966071 3.65227e-5 0.2583312 -0.9660565 0 0.513134 -0.8583086 4.01437e-5 0.5130996 -0.8583292 0 0.7496027 -0.661888 -1.87755e-5 0.7496299 -0.6618574 0 0.6749415 -0.2938309 0.6768438 0.6450871 -0.4778128 0.5962866 0.4624155 -0.6488404 0.6042997 0.2346327 -0.7361947 0.6347951 4.69733e-6 -0.7385782 0.6741678 -0.234691 -0.7363597 0.6345822 -0.4629887 -0.6496302 0.603011 -0.645763 -0.4783157 0.5951507 -0.7437187 -0.2463544 0.6214436 -0.7397313 -1.35772e-6 0.6729024 -0.7437208 0.2463459 0.6214444 -0.6461969 0.4786347 0.5944227 -0.4624153 0.6488398 0.6043004 -0.2344872 0.7357224 0.6353963 -0.09326416 0.6009682 0.7938131 0.2348517 0.2156928 0.9477982 0.234685 0.7363607 0.6345833 0.4629889 0.6496305 0.6030104 0.6443432 0.4772646 0.5975286 0.7433927 0.2462403 0.6218788 0.7397548 7.40724e-6 0.6728766 0.6483182 -0.3465473 -0.6779296 0.7459473 -0.2485442 -0.6178904 0.5017556 -0.5370471 -0.6781016 0.2759514 -0.6819866 -0.6773073 -2.53045e-7 -0.7385795 -0.6741665 -0.1698068 -0.715854 -0.6772879 -0.3440041 -0.6494833 -0.6781097 -0.5214994 -0.5181391 -0.6779162 -0.6730017 -0.2979154 -0.6769898 -0.7397452 -1.47147e-6 -0.6728872 -0.7180351 0.1614239 -0.6770288 -0.6476441 0.3478303 -0.6779169 -0.5016567 0.5371295 -0.6781095 -0.2747412 0.6825374 -0.6772444 -0.1665847 0.4244673 0.8899872 0.1695641 0.715893 -0.6773074 0.1464989 0.9293268 0.3389539 0.3438939 0.6495499 -0.6781017 0.5204681 0.5191585 -0.6779289 0.6735132 0.2968468 -0.6769505 0.7397453 -2.13256e-6 -0.6728871 0.1045789 0.9933255 0.04866003 0.1045794 0.993325 0.04866993 0.1046898 0.9943843 0.01549285 0.1046898 0.9943845 0.01547479 0.9935091 -0.1045988 0.04470807 0.9935106 -0.1045991 0.04467517 0.9944152 -0.1046937 0.01333236 0.9944158 -0.1046921 0.01330661 -0.1046897 -0.9943843 0.01549267 -0.1046895 -0.9943845 0.01547467 -0.1045794 -0.9933254 0.04865992 -0.1045796 -0.9933249 0.04866993 -0.9935092 0.1045979 0.04470866 -0.9935087 0.1045978 0.04471945 -0.9944152 0.1046936 0.01333272 -0.9944158 0.104692 0.01330685 0.1030122 0.9784672 -0.1788587 0.1030128 0.9784672 -0.1788583 0.9811894 -0.1033011 -0.1630837 0.9811895 -0.1033022 -0.1630827 -0.1030122 -0.9784672 -0.1788588 -0.1030126 -0.9784672 -0.1788585 -0.9811896 0.1033011 -0.1630834 -0.9811895 0.1033022 -0.1630824 0.1724663 -0.4163783 0.8926839 0.1724729 -0.4163736 0.8926848 -0.1724717 -0.4163764 0.8926838 -0.1724666 -0.4163752 0.8926854 -0.4163779 -0.1724652 0.8926843 -0.4163746 -0.1724683 0.8926852 -0.4163783 0.1724684 0.8926835 -0.4163763 0.1724665 0.8926848 -0.1724616 0.4163786 0.8926847 -0.1724726 0.4163735 0.892685 0.1724717 0.4163765 0.8926838 0.1724666 0.4163753 0.8926852 0.4163796 0.1724643 0.8926838 0.4163738 0.1724694 0.8926854 0.4163772 -0.1724689 0.8926839 0.4163751 -0.172467 0.8926854 0.2349293 -0.5671539 0.7893952 0.2349227 -0.5671479 0.7894015 -0.2349268 -0.5671526 0.7893969 -0.2349193 -0.5671499 0.789401 -0.5671566 -0.2349182 0.7893966 -0.567148 -0.2349217 0.7894017 -0.5671533 0.2349233 0.7893974 -0.5671495 0.2349202 0.789401 -0.2349264 0.5671533 0.7893964 -0.2349225 0.5671482 0.7894014 0.2349268 0.5671525 0.789397 0.2349202 0.5671491 0.7894013 0.5671563 0.2349209 0.789396 0.5671461 0.2349237 0.7894024 0.5671534 -0.2349232 0.7893973 0.5671497 -0.2349202 0.789401 0.2878651 -0.6949623 0.6589091 0.2878646 -0.6949759 0.6588951 -0.287863 -0.6949584 0.658914 -0.2878665 -0.694978 0.6588919 -0.694962 -0.2878645 0.6589096 -0.694974 -0.2878703 0.6588945 -0.6949581 0.2878623 0.6589146 -0.6949775 0.2878681 0.6588916 -0.2878631 0.6949622 0.65891 -0.2878656 0.6949755 0.6588949 0.2878649 0.6949573 0.6589143 0.2878691 0.6949767 0.6588922 0.6949629 0.2878644 0.6589087 0.6949732 0.2878711 0.658895 0.6949594 -0.287862 0.6589134 0.6949764 -0.2878687 0.6588926 0.3294432 -0.7953445 0.5088167 0.3294477 -0.7953631 0.5087847 -0.3294444 -0.7953447 0.5088157 -0.3294487 -0.7953637 0.5087829 -0.7953452 -0.3294433 0.5088155 -0.7953623 -0.3294499 0.5087845 -0.7953448 0.329443 0.5088164 -0.7953637 0.3294498 0.5087825 -0.3294426 0.7953444 0.5088172 -0.3294494 0.7953627 0.5087841 0.3294438 0.795345 0.5088155 0.3294487 0.7953635 0.5087835 0.795345 0.3294432 0.5088158 0.7953624 0.3294499 0.5087843 0.795345 -0.3294435 0.5088158 0.7953625 -0.3294511 0.5087835 0.3590952 -0.86693 0.3456634 0.3591005 -0.8669457 0.3456183 -0.3591035 -0.8669472 0.3456115 -0.3590987 -0.8669448 0.3456225 -0.8669462 -0.359101 0.3456166 -0.8669459 -0.3590991 0.3456191 -0.8669476 0.3591012 0.3456128 -0.8669446 0.3590996 0.3456221 -0.3590953 0.8669299 0.3456634 -0.3591011 0.8669458 0.3456179 0.3591034 0.8669472 0.3456115 0.3591001 0.8669442 0.3456227 0.866946 0.3591018 0.3456162 0.8669457 0.3591001 0.3456187 0.8669475 -0.3591018 0.3456125 0.8669446 -0.3590996 0.3456222 0.3767998 -0.9096764 0.1746733 0.3768032 -0.9096841 0.1746261 -0.376805 -0.9096843 0.1746211 -0.376801 -0.9096841 0.1746309 -0.9096845 -0.3768026 0.1746251 -0.9096835 -0.3768044 0.1746268 -0.9096691 0.3767962 0.1747193 -0.9096745 0.3768016 0.1746792 -0.3768006 0.909676 0.1746736 -0.376804 0.9096838 0.1746264 0.3768028 0.909676 0.1746698 0.3768029 0.9096834 0.1746302 0.9096771 0.3767982 0.1746734 0.9096759 0.3768002 0.1746751 0.9096692 -0.376796 0.1747189 0.9096826 -0.3768047 0.1746305 0.3826839 -0.9238794 -3.33751e-6 0.3826845 -0.9238791 2.89592e-6 -0.3826848 -0.9238791 -3.01547e-6 -0.3826844 -0.9238792 3.89132e-6 -0.923879 -0.382685 -3.80349e-6 -0.9238792 -0.3826844 3.43265e-6 -0.923879 0.3826848 -3.02766e-6 -0.923879 0.3826848 3.67419e-6 -0.382683 0.9238798 -3.14233e-6 -0.3826853 0.9238787 2.88128e-6 0.3826848 0.9238791 -3.16917e-6 0.3826844 0.9238792 3.31067e-6 0.9238791 0.3826845 -3.57172e-6 0.9238789 0.3826851 2.99351e-6 0.9238794 -0.3826839 -3.05938e-6 0.9238796 -0.3826836 3.80349e-6 0.3768023 -0.9096837 -0.1746304 0.3768036 -0.9096847 -0.1746221 -0.3768031 -0.9096841 -0.1746265 -0.3768001 -0.9096762 -0.1746738 -0.9096743 -0.3768019 -0.17468 -0.9096858 -0.3768013 -0.1746215 -0.909675 0.376802 -0.1746763 -0.909685 0.3768013 -0.1746254 -0.3768014 0.909684 -0.1746304 -0.376804 0.9096846 -0.1746221 0.3767997 0.9096761 -0.1746753 0.3767986 0.9096769 -0.174674 0.909675 0.3768007 -0.1746793 0.909685 0.3768029 -0.1746221 0.9096753 -0.3768014 -0.1746764 0.9096853 -0.3768005 -0.1746256 0.3590989 -0.8669446 -0.345623 0.3591049 -0.8669464 -0.3456121 -0.3590993 -0.8669461 -0.3456187 -0.3591029 -0.8669453 -0.3456169 -0.866944 -0.3591005 -0.3456227 -0.866948 -0.3591013 -0.3456119 -0.8669283 0.3590972 -0.3456653 -0.8669467 0.3590996 -0.3456167 -0.3590996 0.8669441 -0.345623 -0.3591046 0.8669465 -0.3456122 0.3591001 0.8669459 -0.3456181 0.3591011 0.8669461 -0.3456171 0.8669441 0.3591004 -0.3456226 0.8669477 0.3591019 -0.3456118 0.8669284 -0.3590966 -0.3456659 0.8669463 -0.3590995 -0.345618 0.3294467 -0.795365 -0.5087823 0.329447 -0.7953445 -0.508814 -0.3294482 -0.7953634 -0.5087836 -0.3294447 -0.7953448 -0.5088152 -0.7953647 -0.3294489 -0.5087814 -0.7953444 -0.3294451 -0.5088155 -0.7953631 0.3294507 -0.5087827 -0.7953469 0.3294418 -0.5088139 -0.3294485 0.7953644 -0.5087821 -0.3294453 0.7953448 -0.5088146 0.3294497 0.7953633 -0.5087832 0.3294447 0.7953445 -0.5088158 0.7953626 0.3294523 -0.5087824 0.7953453 0.3294463 -0.5088135 0.7953402 -0.3294403 -0.5088254 0.795345 -0.3294426 -0.5088164 0.2878565 -0.6949505 -0.6589254 0.2878654 -0.694961 -0.6589102 -0.2878722 -0.694977 -0.6588905 -0.2878642 -0.6949661 -0.6589055 -0.6949844 -0.2878665 -0.6588851 -0.6949608 -0.2878637 -0.6589111 -0.6949782 0.2878671 -0.6588914 -0.6949688 0.2878624 -0.6589034 -0.2878583 0.6949498 -0.6589252 -0.2878652 0.6949615 -0.6589099 0.2878734 0.6949765 -0.6588904 0.2878641 0.6949661 -0.6589055 0.6949794 0.2878684 -0.6588896 0.6949617 0.2878635 -0.6589103 0.6949794 -0.2878659 -0.6588907 0.6949656 -0.2878628 -0.6589066 0.2349221 -0.5671479 -0.7894018 0.2349219 -0.5671534 -0.7893977 -0.2349219 -0.5671489 -0.789401 -0.2349192 -0.5671561 -0.7893965 -0.5671525 -0.2349199 -0.789399 -0.5671527 -0.2349249 -0.7893972 -0.567147 0.2349222 -0.7894022 -0.567157 0.2349241 -0.7893945 -0.2349231 0.567148 -0.7894012 -0.234923 0.567155 -0.7893963 0.2349236 0.567148 -0.7894011 0.2349202 0.5671557 -0.7893965 0.567148 0.2349196 -0.7894023 0.5671532 0.2349247 -0.7893971 0.5671481 -0.2349195 -0.7894023 0.5671526 -0.2349229 -0.789398 0.172481 -0.416408 -0.8926673 0.1724664 -0.4163697 -0.8926879 -0.1724798 -0.4164088 -0.8926671 -0.172484 -0.4164087 -0.8926664 -0.4163662 -0.1724656 -0.8926897 -0.4163705 -0.1724653 -0.8926878 -0.4163647 0.1724687 -0.8926898 -0.4163712 0.1724652 -0.8926874 -0.1724798 0.4164083 -0.8926673 -0.1724658 0.4163701 -0.8926878 0.1724801 0.4164091 -0.8926669 0.1724836 0.4164085 -0.8926664 0.4163638 0.1724656 -0.8926908 0.41637 0.1724653 -0.892688 0.4163675 -0.1724647 -0.8926892 0.4163699 -0.1724616 -0.8926888 0 0 -1 2.68106e-5 0 -1 -1.94791e-5 0 -1 -1.12822e-5 0 -1 1.12822e-5 0 -1 1.94791e-5 0 -1 2.08785e-5 0 -1 -2.68106e-5 0 -1</float_array>
          <technique_common>
            <accessor source="#Spear_of_the_sun_Sun_Spear_0_001-mesh-normals-array" count="534" stride="3">
              <param name="X" type="float"/>
              <param name="Y" type="float"/>
              <param name="Z" type="float"/>
            </accessor>
          </technique_common>
        </source>
        <source id="Spear_of_the_sun_Sun_Spear_0_001-mesh-map-0">
          <float_array id="Spear_of_the_sun_Sun_Spear_0_001-mesh-map-0-array" count="3984">0.239231 0.645588 0.225845 0.69529 0.09220695 0.654208 0.225845 0.69529 0.2101539 0.74191 0.09220695 0.654208 0.813555 0.951535 0.830514 0.902288 0.700683 0.854799 0.830514 0.902288 0.849628 0.856382 0.700683 0.854799 0.881275 0.25943 0.931357 0.27124 0.88896 0.404577 0.931357 0.27124 0.977438 0.288793 0.88896 0.404577 0.406286 0.542251 0.400961 0.594903 0.535686 0.61684 0.400961 0.594903 0.389181 0.643878 0.535686 0.61684 0.413881 0.28007 0.417794 0.271419 0.383448 0.266789 0.406989 0.287431 0.413881 0.28007 0.383448 0.266789 0.397792 0.292779 0.406989 0.287431 0.383448 0.266789 0.387191 0.295591 0.397792 0.292779 0.383448 0.266789 0.376223 0.295593 0.387191 0.295591 0.383448 0.266789 0.365962 0.292783 0.376223 0.295593 0.383448 0.266789 0.357412 0.287438 0.365962 0.292783 0.383448 0.266789 0.351411 0.280079 0.357412 0.287438 0.383448 0.266789 0.348545 0.271428 0.351411 0.280079 0.383448 0.266789 0.349096 0.262332 0.348545 0.271428 0.383448 0.266789 0.353008 0.25368 0.349096 0.262332 0.383448 0.266789 0.3599 0.24632 0.353008 0.25368 0.383448 0.266789 0.369097 0.2409719 0.3599 0.24632 0.383448 0.266789 0.379698 0.23816 0.369097 0.2409719 0.383448 0.266789 0.390666 0.2381579 0.379698 0.23816 0.383448 0.266789 0.400927 0.2409679 0.390666 0.2381579 0.383448 0.266789 0.409477 0.2463129 0.400927 0.2409679 0.383448 0.266789 0.415478 0.253671 0.409477 0.2463129 0.383448 0.266789 0.418345 0.262322 0.415478 0.253671 0.383448 0.266789 0.417794 0.271419 0.418345 0.262322 0.383448 0.266789 0.2225919 0.770426 0.2340199 0.718882 0.368847 0.764086 0.2340199 0.718882 0.252799 0.676221 0.368847 0.764086 0.858462 0.262129 0.811203 0.290058 0.873845 0.412204 0.811203 0.290058 0.76569 0.305794 0.873845 0.412204 0.664695 0.978448 0.677834 0.925447 0.813225 0.968271 0.677834 0.925447 0.691646 0.881357 0.813225 0.968271 0.926945 0.1983839 0.944098 0.147813 0.815896 0.103859 0.944098 0.147813 0.96115 0.1062039 0.815896 0.103859 0.598924 0.639278 0.586612 0.695547 0.452205 0.6587041 0.586612 0.695547 0.576933 0.737908 0.452205 0.6587041 0.983567 0.977465 0.965157 0.922597 0.835623 0.973512 0.965157 0.922597 0.951758 0.881372 0.835623 0.973512 0.989541 0.715749 0.942118 0.724515 0.989533 0.854764 0.989533 0.854764 0.897099 0.751679 0.867484 0.78909 0.942118 0.724515 0.897099 0.751679 0.989533 0.854764 0.867484 0.78909 0.851315 0.839658 0.989533 0.854764 0.03915399 0.764576 0.05656599 0.713605 0.1865299 0.764571 0.05656599 0.713605 0.07325196 0.669711 0.1865299 0.764571 0.437866 0.6698001 0.425131 0.722698 0.560194 0.754297 0.425131 0.722698 0.412533 0.768024 0.560194 0.754297 0.857243 0.419429 0.812023 0.440414 0.760151 0.328668 0.812023 0.440414 0.760142 0.461304 0.760151 0.328668 0.793691 0.136456 0.787502 0.186519 0.907476 0.207508 0.787502 0.186519 0.777607 0.2421889 0.907476 0.207508 0.418749 0.655032 0.401489 0.705425 0.267999 0.659763 0.401489 0.705425 0.387406 0.753563 0.267999 0.659763 0.109602 0.579112 0.05722898 0.570305 0.03668195 0.711967 0.05722898 0.570305 0.007473945 0.564293 0.03668195 0.711967 0.223693 0.578373 0.209906 0.562991 0.185789 0.582385 0.541793 0.5576 0.5275 0.571656 0.563778 0.577991 0.564796 0.552966 0.541793 0.5576 0.563778 0.577991 0.587728 0.558391 0.564796 0.552966 0.563778 0.577991 0.601646 0.573654 0.587728 0.558391 0.563778 0.577991 0.1639789 0.561807 0.1495659 0.57574 0.185789 0.582385 0.18702 0.55737 0.1639789 0.561807 0.185789 0.582385 0.209906 0.562991 0.18702 0.55737 0.185789 0.582385 0.205502 0.245314 0.219915 0.2313809 0.183692 0.2247359 0.520753 0.2247089 0.534671 0.239973 0.558621 0.2203729 0.534671 0.239973 0.557604 0.2453969 0.558621 0.2203729 0.557604 0.2453969 0.580606 0.240763 0.558621 0.2203729 0.580606 0.240763 0.594899 0.2267069 0.558621 0.2203729 0.145789 0.228748 0.1595759 0.24413 0.183692 0.2247359 0.1595759 0.24413 0.182461 0.2497509 0.183692 0.2247359 0.182461 0.2497509 0.205502 0.245314 0.183692 0.2247359 0.01322394 0.844966 0.01323097 0.854455 0.651251 0.854262 0.01322394 0.844966 0.651251 0.854262 0.65103 0.844775 0.01323097 0.854455 0.01323795 0.86453 0.651444 0.86434 0.01323097 0.854455 0.651444 0.86434 0.651251 0.854262 0.01323795 0.86453 0.01324397 0.875158 0.65163 0.874975 0.01323795 0.86453 0.65163 0.874975 0.651444 0.86434 0.01324397 0.875158 0.01324898 0.886113 0.651888 0.885942 0.01324397 0.875158 0.651888 0.885942 0.65163 0.874975 0.01324898 0.886113 0.01325196 0.897067 0.652455 0.896905 0.01324898 0.886113 0.652455 0.896905 0.651888 0.885942 0.01325196 0.897067 0.01325297 0.907686 0.651726 0.907533 0.01325196 0.897067 0.651726 0.907533 0.652455 0.896905 0.01325297 0.907686 0.01325196 0.917758 0.651386 0.917616 0.01325297 0.907686 0.651386 0.917616 0.651726 0.907533 0.01325196 0.917758 0.01324999 0.927244 0.651149 0.92711 0.01325196 0.917758 0.651149 0.92711 0.651386 0.917616 0.01324999 0.927244 0.01324796 0.936351 0.650919 0.936221 0.01324999 0.927244 0.650919 0.936221 0.651149 0.92711 0.01324796 0.936351 0.01324498 0.945459 0.650654 0.945331 0.01324796 0.936351 0.650654 0.945331 0.650919 0.936221 0.01324498 0.945459 0.01324099 0.954951 0.650337 0.954822 0.01324498 0.945459 0.650337 0.954822 0.650654 0.945331 0.01324099 0.954951 0.01323598 0.965033 0.64997 0.964901 0.01324099 0.954951 0.64997 0.964901 0.650337 0.954822 0.01323598 0.965033 0.01323199 0.975675 0.649609 0.97554 0.01323598 0.965033 0.649609 0.97554 0.64997 0.964901 0.01323199 0.975675 0.01322698 0.986649 0.649456 0.986521 0.01323199 0.975675 0.649456 0.986521 0.649609 0.97554 0.01316899 0.785542 0.013179 0.796517 0.649395 0.796404 0.01316899 0.785542 0.649395 0.796404 0.649418 0.785437 0.013179 0.796517 0.01318895 0.807163 0.64973 0.807028 0.013179 0.796517 0.64973 0.807028 0.649395 0.796404 0.01318895 0.807163 0.01319897 0.81725 0.650117 0.817093 0.01318895 0.807163 0.650117 0.817093 0.64973 0.807028 0.01319897 0.81725 0.01320797 0.826746 0.650469 0.826572 0.01319897 0.81725 0.650469 0.826572 0.650117 0.817093 0.01320797 0.826746 0.01321595 0.835857 0.650772 0.835672 0.01320797 0.826746 0.650772 0.835672 0.650469 0.826572 0.01321595 0.835857 0.01322394 0.844966 0.65103 0.844775 0.01321595 0.835857 0.65103 0.844775 0.650772 0.835672 0.03376895 0.07313299 0.03376799 0.08262801 0.111313 0.08263701 0.03376895 0.07313299 0.111313 0.08263701 0.1113139 0.07314199 0.03376799 0.08262801 0.03376698 0.09271097 0.111311 0.09272098 0.03376799 0.08262801 0.111311 0.09272098 0.111313 0.08263701 0.03376698 0.09271097 0.03376495 0.1033499 0.11131 0.1033589 0.03376698 0.09271097 0.11131 0.1033589 0.111311 0.09272098 0.03376495 0.1033499 0.033764 0.114318 0.111309 0.114327 0.03376495 0.1033499 0.111309 0.114327 0.11131 0.1033589 0.033764 0.114318 0.03376299 0.1252859 0.111308 0.1252949 0.033764 0.114318 0.111308 0.1252949 0.111309 0.114327 0.03376299 0.1252859 0.03376197 0.1359249 0.111306 0.1359339 0.03376299 0.1252859 0.111306 0.1359339 0.111308 0.1252949 0.03376197 0.1359249 0.03375995 0.146008 0.1113049 0.146017 0.03376197 0.1359249 0.1113049 0.146017 0.111306 0.1359339 0.03375995 0.146008 0.03375899 0.1555029 0.111304 0.1555129 0.03375995 0.146008 0.111304 0.1555129 0.1113049 0.146017 0.03375899 0.1555029 0.03375798 0.164617 0.111303 0.164626 0.03375899 0.1555029 0.111303 0.164626 0.111304 0.1555129 0.03375798 0.164617 0.03375697 0.17373 0.111302 0.173739 0.03375798 0.164617 0.111302 0.173739 0.111303 0.164626 0.03375697 0.17373 0.03375595 0.1832249 0.111301 0.1832339 0.03375697 0.17373 0.111301 0.1832339 0.111302 0.173739 0.03375595 0.1832249 0.033755 0.1933079 0.1113 0.1933169 0.03375595 0.1832249 0.1113 0.1933169 0.111301 0.1832339 0.033755 0.1933079 0.03375297 0.203947 0.111298 0.203956 0.033755 0.1933079 0.111298 0.203956 0.1113 0.1933169 0.03375297 0.203947 0.03375196 0.2149149 0.111297 0.2149239 0.03375297 0.203947 0.111297 0.2149239 0.111298 0.203956 0.03377598 0.01372098 0.03377497 0.02468901 0.11132 0.02469801 0.03377598 0.01372098 0.11132 0.02469801 0.111321 0.01372998 0.03377497 0.02468901 0.033773 0.03532797 0.111318 0.03533697 0.03377497 0.02468901 0.111318 0.03533697 0.11132 0.02469801 0.033773 0.03532797 0.03377199 0.04541099 0.111317 0.04541999 0.033773 0.03532797 0.111317 0.04541999 0.111318 0.03533697 0.03377199 0.04541099 0.03377097 0.05490601 0.111316 0.05491602 0.03377199 0.04541099 0.111316 0.05491602 0.111317 0.04541999 0.03377097 0.05490601 0.03376996 0.06401997 0.111315 0.06402897 0.03377097 0.05490601 0.111315 0.06402897 0.111316 0.05491602 0.03376996 0.06401997 0.03376895 0.07313299 0.1113139 0.07314199 0.03376996 0.06401997 0.1113139 0.07314199 0.111315 0.06402897 0.01170396 0.07313001 0.01170295 0.08262598 0.03376799 0.08262801 0.01170396 0.07313001 0.03376799 0.08262801 0.03376895 0.07313299 0.01170295 0.08262598 0.011702 0.092709 0.03376698 0.09271097 0.01170295 0.08262598 0.03376698 0.09271097 0.03376799 0.08262801 0.011702 0.092709 0.01169997 0.103348 0.03376495 0.1033499 0.011702 0.092709 0.03376495 0.1033499 0.03376698 0.09271097 0.01169997 0.103348 0.01169896 0.1143159 0.033764 0.114318 0.01169997 0.103348 0.033764 0.114318 0.03376495 0.1033499 0.01169896 0.1143159 0.01169794 0.125283 0.03376299 0.1252859 0.01169896 0.1143159 0.03376299 0.1252859 0.033764 0.114318 0.01169794 0.125283 0.01169598 0.135922 0.03376197 0.1359249 0.01169794 0.125283 0.03376197 0.1359249 0.03376299 0.1252859 0.01169598 0.135922 0.01169496 0.1460049 0.03375995 0.146008 0.01169598 0.135922 0.03375995 0.146008 0.03376197 0.1359249 0.01169496 0.1460049 0.01169395 0.155501 0.03375899 0.1555029 0.01169496 0.1460049 0.03375899 0.1555029 0.03375995 0.146008 0.01169395 0.155501 0.011693 0.164614 0.03375798 0.164617 0.01169395 0.155501 0.03375798 0.164617 0.03375899 0.1555029 0.011693 0.164614 0.01169198 0.1737269 0.03375697 0.17373 0.011693 0.164614 0.03375697 0.17373 0.03375798 0.164617 0.01169198 0.1737269 0.01169097 0.1832219 0.03375595 0.1832249 0.01169198 0.1737269 0.03375595 0.1832249 0.03375697 0.17373 0.01169097 0.1832219 0.01168996 0.193306 0.033755 0.1933079 0.01169097 0.1832219 0.033755 0.1933079 0.03375595 0.1832249 0.01168996 0.193306 0.01168799 0.203944 0.03375297 0.203947 0.01168996 0.193306 0.03375297 0.203947 0.033755 0.1933079 0.01168799 0.203944 0.01168698 0.2149119 0.03375196 0.2149149 0.01168799 0.203944 0.03375196 0.2149149 0.03375297 0.203947 0.011711 0.01371902 0.01170998 0.02468699 0.03377497 0.02468901 0.011711 0.01371902 0.03377497 0.02468901 0.03377598 0.01372098 0.01170998 0.02468699 0.01170897 0.03532499 0.033773 0.03532797 0.01170998 0.02468699 0.033773 0.03532797 0.03377497 0.02468901 0.01170897 0.03532499 0.01170694 0.04540801 0.03377199 0.04541099 0.01170897 0.03532499 0.03377199 0.04541099 0.033773 0.03532797 0.01170694 0.04540801 0.01170599 0.05490398 0.03377097 0.05490601 0.01170694 0.04540801 0.03377097 0.05490601 0.03377199 0.04541099 0.01170599 0.05490398 0.01170498 0.06401699 0.03376996 0.06401997 0.01170599 0.05490398 0.03376996 0.06401997 0.03377097 0.05490601 0.01170498 0.06401699 0.01170396 0.07313001 0.03376895 0.07313299 0.01170498 0.06401699 0.03376895 0.07313299 0.03376996 0.06401997 0.652839 0.835657 0.653096 0.844787 0.655747 0.844789 0.652839 0.835657 0.655747 0.844789 0.65549 0.835625 0.652534 0.826534 0.652839 0.835657 0.65549 0.835625 0.652534 0.826534 0.65549 0.835625 0.655184 0.826472 0.652178 0.817044 0.652534 0.826534 0.655184 0.826472 0.652178 0.817044 0.655184 0.826472 0.654826 0.816962 0.65178 0.807002 0.652178 0.817044 0.654826 0.816962 0.65178 0.807002 0.654826 0.816962 0.654427 0.806937 0.65142 0.796498 0.65178 0.807002 0.654427 0.806937 0.65142 0.796498 0.654427 0.806937 0.654058 0.796574 0.651561 0.785661 0.65142 0.796498 0.654058 0.796574 0.651561 0.785661 0.654058 0.796574 0.654209 0.785985 0.651568 0.975782 0.651545 0.986467 0.654238 0.986253 0.651568 0.975782 0.654238 0.986253 0.654156 0.975997 0.651975 0.96524 0.651568 0.975782 0.654156 0.975997 0.651975 0.96524 0.654156 0.975997 0.654567 0.965666 0.652362 0.955182 0.651975 0.96524 0.654567 0.965666 0.652362 0.955182 0.654567 0.965666 0.654966 0.955637 0.652688 0.945679 0.652362 0.955182 0.654966 0.955637 0.652688 0.945679 0.654966 0.955637 0.655301 0.946118 0.652956 0.93655 0.652688 0.945679 0.655301 0.946118 0.652956 0.93655 0.655301 0.946118 0.655574 0.936964 0.653184 0.927432 0.652956 0.93655 0.655574 0.936964 0.653184 0.927432 0.655574 0.936964 0.655804 0.92783 0.653402 0.917966 0.653184 0.927432 0.655804 0.92783 0.653402 0.917966 0.655804 0.92783 0.656014 0.918391 0.653687 0.908018 0.653402 0.917966 0.656014 0.918391 0.653687 0.908018 0.656014 0.918391 0.656258 0.908619 0.654687 0.8976 0.653687 0.908018 0.656258 0.908619 0.654687 0.8976 0.656258 0.908619 0.657263 0.898535 0.653848 0.885852 0.654657 0.896398 0.657318 0.89557 0.653848 0.885852 0.657318 0.89557 0.656424 0.885608 0.653661 0.874992 0.653848 0.885852 0.656424 0.885608 0.653661 0.874992 0.656424 0.885608 0.656285 0.874999 0.653498 0.864385 0.653661 0.874992 0.656285 0.874999 0.653498 0.864385 0.656285 0.874999 0.656141 0.864431 0.653314 0.854298 0.653498 0.864385 0.656141 0.864431 0.653314 0.854298 0.656141 0.864431 0.655963 0.854331 0.653096 0.844787 0.653314 0.854298 0.655963 0.854331 0.653096 0.844787 0.655963 0.854331 0.655747 0.844789 0.650772 0.835672 0.65103 0.844775 0.653096 0.844787 0.650772 0.835672 0.653096 0.844787 0.652839 0.835657 0.650469 0.826572 0.650772 0.835672 0.652839 0.835657 0.650469 0.826572 0.652839 0.835657 0.652534 0.826534 0.650117 0.817093 0.650469 0.826572 0.652534 0.826534 0.650117 0.817093 0.652534 0.826534 0.652178 0.817044 0.64973 0.807028 0.650117 0.817093 0.652178 0.817044 0.64973 0.807028 0.652178 0.817044 0.65178 0.807002 0.649395 0.796404 0.64973 0.807028 0.65178 0.807002 0.649395 0.796404 0.65178 0.807002 0.65142 0.796498 0.649418 0.785437 0.649395 0.796404 0.65142 0.796498 0.649418 0.785437 0.65142 0.796498 0.651561 0.785661 0.649609 0.97554 0.649456 0.986521 0.651545 0.986467 0.649609 0.97554 0.651545 0.986467 0.651568 0.975782 0.64997 0.964901 0.649609 0.97554 0.651568 0.975782 0.64997 0.964901 0.651568 0.975782 0.651975 0.96524 0.650337 0.954822 0.64997 0.964901 0.651975 0.96524 0.650337 0.954822 0.651975 0.96524 0.652362 0.955182 0.650654 0.945331 0.650337 0.954822 0.652362 0.955182 0.650654 0.945331 0.652362 0.955182 0.652688 0.945679 0.650919 0.936221 0.650654 0.945331 0.652688 0.945679 0.650919 0.936221 0.652688 0.945679 0.652956 0.93655 0.651149 0.92711 0.650919 0.936221 0.652956 0.93655 0.651149 0.92711 0.652956 0.93655 0.653184 0.927432 0.651386 0.917616 0.651149 0.92711 0.653184 0.927432 0.651386 0.917616 0.653184 0.927432 0.653402 0.917966 0.651726 0.907533 0.651386 0.917616 0.653402 0.917966 0.651726 0.907533 0.653402 0.917966 0.653687 0.908018 0.652455 0.896905 0.651726 0.907533 0.653687 0.908018 0.652455 0.896905 0.653687 0.908018 0.654687 0.8976 0.651888 0.885942 0.652455 0.896905 0.654657 0.896398 0.651888 0.885942 0.654657 0.896398 0.653848 0.885852 0.65163 0.874975 0.651888 0.885942 0.653848 0.885852 0.65163 0.874975 0.653848 0.885852 0.653661 0.874992 0.651444 0.86434 0.65163 0.874975 0.653661 0.874992 0.651444 0.86434 0.653661 0.874992 0.653498 0.864385 0.651251 0.854262 0.651444 0.86434 0.653498 0.864385 0.651251 0.854262 0.653498 0.864385 0.653314 0.854298 0.65103 0.844775 0.651251 0.854262 0.653314 0.854298 0.65103 0.844775 0.653314 0.854298 0.653096 0.844787 0.01039296 0.07313001 0.01039195 0.08262497 0.01170295 0.08262598 0.01039296 0.07313001 0.01170295 0.08262598 0.01170396 0.07313001 0.01039195 0.08262497 0.01038998 0.092709 0.011702 0.092709 0.01039195 0.08262497 0.011702 0.092709 0.01170295 0.08262598 0.01038998 0.092709 0.01038897 0.103347 0.01169997 0.103348 0.01038998 0.092709 0.01169997 0.103348 0.011702 0.092709 0.01038897 0.103347 0.01038795 0.1143149 0.01169896 0.1143159 0.01038897 0.103347 0.01169896 0.1143159 0.01169997 0.103348 0.01038795 0.1143149 0.01038599 0.125283 0.01169794 0.125283 0.01038795 0.1143149 0.01169794 0.125283 0.01169896 0.1143159 0.01038599 0.125283 0.01038497 0.135922 0.01169598 0.135922 0.01038599 0.125283 0.01169598 0.135922 0.01169794 0.125283 0.01038497 0.135922 0.01038396 0.1460049 0.01169496 0.1460049 0.01038497 0.135922 0.01169496 0.1460049 0.01169598 0.135922 0.01038396 0.1460049 0.01038295 0.155501 0.01169395 0.155501 0.01038396 0.1460049 0.01169395 0.155501 0.01169496 0.1460049 0.01038295 0.155501 0.01038199 0.164614 0.011693 0.164614 0.01038295 0.155501 0.011693 0.164614 0.01169395 0.155501 0.01038199 0.164614 0.01038098 0.1737269 0.01169198 0.1737269 0.01038199 0.164614 0.01169198 0.1737269 0.011693 0.164614 0.01038098 0.1737269 0.01037895 0.1832219 0.01169097 0.1832219 0.01038098 0.1737269 0.01169097 0.1832219 0.01169198 0.1737269 0.01037895 0.1832219 0.010378 0.193305 0.01168996 0.193306 0.01037895 0.1832219 0.01168996 0.193306 0.01169097 0.1832219 0.010378 0.193305 0.01037698 0.203944 0.01168799 0.203944 0.010378 0.193305 0.01168799 0.203944 0.01168996 0.193306 0.01037698 0.203944 0.01037597 0.2149119 0.01168698 0.2149119 0.01037698 0.203944 0.01168698 0.2149119 0.01168799 0.203944 0.01039999 0.013718 0.01039797 0.02468597 0.01170998 0.02468699 0.01039999 0.013718 0.01170998 0.02468699 0.011711 0.01371902 0.01039797 0.02468597 0.01039695 0.03532499 0.01170897 0.03532499 0.01039797 0.02468597 0.01170897 0.03532499 0.01170998 0.02468699 0.01039695 0.03532499 0.010396 0.04540801 0.01170694 0.04540801 0.01039695 0.03532499 0.01170694 0.04540801 0.01170897 0.03532499 0.010396 0.04540801 0.01039499 0.05490398 0.01170599 0.05490398 0.010396 0.04540801 0.01170599 0.05490398 0.01170694 0.04540801 0.01039499 0.05490398 0.01039397 0.06401699 0.01170498 0.06401699 0.01039499 0.05490398 0.01170498 0.06401699 0.01170599 0.05490398 0.01039397 0.06401699 0.01039296 0.07313001 0.01170396 0.07313001 0.01039397 0.06401699 0.01170396 0.07313001 0.01170498 0.06401699 0.111313 0.08263701 0.74847 0.082713 0.748471 0.07321798 0.111313 0.08263701 0.748471 0.07321798 0.1113139 0.07314199 0.111311 0.09272098 0.748469 0.09279698 0.74847 0.082713 0.111311 0.09272098 0.74847 0.082713 0.111313 0.08263701 0.11131 0.1033589 0.748468 0.1034349 0.748469 0.09279698 0.11131 0.1033589 0.748469 0.09279698 0.111311 0.09272098 0.111309 0.114327 0.748466 0.114403 0.748468 0.1034349 0.111309 0.114327 0.748468 0.1034349 0.11131 0.1033589 0.111308 0.1252949 0.748465 0.1253709 0.748466 0.114403 0.111308 0.1252949 0.748466 0.114403 0.111309 0.114327 0.111306 0.1359339 0.748464 0.1360099 0.748465 0.1253709 0.111306 0.1359339 0.748465 0.1253709 0.111308 0.1252949 0.1113049 0.146017 0.748463 0.146093 0.748464 0.1360099 0.1113049 0.146017 0.748464 0.1360099 0.111306 0.1359339 0.111304 0.1555129 0.748461 0.1555889 0.748463 0.146093 0.111304 0.1555129 0.748463 0.146093 0.1113049 0.146017 0.111303 0.164626 0.74846 0.1647019 0.748461 0.1555889 0.111303 0.164626 0.748461 0.1555889 0.111304 0.1555129 0.111302 0.173739 0.748459 0.173815 0.74846 0.1647019 0.111302 0.173739 0.74846 0.1647019 0.111303 0.164626 0.111301 0.1832339 0.748458 0.1833099 0.748459 0.173815 0.111301 0.1832339 0.748459 0.173815 0.111302 0.173739 0.1113 0.1933169 0.748457 0.1933929 0.748458 0.1833099 0.1113 0.1933169 0.748458 0.1833099 0.111301 0.1832339 0.111298 0.203956 0.748456 0.204032 0.748457 0.1933929 0.111298 0.203956 0.748457 0.1933929 0.1113 0.1933169 0.111297 0.2149239 0.748454 0.2149999 0.748456 0.204032 0.111297 0.2149239 0.748456 0.204032 0.111298 0.203956 0.11132 0.02469801 0.748477 0.02477401 0.748478 0.01380598 0.11132 0.02469801 0.748478 0.01380598 0.111321 0.01372998 0.111318 0.03533697 0.748476 0.03541302 0.748477 0.02477401 0.111318 0.03533697 0.748477 0.02477401 0.11132 0.02469801 0.111317 0.04541999 0.748475 0.04549598 0.748476 0.03541302 0.111317 0.04541999 0.748476 0.03541302 0.111318 0.03533697 0.111316 0.05491602 0.748473 0.05499202 0.748475 0.04549598 0.111316 0.05491602 0.748475 0.04549598 0.111317 0.04541999 0.111315 0.06402897 0.748472 0.06410497 0.748473 0.05499202 0.111315 0.06402897 0.748473 0.05499202 0.111316 0.05491602 0.1113139 0.07314199 0.748471 0.07321798 0.748472 0.06410497 0.1113139 0.07314199 0.748472 0.06410497 0.111315 0.06402897 0.950635 0.53568 0.912928 0.542721 0.907322 0.630855 0.950635 0.53568 0.907322 0.630855 0.987066 0.615859 0.843001 0.57031 0.806883 0.592104 0.830461 0.677233 0.843001 0.57031 0.830461 0.677233 0.907322 0.630855 0.77973 0.74132 0.830461 0.677233 0.749877 0.641106 0.77973 0.74132 0.749877 0.641106 0.726069 0.671181 0.691463 0.737912 0.678541 0.778069 0.752309 0.826175 0.691463 0.737912 0.752309 0.826175 0.77973 0.74132 0.948332 0.437239 0.87955 0.450083 0.912928 0.542721 0.948332 0.437239 0.912928 0.542721 0.950635 0.53568 0.807813 0.478344 0.741926 0.5181 0.806883 0.592104 0.807813 0.478344 0.806883 0.592104 0.843001 0.57031 0.726069 0.671181 0.749877 0.641106 0.683482 0.568388 0.726069 0.671181 0.683482 0.568388 0.640053 0.623251 0.604524 0.691676 0.580954 0.764929 0.678541 0.778069 0.604524 0.691676 0.678541 0.778069 0.691463 0.737912 0.907322 0.630855 0.830461 0.677233 0.897099 0.751679 0.907322 0.630855 0.897099 0.751679 0.942118 0.724515 0.987066 0.615859 0.907322 0.630855 0.942118 0.724515 0.987066 0.615859 0.942118 0.724515 0.989541 0.715749 0.77973 0.74132 0.752309 0.826175 0.851315 0.839658 0.77973 0.74132 0.851315 0.839658 0.867484 0.78909 0.867484 0.78909 0.897099 0.751679 0.830461 0.677233 0.867484 0.78909 0.830461 0.677233 0.77973 0.74132 0.209906 0.562991 0.223693 0.578373 0.258894 0.56584 0.209906 0.562991 0.258894 0.56584 0.228027 0.54211 0.5275 0.571656 0.541793 0.5576 0.524039 0.537272 0.5275 0.571656 0.524039 0.537272 0.494249 0.560192 0.541793 0.5576 0.564796 0.552966 0.564673 0.5301 0.541793 0.5576 0.564673 0.5301 0.524039 0.537272 0.564796 0.552966 0.587728 0.558391 0.60567 0.537356 0.564796 0.552966 0.60567 0.537356 0.564673 0.5301 0.587728 0.558391 0.601646 0.573654 0.636739 0.56082 0.587728 0.558391 0.636739 0.56082 0.60567 0.537356 0.1495659 0.57574 0.1639789 0.561807 0.146399 0.541328 0.1495659 0.57574 0.146399 0.541328 0.116414 0.563992 0.1639789 0.561807 0.18702 0.55737 0.187093 0.534504 0.1639789 0.561807 0.187093 0.534504 0.146399 0.541328 0.18702 0.55737 0.209906 0.562991 0.228027 0.54211 0.18702 0.55737 0.228027 0.54211 0.187093 0.534504 0.228027 0.54211 0.258894 0.56584 0.289613 0.546814 0.228027 0.54211 0.289613 0.546814 0.2419379 0.5202741 0.494249 0.560192 0.524039 0.537272 0.509552 0.516227 0.494249 0.560192 0.509552 0.516227 0.464328 0.543435 0.524039 0.537272 0.564673 0.5301 0.564148 0.508082 0.524039 0.537272 0.564148 0.508082 0.509552 0.516227 0.564673 0.5301 0.60567 0.537356 0.619394 0.515401 0.564673 0.5301 0.619394 0.515401 0.564148 0.508082 0.60567 0.537356 0.636739 0.56082 0.667294 0.541532 0.60567 0.537356 0.667294 0.541532 0.619394 0.515401 0.116414 0.563992 0.146399 0.541328 0.132093 0.520159 0.116414 0.563992 0.132093 0.520159 0.08663696 0.546979 0.146399 0.541328 0.187093 0.534504 0.186757 0.512482 0.146399 0.541328 0.186757 0.512482 0.132093 0.520159 0.187093 0.534504 0.228027 0.54211 0.2419379 0.5202741 0.187093 0.534504 0.2419379 0.5202741 0.186757 0.512482 0.2419379 0.5202741 0.289613 0.546814 0.315219 0.522874 0.2419379 0.5202741 0.315219 0.522874 0.252643 0.497746 0.464328 0.543435 0.509552 0.516227 0.497876 0.494371 0.464328 0.543435 0.497876 0.494371 0.438448 0.5219751 0.509552 0.516227 0.564148 0.508082 0.56352 0.48637 0.509552 0.516227 0.56352 0.48637 0.497876 0.494371 0.564148 0.508082 0.619394 0.515401 0.629906 0.492782 0.564148 0.508082 0.629906 0.492782 0.56352 0.48637 0.619394 0.515401 0.667294 0.541532 0.692694 0.517375 0.619394 0.515401 0.692694 0.517375 0.629906 0.492782 0.08663696 0.546979 0.132093 0.520159 0.120605 0.498205 0.08663696 0.546979 0.120605 0.498205 0.06094199 0.525298 0.132093 0.520159 0.186757 0.512482 0.186315 0.490766 0.132093 0.520159 0.186315 0.490766 0.120605 0.498205 0.186757 0.512482 0.2419379 0.5202741 0.252643 0.497746 0.186757 0.512482 0.252643 0.497746 0.186315 0.490766 0.252643 0.497746 0.315219 0.522874 0.335314 0.495182 0.252643 0.497746 0.335314 0.495182 0.260636 0.474626 0.438448 0.5219751 0.497876 0.494371 0.488764 0.471745 0.438448 0.5219751 0.488764 0.471745 0.417208 0.496525 0.497876 0.494371 0.56352 0.48637 0.562891 0.4647 0.497876 0.494371 0.562891 0.4647 0.488764 0.471745 0.56352 0.48637 0.629906 0.492782 0.6377 0.469596 0.56352 0.48637 0.6377 0.469596 0.562891 0.4647 0.629906 0.492782 0.692694 0.517375 0.712551 0.489511 0.629906 0.492782 0.712551 0.489511 0.6377 0.469596 0.06094199 0.525298 0.120605 0.498205 0.111687 0.475501 0.06094199 0.525298 0.111687 0.475501 0.03992098 0.499667 0.120605 0.498205 0.186315 0.490766 0.185872 0.469091 0.120605 0.498205 0.185872 0.469091 0.111687 0.475501 0.186315 0.490766 0.252643 0.497746 0.260636 0.474626 0.186315 0.490766 0.260636 0.474626 0.185872 0.469091 0.260636 0.474626 0.335314 0.495182 0.349573 0.464763 0.260636 0.474626 0.349573 0.464763 0.266143 0.451012 0.417208 0.496525 0.488764 0.471745 0.482099 0.448454 0.417208 0.496525 0.482099 0.448454 0.401142 0.467862 0.488764 0.471745 0.562891 0.4647 0.562296 0.442951 0.488764 0.471745 0.562296 0.442951 0.482099 0.448454 0.562891 0.4647 0.6377 0.469596 0.643005 0.445935 0.562891 0.4647 0.643005 0.445935 0.562296 0.442951 0.6377 0.469596 0.712551 0.489511 0.726549 0.458972 0.6377 0.469596 0.726549 0.458972 0.643005 0.445935 0.03992098 0.499667 0.111687 0.475501 0.105221 0.452154 0.03992098 0.499667 0.105221 0.452154 0.0241 0.470868 0.111687 0.475501 0.185872 0.469091 0.1854619 0.447338 0.111687 0.475501 0.1854619 0.447338 0.105221 0.452154 0.185872 0.469091 0.260636 0.474626 0.266143 0.451012 0.185872 0.469091 0.266143 0.451012 0.1854619 0.447338 0.266143 0.451012 0.349573 0.464763 0.357754 0.432632 0.266143 0.451012 0.357754 0.432632 0.26925 0.427039 0.401142 0.467862 0.482099 0.448454 0.47784 0.424663 0.401142 0.467862 0.47784 0.424663 0.390706 0.436846 0.482099 0.448454 0.562296 0.442951 0.561737 0.4211 0.482099 0.448454 0.561737 0.4211 0.47784 0.424663 0.562296 0.442951 0.643005 0.445935 0.645907 0.421937 0.562296 0.442951 0.645907 0.421937 0.561737 0.4211 0.643005 0.445935 0.726549 0.458972 0.734455 0.426772 0.643005 0.445935 0.734455 0.426772 0.645907 0.421937 0.0241 0.470868 0.105221 0.452154 0.101166 0.428327 0.0241 0.470868 0.101166 0.428327 0.01393097 0.439764 0.105221 0.452154 0.1854619 0.447338 0.18509 0.425482 0.105221 0.452154 0.18509 0.425482 0.101166 0.428327 0.1854619 0.447338 0.266143 0.451012 0.26925 0.427039 0.1854619 0.447338 0.26925 0.427039 0.18509 0.425482 0.26925 0.427039 0.357754 0.432632 0.359737 0.399818 0.26925 0.427039 0.359737 0.399818 0.269976 0.402894 0.390706 0.436846 0.47784 0.424663 0.475973 0.400578 0.390706 0.436846 0.475973 0.400578 0.386242 0.404421 0.47784 0.424663 0.561737 0.4211 0.5612 0.399182 0.47784 0.424663 0.5612 0.399182 0.475973 0.400578 0.561737 0.4211 0.645907 0.421937 0.646426 0.397786 0.561737 0.4211 0.646426 0.397786 0.5612 0.399182 0.645907 0.421937 0.734455 0.426772 0.736157 0.393943 0.645907 0.421937 0.736157 0.393943 0.646426 0.397786 0.01393097 0.439764 0.101166 0.428327 0.099505 0.404227 0.01393097 0.439764 0.099505 0.404227 0.009743988 0.407302 0.101166 0.428327 0.18509 0.425482 0.184741 0.403561 0.101166 0.428327 0.184741 0.403561 0.099505 0.404227 0.18509 0.425482 0.26925 0.427039 0.269976 0.402894 0.18509 0.425482 0.269976 0.402894 0.184741 0.403561 0.269976 0.402894 0.359737 0.399818 0.35555 0.367356 0.269976 0.402894 0.35555 0.367356 0.268316 0.378794 0.386242 0.404421 0.475973 0.400578 0.476492 0.376427 0.386242 0.404421 0.476492 0.376427 0.387944 0.371592 0.475973 0.400578 0.5612 0.399182 0.560662 0.377264 0.475973 0.400578 0.560662 0.377264 0.476492 0.376427 0.5612 0.399182 0.646426 0.397786 0.64456 0.373701 0.5612 0.399182 0.64456 0.373701 0.560662 0.377264 0.646426 0.397786 0.736157 0.393943 0.731693 0.361517 0.646426 0.397786 0.731693 0.361517 0.64456 0.373701 0.009743988 0.407302 0.099505 0.404227 0.100231 0.380082 0.009743988 0.407302 0.100231 0.380082 0.01172697 0.374488 0.099505 0.404227 0.184741 0.403561 0.184391 0.381639 0.099505 0.404227 0.184391 0.381639 0.100231 0.380082 0.184741 0.403561 0.269976 0.402894 0.268316 0.378794 0.184741 0.403561 0.268316 0.378794 0.184391 0.381639 0.268316 0.378794 0.35555 0.367356 0.34538 0.336252 0.268316 0.378794 0.34538 0.336252 0.26426 0.354967 0.387944 0.371592 0.476492 0.376427 0.479395 0.352429 0.387944 0.371592 0.479395 0.352429 0.39585 0.339392 0.476492 0.376427 0.560662 0.377264 0.560103 0.355412 0.476492 0.376427 0.560103 0.355412 0.479395 0.352429 0.560662 0.377264 0.64456 0.373701 0.6403 0.349909 0.560662 0.377264 0.6403 0.349909 0.560103 0.355412 0.64456 0.373701 0.731693 0.361517 0.721258 0.330502 0.64456 0.373701 0.721258 0.330502 0.6403 0.349909 0.01172697 0.374488 0.100231 0.380082 0.103339 0.356109 0.01172697 0.374488 0.103339 0.356109 0.01990896 0.342357 0.100231 0.380082 0.184391 0.381639 0.184019 0.359783 0.100231 0.380082 0.184019 0.359783 0.103339 0.356109 0.184391 0.381639 0.268316 0.378794 0.26426 0.354967 0.184391 0.381639 0.26426 0.354967 0.184019 0.359783 0.26426 0.354967 0.34538 0.336252 0.32956 0.307453 0.26426 0.354967 0.32956 0.307453 0.257795 0.33162 0.39585 0.339392 0.479395 0.352429 0.484699 0.328768 0.39585 0.339392 0.484699 0.328768 0.409848 0.308852 0.479395 0.352429 0.560103 0.355412 0.559508 0.333663 0.479395 0.352429 0.559508 0.333663 0.484699 0.328768 0.560103 0.355412 0.6403 0.349909 0.633635 0.326618 0.560103 0.355412 0.633635 0.326618 0.559508 0.333663 0.6403 0.349909 0.721258 0.330502 0.705192 0.301839 0.6403 0.349909 0.705192 0.301839 0.633635 0.326618 0.01990896 0.342357 0.103339 0.356109 0.108846 0.332495 0.01990896 0.342357 0.108846 0.332495 0.034168 0.311939 0.103339 0.356109 0.184019 0.359783 0.18361 0.33803 0.103339 0.356109 0.18361 0.33803 0.108846 0.332495 0.184019 0.359783 0.26426 0.354967 0.257795 0.33162 0.184019 0.359783 0.257795 0.33162 0.18361 0.33803 0.257795 0.33162 0.32956 0.307453 0.308538 0.281822 0.257795 0.33162 0.308538 0.281822 0.248876 0.308916 0.409848 0.308852 0.484699 0.328768 0.492494 0.305581 0.409848 0.308852 0.492494 0.305581 0.429706 0.280989 0.484699 0.328768 0.559508 0.333663 0.558879 0.311993 0.484699 0.328768 0.558879 0.311993 0.492494 0.305581 0.559508 0.333663 0.633635 0.326618 0.624523 0.303992 0.559508 0.333663 0.624523 0.303992 0.558879 0.311993 0.633635 0.326618 0.705192 0.301839 0.683951 0.276389 0.633635 0.326618 0.683951 0.276389 0.624523 0.303992 0.034168 0.311939 0.108846 0.332495 0.116838 0.309376 0.034168 0.311939 0.116838 0.309376 0.05426299 0.284246 0.108846 0.332495 0.18361 0.33803 0.183166 0.316356 0.108846 0.332495 0.183166 0.316356 0.116838 0.309376 0.18361 0.33803 0.257795 0.33162 0.248876 0.308916 0.18361 0.33803 0.248876 0.308916 0.183166 0.316356 0.248876 0.308916 0.308538 0.281822 0.282843 0.260141 0.248876 0.308916 0.282843 0.260141 0.237388 0.286962 0.429706 0.280989 0.492494 0.305581 0.503006 0.282963 0.429706 0.280989 0.503006 0.282963 0.455105 0.256831 0.492494 0.305581 0.558879 0.311993 0.558251 0.290282 0.492494 0.305581 0.558251 0.290282 0.503006 0.282963 0.558879 0.311993 0.624523 0.303992 0.612848 0.282137 0.558879 0.311993 0.612848 0.282137 0.558251 0.290282 0.624523 0.303992 0.683951 0.276389 0.658072 0.254928 0.624523 0.303992 0.658072 0.254928 0.612848 0.282137 0.05426299 0.284246 0.116838 0.309376 0.127544 0.286848 0.05426299 0.284246 0.127544 0.286848 0.07986795 0.260307 0.116838 0.309376 0.183166 0.316356 0.1827239 0.294639 0.116838 0.309376 0.1827239 0.294639 0.127544 0.286848 0.183166 0.316356 0.248876 0.308916 0.237388 0.286962 0.183166 0.316356 0.237388 0.286962 0.1827239 0.294639 0.237388 0.286962 0.282843 0.260141 0.253067 0.243129 0.237388 0.286962 0.253067 0.243129 0.223082 0.265793 0.455105 0.256831 0.503006 0.282963 0.51673 0.261008 0.455105 0.256831 0.51673 0.261008 0.485661 0.2375429 0.503006 0.282963 0.558251 0.290282 0.557727 0.268263 0.503006 0.282963 0.557727 0.268263 0.51673 0.261008 0.558251 0.290282 0.612848 0.282137 0.598361 0.261091 0.558251 0.290282 0.598361 0.261091 0.557727 0.268263 0.612848 0.282137 0.658072 0.254928 0.628151 0.2381719 0.612848 0.282137 0.628151 0.2381719 0.598361 0.261091 0.07986795 0.260307 0.127544 0.286848 0.1414549 0.265011 0.07986795 0.260307 0.1414549 0.265011 0.110588 0.2412809 0.127544 0.286848 0.1827239 0.294639 0.182388 0.272617 0.127544 0.286848 0.182388 0.272617 0.1414549 0.265011 0.1827239 0.294639 0.237388 0.286962 0.223082 0.265793 0.1827239 0.294639 0.223082 0.265793 0.182388 0.272617 0.223082 0.265793 0.253067 0.243129 0.219915 0.2313809 0.223082 0.265793 0.219915 0.2313809 0.205502 0.245314 0.485661 0.2375429 0.51673 0.261008 0.534671 0.239973 0.485661 0.2375429 0.534671 0.239973 0.520753 0.2247089 0.51673 0.261008 0.557727 0.268263 0.557604 0.2453969 0.51673 0.261008 0.557604 0.2453969 0.534671 0.239973 0.557727 0.268263 0.598361 0.261091 0.580606 0.240763 0.557727 0.268263 0.580606 0.240763 0.557604 0.2453969 0.598361 0.261091 0.628151 0.2381719 0.594899 0.2267069 0.598361 0.261091 0.594899 0.2267069 0.580606 0.240763 0.110588 0.2412809 0.1414549 0.265011 0.1595759 0.24413 0.110588 0.2412809 0.1595759 0.24413 0.145789 0.228748 0.1414549 0.265011 0.182388 0.272617 0.182461 0.2497509 0.1414549 0.265011 0.182461 0.2497509 0.1595759 0.24413 0.182388 0.272617 0.223082 0.265793 0.205502 0.245314 0.182388 0.272617 0.205502 0.245314 0.182461 0.2497509 0.409477 0.2463129 0.415478 0.253671 0.413881 0.28007 0.01038795 0.1143149 0.01038897 0.103347 0.01038599 0.125283 0.418345 0.262322 0.417794 0.271419 0.415478 0.253671 0.417794 0.271419 0.413881 0.28007 0.415478 0.253671 0.413881 0.28007 0.406989 0.287431 0.409477 0.2463129 0.406989 0.287431 0.397792 0.292779 0.400927 0.2409679 0.409477 0.2463129 0.406989 0.287431 0.400927 0.2409679 0.397792 0.292779 0.387191 0.295591 0.390666 0.2381579 0.387191 0.295591 0.376223 0.295593 0.379698 0.23816 0.390666 0.2381579 0.387191 0.295591 0.379698 0.23816 0.376223 0.295593 0.365962 0.292783 0.369097 0.2409719 0.365962 0.292783 0.357412 0.287438 0.3599 0.24632 0.369097 0.2409719 0.365962 0.292783 0.3599 0.24632 0.357412 0.287438 0.351411 0.280079 0.353008 0.25368 0.351411 0.280079 0.348545 0.271428 0.349096 0.262332 0.353008 0.25368 0.351411 0.280079 0.349096 0.262332 0.353008 0.25368 0.3599 0.24632 0.357412 0.287438 0.369097 0.2409719 0.379698 0.23816 0.376223 0.295593 0.390666 0.2381579 0.400927 0.2409679 0.397792 0.292779 0.748478 0.01380598 0.748477 0.02477401 0.748456 0.204032 0.748477 0.02477401 0.748476 0.03541302 0.748456 0.204032 0.748476 0.03541302 0.748475 0.04549598 0.748458 0.1833099 0.748475 0.04549598 0.748473 0.05499202 0.748459 0.173815 0.748473 0.05499202 0.748472 0.06410497 0.748459 0.173815 0.748472 0.06410497 0.748471 0.07321798 0.74846 0.1647019 0.748459 0.173815 0.748472 0.06410497 0.74846 0.1647019 0.748471 0.07321798 0.74847 0.082713 0.748461 0.1555889 0.74847 0.082713 0.748469 0.09279698 0.748463 0.146093 0.748461 0.1555889 0.74847 0.082713 0.748463 0.146093 0.748469 0.09279698 0.748468 0.1034349 0.748465 0.1253709 0.748468 0.1034349 0.748466 0.114403 0.748465 0.1253709 0.748465 0.1253709 0.748464 0.1360099 0.748469 0.09279698 0.748464 0.1360099 0.748463 0.146093 0.748469 0.09279698 0.748461 0.1555889 0.74846 0.1647019 0.748471 0.07321798 0.748459 0.173815 0.748458 0.1833099 0.748475 0.04549598 0.748458 0.1833099 0.748457 0.1933929 0.748476 0.03541302 0.748457 0.1933929 0.748456 0.204032 0.748476 0.03541302 0.748478 0.01380598 0.748456 0.204032 0.748454 0.2149999 0.111321 0.01372998 0.748478 0.01380598 0.748454 0.2149999 0.111321 0.01372998 0.748454 0.2149999 0.111297 0.2149239 0.03377598 0.01372098 0.111321 0.01372998 0.111297 0.2149239 0.03377598 0.01372098 0.111297 0.2149239 0.03375196 0.2149149 0.03377598 0.01372098 0.03375196 0.2149149 0.01168698 0.2149119 0.011711 0.01371902 0.03377598 0.01372098 0.01168698 0.2149119 0.01039999 0.013718 0.011711 0.01371902 0.01168698 0.2149119 0.01039999 0.013718 0.01168698 0.2149119 0.01037597 0.2149119 0.01039999 0.013718 0.01037597 0.2149119 0.01037698 0.203944 0.010396 0.04540801 0.01039695 0.03532499 0.01037895 0.1832219 0.01039695 0.03532499 0.01039797 0.02468597 0.010378 0.193305 0.01037895 0.1832219 0.01039695 0.03532499 0.010378 0.193305 0.01039999 0.013718 0.01037698 0.203944 0.01039797 0.02468597 0.01037698 0.203944 0.010378 0.193305 0.01039797 0.02468597 0.01039499 0.05490398 0.010396 0.04540801 0.01037895 0.1832219 0.01039397 0.06401699 0.01039499 0.05490398 0.01038098 0.1737269 0.01037895 0.1832219 0.01038098 0.1737269 0.01039499 0.05490398 0.01039296 0.07313001 0.01039397 0.06401699 0.01038295 0.155501 0.01038396 0.1460049 0.01039195 0.08262497 0.01039296 0.07313001 0.01038098 0.1737269 0.01038199 0.164614 0.01039397 0.06401699 0.01039195 0.08262497 0.01038396 0.1460049 0.01038497 0.135922 0.01039195 0.08262497 0.01038497 0.135922 0.01038998 0.092709 0.01038199 0.164614 0.01038295 0.155501 0.01039397 0.06401699 0.01038998 0.092709 0.01038497 0.135922 0.01038599 0.125283 0.01038295 0.155501 0.01038396 0.1460049 0.01039296 0.07313001 0.01038897 0.103347 0.01038998 0.092709 0.01038599 0.125283</float_array>
          <technique_common>
            <accessor source="#Spear_of_the_sun_Sun_Spear_0_001-mesh-map-0-array" count="1992" stride="2">
              <param name="S" type="float"/>
              <param name="T" type="float"/>
            </accessor>
          </technique_common>
        </source>
        <vertices id="Spear_of_the_sun_Sun_Spear_0_001-mesh-vertices">
          <input semantic="POSITION" source="#Spear_of_the_sun_Sun_Spear_0_001-mesh-positions"/>
        </vertices>
        <triangles material="Sun_Spear_001-material" count="664">
          <input semantic="VERTEX" source="#Spear_of_the_sun_Sun_Spear_0_001-mesh-vertices" offset="0"/>
          <input semantic="NORMAL" source="#Spear_of_the_sun_Sun_Spear_0_001-mesh-normals" offset="1"/>
          <input semantic="TEXCOORD" source="#Spear_of_the_sun_Sun_Spear_0_001-mesh-map-0" offset="2" set="0"/>
          <p>0 0 0 1 0 1 2 0 2 3 1 3 4 1 4 5 1 5 6 2 6 7 2 7 8 2 8 9 3 9 10 3 10 11 3 11 12 4 12 13 4 13 14 4 14 15 5 15 16 5 16 17 5 17 18 6 18 19 6 19 20 6 20 21 7 21 22 7 22 23 7 23 24 8 24 25 8 25 26 8 26 27 9 27 24 9 28 26 9 29 28 10 30 27 10 31 26 10 32 29 10 33 28 10 34 26 10 35 30 11 36 29 11 37 26 11 38 31 10 39 30 10 40 26 10 41 32 12 42 31 12 43 26 12 44 33 10 45 32 10 46 26 10 47 34 13 48 33 13 49 26 13 50 35 14 51 34 14 52 26 14 53 36 10 54 35 10 55 26 10 56 37 15 57 36 15 58 26 15 59 38 10 60 37 10 61 26 10 62 39 16 63 38 16 64 26 16 65 40 10 66 39 10 67 26 10 68 41 10 69 40 10 70 26 10 71 42 10 72 41 10 73 26 10 74 43 10 75 42 10 76 26 10 77 44 17 78 43 17 79 26 17 80 25 18 81 44 18 82 26 18 83 45 19 84 46 19 85 47 19 86 48 20 87 49 20 88 50 20 89 51 21 90 52 21 91 53 21 92 54 22 93 55 22 94 56 22 95 57 23 96 58 23 97 59 23 98 60 24 99 61 24 100 62 24 101 63 25 102 64 25 103 65 25 104 66 26 105 67 26 106 68 26 107 69 27 108 70 27 109 71 27 110 72 28 111 73 28 112 74 28 113 75 29 114 76 29 115 77 29 116 78 30 117 79 30 118 80 30 119 81 31 120 82 32 121 83 33 122 84 34 123 85 35 124 86 36 125 87 37 126 88 38 127 89 39 128 90 40 129 91 41 130 92 42 131 93 43 132 94 43 133 95 43 134 96 44 135 97 44 136 98 44 137 99 45 138 100 45 139 101 45 140 102 46 141 103 46 142 104 46 143 105 47 144 106 47 145 107 47 146 108 48 147 109 48 148 110 48 149 111 49 150 112 49 151 113 49 152 114 50 153 115 50 154 116 50 155 117 51 156 118 51 157 119 51 158 120 52 159 121 52 160 122 52 161 123 53 162 124 53 163 125 53 164 126 54 165 127 54 166 128 54 167 129 55 168 130 56 169 131 57 170 132 58 171 133 59 172 134 60 173 135 61 174 136 62 175 137 63 176 138 64 177 139 65 178 140 66 179 141 67 180 142 68 181 143 69 182 144 70 183 145 71 184 146 72 185 147 73 186 148 74 187 149 75 188 150 76 189 151 77 190 152 78 191 153 79 192 154 80 193 155 81 194 156 82 195 157 83 196 158 84 197 159 85 198 160 86 199 161 87 200 162 88 201 163 89 202 164 90 203 165 91 204 166 92 205 167 93 206 168 94 207 169 95 208 170 96 209 171 97 210 172 98 211 173 99 212 174 100 213 175 101 214 176 102 215 177 103 216 178 104 217 179 105 218 177 103 219 179 105 220 180 106 221 178 104 222 181 107 223 182 108 224 178 104 225 182 108 226 179 105 227 181 107 228 183 109 229 184 110 230 181 107 231 184 110 232 182 108 233 183 109 234 185 111 235 186 112 236 183 109 237 186 112 238 184 110 239 185 111 240 187 113 241 188 114 242 185 111 243 188 114 244 186 112 245 187 113 246 189 115 247 190 116 248 187 113 249 190 116 250 188 114 251 189 115 252 191 117 253 192 118 254 189 115 255 192 118 256 190 116 257 191 117 258 193 119 259 194 120 260 191 117 261 194 120 262 192 118 263 193 119 264 195 121 265 196 122 266 193 119 267 196 122 268 194 120 269 195 121 270 197 123 271 198 124 272 195 121 273 198 124 274 196 122 275 197 123 276 199 125 277 200 126 278 197 123 279 200 126 280 198 124 281 199 125 282 201 127 283 202 128 284 199 125 285 202 128 286 200 126 287 201 127 288 203 129 289 204 130 290 201 127 291 204 130 292 202 128 293 203 129 294 205 131 295 206 132 296 203 129 297 206 132 298 204 130 299 207 133 300 208 134 301 209 135 302 207 133 303 209 135 304 210 136 305 208 134 306 211 137 307 212 138 308 208 134 309 212 138 310 209 135 311 211 137 312 213 139 313 214 140 314 211 137 315 214 140 316 212 138 317 213 139 318 215 141 319 216 142 320 213 139 321 216 142 322 214 140 323 215 141 324 217 143 325 218 144 326 215 141 327 218 144 328 216 142 329 217 143 330 177 103 331 180 106 332 217 143 333 180 106 334 218 144 335 219 145 336 220 146 337 221 147 338 219 145 339 221 147 340 222 148 341 220 146 342 223 149 343 224 150 344 220 146 345 224 150 346 221 147 347 223 149 348 225 151 349 226 152 350 223 149 351 226 152 352 224 150 353 225 151 354 227 153 355 228 154 356 225 151 357 228 154 358 226 152 359 227 153 360 229 155 361 230 156 362 227 153 363 230 156 364 228 154 365 229 155 366 231 157 367 232 158 368 229 155 369 232 158 370 230 156 371 231 157 372 233 159 373 234 160 374 231 157 375 234 160 376 232 158 377 233 159 378 235 161 379 236 162 380 233 159 381 236 162 382 234 160 383 235 161 384 237 163 385 238 164 386 235 161 387 238 164 388 236 162 389 237 163 390 239 165 391 240 166 392 237 163 393 240 166 394 238 164 395 239 165 396 241 167 397 242 168 398 239 165 399 242 168 400 240 166 401 241 167 402 243 169 403 244 170 404 241 167 405 244 170 406 242 168 407 243 169 408 245 171 409 246 172 410 243 169 411 246 172 412 244 170 413 245 171 414 247 173 415 248 174 416 245 171 417 248 174 418 246 172 419 249 175 420 250 176 421 251 177 422 249 175 423 251 177 424 252 178 425 250 176 426 253 179 427 254 180 428 250 176 429 254 180 430 251 177 431 253 179 432 255 181 433 256 182 434 253 179 435 256 182 436 254 180 437 255 181 438 257 183 439 258 184 440 255 181 441 258 184 442 256 182 443 257 183 444 259 185 445 260 186 446 257 183 447 260 186 448 258 184 449 259 185 450 219 145 451 222 148 452 259 185 453 222 148 454 260 186 455 261 187 456 262 188 457 220 146 458 261 187 459 220 146 460 219 145 461 262 188 462 263 189 463 223 149 464 262 188 465 223 149 466 220 146 467 263 189 468 264 190 469 225 151 470 263 189 471 225 151 472 223 149 473 264 190 474 265 191 475 227 153 476 264 190 477 227 153 478 225 151 479 265 191 480 266 192 481 229 155 482 265 191 483 229 155 484 227 153 485 266 192 486 267 193 487 231 157 488 266 192 489 231 157 490 229 155 491 267 193 492 268 194 493 233 159 494 267 193 495 233 159 496 231 157 497 268 194 498 269 195 499 235 161 500 268 194 501 235 161 502 233 159 503 269 195 504 270 196 505 237 163 506 269 195 507 237 163 508 235 161 509 270 196 510 271 197 511 239 165 512 270 196 513 239 165 514 237 163 515 271 197 516 272 198 517 241 167 518 271 197 519 241 167 520 239 165 521 272 198 522 273 199 523 243 169 524 272 198 525 243 169 526 241 167 527 273 199 528 274 200 529 245 171 530 273 199 531 245 171 532 243 169 533 274 200 534 275 201 535 247 173 536 274 200 537 247 173 538 245 171 539 276 202 540 277 203 541 250 176 542 276 202 543 250 176 544 249 175 545 277 203 546 278 204 547 253 179 548 277 203 549 253 179 550 250 176 551 278 204 552 279 205 553 255 181 554 278 204 555 255 181 556 253 179 557 279 205 558 280 206 559 257 183 560 279 205 561 257 183 562 255 181 563 280 206 564 281 207 565 259 185 566 280 206 567 259 185 568 257 183 569 281 207 570 261 187 571 219 145 572 281 207 573 219 145 574 259 185 575 282 208 576 283 209 577 284 210 578 282 208 579 284 210 580 285 211 581 286 212 582 282 208 583 285 211 584 286 212 585 285 211 586 287 213 587 288 214 588 286 212 589 287 213 590 288 214 591 287 213 592 289 215 593 290 216 594 288 214 595 289 215 596 290 216 597 289 215 598 291 217 599 292 218 600 290 216 601 291 217 602 292 218 603 291 217 604 293 219 605 294 220 606 292 218 607 293 219 608 294 220 609 293 219 610 295 221 611 296 222 612 297 223 613 298 224 614 296 222 615 298 224 616 299 225 617 300 226 618 296 222 619 299 225 620 300 226 621 299 225 622 301 227 623 302 228 624 300 226 625 301 227 626 302 228 627 301 227 628 303 229 629 304 230 630 302 228 631 303 229 632 304 230 633 303 229 634 305 231 635 306 232 636 304 230 637 305 231 638 306 232 639 305 231 640 307 233 641 308 234 642 306 232 643 307 233 644 308 234 645 307 233 646 309 235 647 310 236 648 308 234 649 309 235 650 310 236 651 309 235 652 311 237 653 312 238 654 310 236 655 311 237 656 312 238 657 311 237 658 313 239 659 314 240 660 312 238 661 313 239 662 314 240 663 313 239 664 315 241 665 316 242 666 317 243 667 318 244 668 316 242 669 318 244 670 319 245 671 320 246 672 316 242 673 319 245 674 320 246 675 319 245 676 321 247 677 322 248 678 320 246 679 321 247 680 322 248 681 321 247 682 323 249 683 324 250 684 322 248 685 323 249 686 324 250 687 323 249 688 325 251 689 283 209 690 324 250 691 325 251 692 283 209 693 325 251 694 284 210 695 218 144 696 180 106 697 283 209 698 218 144 699 283 209 700 282 208 701 216 142 702 218 144 703 282 208 704 216 142 705 282 208 706 286 212 707 214 140 708 216 142 709 286 212 710 214 140 711 286 212 712 288 214 713 212 138 714 214 140 715 288 214 716 212 138 717 288 214 718 290 216 719 209 135 720 212 138 721 290 216 722 209 135 723 290 216 724 292 218 725 210 136 726 209 135 727 292 218 728 210 136 729 292 218 730 294 220 731 204 130 732 206 132 733 297 223 734 204 130 735 297 223 736 296 222 737 202 128 738 204 130 739 296 222 740 202 128 741 296 222 742 300 226 743 200 126 744 202 128 745 300 226 746 200 126 747 300 226 748 302 228 749 198 124 750 200 126 751 302 228 752 198 124 753 302 228 754 304 230 755 196 122 756 198 124 757 304 230 758 196 122 759 304 230 760 306 232 761 194 120 762 196 122 763 306 232 764 194 120 765 306 232 766 308 234 767 192 118 768 194 120 769 308 234 770 192 118 771 308 234 772 310 236 773 190 116 774 192 118 775 310 236 776 190 116 777 310 236 778 312 238 779 188 114 780 190 116 781 312 238 782 188 114 783 312 238 784 314 240 785 186 112 786 188 114 787 317 243 788 186 112 789 317 243 790 316 242 791 184 110 792 186 112 793 316 242 794 184 110 795 316 242 796 320 246 797 182 108 798 184 110 799 320 246 800 182 108 801 320 246 802 322 248 803 179 105 804 182 108 805 322 248 806 179 105 807 322 248 808 324 250 809 180 106 810 179 105 811 324 250 812 180 106 813 324 250 814 283 209 815 326 252 816 327 253 817 262 188 818 326 252 819 262 188 820 261 187 821 327 253 822 328 254 823 263 189 824 327 253 825 263 189 826 262 188 827 328 254 828 329 255 829 264 190 830 328 254 831 264 190 832 263 189 833 329 255 834 330 256 835 265 191 836 329 255 837 265 191 838 264 190 839 330 256 840 331 257 841 266 192 842 330 256 843 266 192 844 265 191 845 331 257 846 332 258 847 267 193 848 331 257 849 267 193 850 266 192 851 332 258 852 333 259 853 268 194 854 332 258 855 268 194 856 267 193 857 333 259 858 334 260 859 269 195 860 333 259 861 269 195 862 268 194 863 334 260 864 335 261 865 270 196 866 334 260 867 270 196 868 269 195 869 335 261 870 336 262 871 271 197 872 335 261 873 271 197 874 270 196 875 336 262 876 337 263 877 272 198 878 336 262 879 272 198 880 271 197 881 337 263 882 338 264 883 273 199 884 337 263 885 273 199 886 272 198 887 338 264 888 339 265 889 274 200 890 338 264 891 274 200 892 273 199 893 339 265 894 340 266 895 275 201 896 339 265 897 275 201 898 274 200 899 341 267 900 342 268 901 277 203 902 341 267 903 277 203 904 276 202 905 342 268 906 343 269 907 278 204 908 342 268 909 278 204 910 277 203 911 343 269 912 344 270 913 279 205 914 343 269 915 279 205 916 278 204 917 344 270 918 345 271 919 280 206 920 344 270 921 280 206 922 279 205 923 345 271 924 346 272 925 281 207 926 345 271 927 281 207 928 280 206 929 346 272 930 326 252 931 261 187 932 346 272 933 261 187 934 281 207 935 221 147 936 347 273 937 348 274 938 221 147 939 348 274 940 222 148 941 224 150 942 349 275 943 347 273 944 224 150 945 347 273 946 221 147 947 226 152 948 350 276 949 349 275 950 226 152 951 349 275 952 224 150 953 228 154 954 351 277 955 350 276 956 228 154 957 350 276 958 226 152 959 230 156 960 352 278 961 351 277 962 230 156 963 351 277 964 228 154 965 232 158 966 353 279 967 352 278 968 232 158 969 352 278 970 230 156 971 234 160 972 354 280 973 353 279 974 234 160 975 353 279 976 232 158 977 236 162 978 355 281 979 354 280 980 236 162 981 354 280 982 234 160 983 238 164 984 356 282 985 355 281 986 238 164 987 355 281 988 236 162 989 240 166 990 357 283 991 356 282 992 240 166 993 356 282 994 238 164 995 242 168 996 358 284 997 357 283 998 242 168 999 357 283 1000 240 166 1001 244 170 1002 359 285 1003 358 284 1004 244 170 1005 358 284 1006 242 168 1007 246 172 1008 360 286 1009 359 285 1010 246 172 1011 359 285 1012 244 170 1013 248 174 1014 361 287 1015 360 286 1016 248 174 1017 360 286 1018 246 172 1019 251 177 1020 362 288 1021 363 289 1022 251 177 1023 363 289 1024 252 178 1025 254 180 1026 364 290 1027 362 288 1028 254 180 1029 362 288 1030 251 177 1031 256 182 1032 365 291 1033 364 290 1034 256 182 1035 364 290 1036 254 180 1037 258 184 1038 366 292 1039 365 291 1040 258 184 1041 365 291 1042 256 182 1043 260 186 1044 367 293 1045 366 292 1046 260 186 1047 366 292 1048 258 184 1049 222 148 1050 348 274 1051 367 293 1052 222 148 1053 367 293 1054 260 186 1055 368 294 1056 369 295 1057 370 296 1058 368 294 1059 370 296 1060 371 297 1061 372 298 1062 373 299 1063 374 300 1064 372 298 1065 374 300 1066 375 301 1067 376 302 1068 377 303 1069 378 304 1070 376 302 1071 378 304 1072 379 305 1073 380 306 1074 381 307 1075 382 308 1076 380 306 1077 382 308 1078 383 309 1079 384 310 1080 385 311 1081 369 295 1082 384 310 1083 369 295 1084 368 294 1085 386 312 1086 387 313 1087 373 299 1088 386 312 1089 373 299 1090 372 298 1091 379 305 1092 378 304 1093 388 314 1094 379 305 1095 388 314 1096 389 315 1097 390 316 1098 391 317 1099 381 307 1100 390 316 1101 381 307 1102 380 306 1103 375 301 1104 374 300 1105 88 38 1106 375 301 1107 88 38 1108 87 37 1109 371 297 1110 370 296 1111 82 32 1112 371 297 1113 82 32 1114 81 31 1115 383 309 1116 382 308 1117 91 41 1118 383 309 1119 91 41 1120 90 40 1121 86 36 1122 85 35 1123 377 303 1124 86 36 1125 377 303 1126 376 302 1127 130 56 1128 129 55 1129 392 318 1130 130 56 1131 392 318 1132 393 319 1133 133 59 1134 132 58 1135 394 320 1136 133 59 1137 394 320 1138 395 321 1139 136 62 1140 135 61 1141 396 322 1142 136 62 1143 396 322 1144 397 323 1145 139 65 1146 138 64 1147 398 324 1148 139 65 1149 398 324 1150 399 325 1151 142 68 1152 141 67 1153 400 326 1154 142 68 1155 400 326 1156 401 327 1157 145 71 1158 144 70 1159 402 328 1160 145 71 1161 402 328 1162 403 329 1163 148 74 1164 147 73 1165 404 330 1166 148 74 1167 404 330 1168 405 331 1169 151 77 1170 150 76 1171 406 332 1172 151 77 1173 406 332 1174 407 333 1175 393 319 1176 392 318 1177 408 334 1178 393 319 1179 408 334 1180 409 335 1181 395 321 1182 394 320 1183 410 336 1184 395 321 1185 410 336 1186 411 337 1187 397 323 1188 396 322 1189 412 338 1190 397 323 1191 412 338 1192 413 339 1193 399 325 1194 398 324 1195 414 340 1196 399 325 1197 414 340 1198 415 341 1199 401 327 1200 400 326 1201 416 342 1202 401 327 1203 416 342 1204 417 343 1205 403 329 1206 402 328 1207 418 344 1208 403 329 1209 418 344 1210 419 345 1211 405 331 1212 404 330 1213 420 346 1214 405 331 1215 420 346 1216 421 347 1217 407 333 1218 406 332 1219 422 348 1220 407 333 1221 422 348 1222 423 349 1223 409 335 1224 408 334 1225 424 350 1226 409 335 1227 424 350 1228 425 351 1229 411 337 1230 410 336 1231 426 352 1232 411 337 1233 426 352 1234 427 353 1235 413 339 1236 412 338 1237 428 354 1238 413 339 1239 428 354 1240 429 355 1241 415 341 1242 414 340 1243 430 356 1244 415 341 1245 430 356 1246 431 357 1247 417 343 1248 416 342 1249 432 358 1250 417 343 1251 432 358 1252 433 359 1253 419 345 1254 418 344 1255 434 360 1256 419 345 1257 434 360 1258 435 361 1259 421 347 1260 420 346 1261 436 362 1262 421 347 1263 436 362 1264 437 363 1265 423 349 1266 422 348 1267 438 364 1268 423 349 1269 438 364 1270 439 365 1271 425 351 1272 424 350 1273 440 366 1274 425 351 1275 440 366 1276 441 367 1277 427 353 1278 426 352 1279 442 368 1280 427 353 1281 442 368 1282 443 369 1283 429 355 1284 428 354 1285 444 370 1286 429 355 1287 444 370 1288 445 371 1289 431 357 1290 430 356 1291 446 372 1292 431 357 1293 446 372 1294 447 373 1295 433 359 1296 432 358 1297 448 374 1298 433 359 1299 448 374 1300 449 375 1301 435 361 1302 434 360 1303 450 376 1304 435 361 1305 450 376 1306 451 377 1307 437 363 1308 436 362 1309 452 378 1310 437 363 1311 452 378 1312 453 379 1313 439 365 1314 438 364 1315 454 380 1316 439 365 1317 454 380 1318 455 381 1319 441 367 1320 440 366 1321 456 382 1322 441 367 1323 456 382 1324 457 383 1325 443 369 1326 442 368 1327 458 384 1328 443 369 1329 458 384 1330 459 385 1331 445 371 1332 444 370 1333 460 386 1334 445 371 1335 460 386 1336 461 387 1337 447 373 1338 446 372 1339 462 388 1340 447 373 1341 462 388 1342 463 389 1343 449 375 1344 448 374 1345 464 390 1346 449 375 1347 464 390 1348 465 391 1349 451 377 1350 450 376 1351 466 392 1352 451 377 1353 466 392 1354 467 393 1355 453 379 1356 452 378 1357 468 394 1358 453 379 1359 468 394 1360 469 395 1361 455 381 1362 454 380 1363 470 396 1364 455 381 1365 470 396 1366 471 397 1367 457 383 1368 456 382 1369 472 398 1370 457 383 1371 472 398 1372 473 399 1373 459 385 1374 458 384 1375 474 400 1376 459 385 1377 474 400 1378 475 401 1379 461 387 1380 460 386 1381 476 402 1382 461 387 1383 476 402 1384 477 403 1385 463 389 1386 462 388 1387 478 404 1388 463 389 1389 478 404 1390 479 405 1391 465 391 1392 464 390 1393 480 406 1394 465 391 1395 480 406 1396 481 407 1397 467 393 1398 466 392 1399 482 408 1400 467 393 1401 482 408 1402 483 409 1403 469 395 1404 468 394 1405 484 410 1406 469 395 1407 484 410 1408 485 411 1409 471 397 1410 470 396 1411 486 412 1412 471 397 1413 486 412 1414 487 413 1415 473 399 1416 472 398 1417 488 414 1418 473 399 1419 488 414 1420 489 415 1421 475 401 1422 474 400 1423 490 416 1424 475 401 1425 490 416 1426 491 417 1427 477 403 1428 476 402 1429 492 418 1430 477 403 1431 492 418 1432 493 419 1433 479 405 1434 478 404 1435 494 420 1436 479 405 1437 494 420 1438 495 421 1439 481 407 1440 480 406 1441 496 422 1442 481 407 1443 496 422 1444 497 423 1445 483 409 1446 482 408 1447 498 424 1448 483 409 1449 498 424 1450 499 425 1451 485 411 1452 484 410 1453 500 426 1454 485 411 1455 500 426 1456 501 427 1457 487 413 1458 486 412 1459 502 428 1460 487 413 1461 502 428 1462 503 429 1463 489 415 1464 488 414 1465 504 430 1466 489 415 1467 504 430 1468 505 431 1469 491 417 1470 490 416 1471 506 432 1472 491 417 1473 506 432 1474 507 433 1475 493 419 1476 492 418 1477 508 434 1478 493 419 1479 508 434 1480 509 435 1481 495 421 1482 494 420 1483 510 436 1484 495 421 1485 510 436 1486 511 437 1487 497 423 1488 496 422 1489 512 438 1490 497 423 1491 512 438 1492 513 439 1493 499 425 1494 498 424 1495 514 440 1496 499 425 1497 514 440 1498 515 441 1499 501 427 1500 500 426 1501 516 442 1502 501 427 1503 516 442 1504 517 443 1505 503 429 1506 502 428 1507 518 444 1508 503 429 1509 518 444 1510 519 445 1511 505 431 1512 504 430 1513 520 446 1514 505 431 1515 520 446 1516 521 447 1517 507 433 1518 506 432 1519 522 448 1520 507 433 1521 522 448 1522 523 449 1523 509 435 1524 508 434 1525 524 450 1526 509 435 1527 524 450 1528 525 451 1529 511 437 1530 510 436 1531 526 452 1532 511 437 1533 526 452 1534 527 453 1535 513 439 1536 512 438 1537 528 454 1538 513 439 1539 528 454 1540 529 455 1541 515 441 1542 514 440 1543 530 456 1544 515 441 1545 530 456 1546 531 457 1547 517 443 1548 516 442 1549 532 458 1550 517 443 1551 532 458 1552 533 459 1553 519 445 1554 518 444 1555 534 460 1556 519 445 1557 534 460 1558 535 461 1559 521 447 1560 520 446 1561 536 462 1562 521 447 1563 536 462 1564 537 463 1565 523 449 1566 522 448 1567 538 464 1568 523 449 1569 538 464 1570 539 465 1571 525 451 1572 524 450 1573 540 466 1574 525 451 1575 540 466 1576 541 467 1577 527 453 1578 526 452 1579 542 468 1580 527 453 1581 542 468 1582 543 469 1583 529 455 1584 528 454 1585 544 470 1586 529 455 1587 544 470 1588 545 471 1589 531 457 1590 530 456 1591 546 472 1592 531 457 1593 546 472 1594 547 473 1595 533 459 1596 532 458 1597 548 474 1598 533 459 1599 548 474 1600 549 475 1601 535 461 1602 534 460 1603 550 476 1604 535 461 1605 550 476 1606 551 477 1607 537 463 1608 536 462 1609 552 478 1610 537 463 1611 552 478 1612 553 479 1613 539 465 1614 538 464 1615 554 480 1616 539 465 1617 554 480 1618 555 481 1619 541 467 1620 540 466 1621 556 482 1622 541 467 1623 556 482 1624 557 483 1625 543 469 1626 542 468 1627 558 484 1628 543 469 1629 558 484 1630 559 485 1631 545 471 1632 544 470 1633 560 486 1634 545 471 1635 560 486 1636 561 487 1637 547 473 1638 546 472 1639 562 488 1640 547 473 1641 562 488 1642 563 489 1643 549 475 1644 548 474 1645 564 490 1646 549 475 1647 564 490 1648 565 491 1649 551 477 1650 550 476 1651 566 492 1652 551 477 1653 566 492 1654 567 493 1655 553 479 1656 552 478 1657 568 494 1658 553 479 1659 568 494 1660 569 495 1661 555 481 1662 554 480 1663 570 496 1664 555 481 1665 570 496 1666 571 497 1667 557 483 1668 556 482 1669 572 498 1670 557 483 1671 572 498 1672 573 499 1673 559 485 1674 558 484 1675 574 500 1676 559 485 1677 574 500 1678 575 501 1679 561 487 1680 560 486 1681 576 502 1682 561 487 1683 576 502 1684 577 503 1685 563 489 1686 562 488 1687 578 504 1688 563 489 1689 578 504 1690 579 505 1691 565 491 1692 564 490 1693 580 506 1694 565 491 1695 580 506 1696 581 507 1697 567 493 1698 566 492 1699 582 508 1700 567 493 1701 582 508 1702 583 509 1703 569 495 1704 568 494 1705 584 510 1706 569 495 1707 584 510 1708 585 511 1709 571 497 1710 570 496 1711 586 512 1712 571 497 1713 586 512 1714 587 513 1715 573 499 1716 572 498 1717 588 514 1718 573 499 1719 588 514 1720 589 515 1721 575 501 1722 574 500 1723 590 516 1724 575 501 1725 590 516 1726 591 517 1727 577 503 1728 576 502 1729 592 518 1730 577 503 1731 592 518 1732 593 519 1733 579 505 1734 578 504 1735 594 520 1736 579 505 1737 594 520 1738 595 521 1739 581 507 1740 580 506 1741 596 522 1742 581 507 1743 596 522 1744 597 523 1745 583 509 1746 582 508 1747 598 524 1748 583 509 1749 598 524 1750 599 525 1751 585 511 1752 584 510 1753 154 80 1754 585 511 1755 154 80 1756 153 79 1757 587 513 1758 586 512 1759 157 83 1760 587 513 1761 157 83 1762 156 82 1763 589 515 1764 588 514 1765 160 86 1766 589 515 1767 160 86 1768 159 85 1769 591 517 1770 590 516 1771 163 89 1772 591 517 1773 163 89 1774 162 88 1775 593 519 1776 592 518 1777 166 92 1778 593 519 1779 166 92 1780 165 91 1781 595 521 1782 594 520 1783 169 95 1784 595 521 1785 169 95 1786 168 94 1787 597 523 1788 596 522 1789 172 98 1790 597 523 1791 172 98 1792 171 97 1793 599 525 1794 598 524 1795 175 101 1796 599 525 1797 175 101 1798 174 100 1799 42 526 1800 43 526 1801 24 526 1802 330 256 1803 329 255 1804 331 257 1805 44 526 1806 25 526 1807 43 526 1808 25 526 1809 24 526 1810 43 526 1811 24 527 1812 27 527 1813 42 527 1814 27 526 1815 28 526 1816 41 526 1817 42 528 1818 27 528 1819 41 528 1820 28 526 1821 29 526 1822 40 526 1823 29 529 1824 30 529 1825 39 529 1826 40 530 1827 29 530 1828 39 530 1829 30 526 1830 31 526 1831 38 526 1832 31 531 1833 32 531 1834 37 531 1835 38 526 1836 31 526 1837 37 526 1838 32 532 1839 33 532 1840 36 532 1841 33 526 1842 34 526 1843 35 526 1844 36 526 1845 33 526 1846 35 526 1847 36 533 1848 37 533 1849 32 533 1850 38 526 1851 39 526 1852 30 526 1853 40 526 1854 41 526 1855 28 526 1856 363 289 1857 362 288 1858 360 286 1859 362 288 1860 364 290 1861 360 286 1862 364 290 1863 365 291 1864 358 284 1865 365 291 1866 366 292 1867 357 283 1868 366 292 1869 367 293 1870 357 283 1871 367 293 1872 348 274 1873 356 282 1874 357 283 1875 367 293 1876 356 282 1877 348 274 1878 347 273 1879 355 281 1880 347 273 1881 349 275 1882 354 280 1883 355 281 1884 347 273 1885 354 280 1886 349 275 1887 350 276 1888 352 278 1889 350 276 1890 351 277 1891 352 278 1892 352 278 1893 353 279 1894 349 275 1895 353 279 1896 354 280 1897 349 275 1898 355 281 1899 356 282 1900 348 274 1901 357 283 1902 358 284 1903 365 291 1904 358 284 1905 359 285 1906 364 290 1907 359 285 1908 360 286 1909 364 290 1910 363 289 1911 360 286 1912 361 287 1913 252 178 1914 363 289 1915 361 287 1916 252 178 1917 361 287 1918 248 174 1919 249 175 1920 252 178 1921 248 174 1922 249 175 1923 248 174 1924 247 173 1925 249 175 1926 247 173 1927 275 201 1928 276 202 1929 249 175 1930 275 201 1931 341 267 1932 276 202 1933 275 201 1934 341 267 1935 275 201 1936 340 266 1937 341 267 1938 340 266 1939 339 265 1940 344 270 1941 343 269 1942 337 263 1943 343 269 1944 342 268 1945 338 264 1946 337 263 1947 343 269 1948 338 264 1949 341 267 1950 339 265 1951 342 268 1952 339 265 1953 338 264 1954 342 268 1955 345 271 1956 344 270 1957 337 263 1958 346 272 1959 345 271 1960 336 262 1961 337 263 1962 336 262 1963 345 271 1964 326 252 1965 346 272 1966 334 260 1967 333 259 1968 327 253 1969 326 252 1970 336 262 1971 335 261 1972 346 272 1973 327 253 1974 333 259 1975 332 258 1976 327 253 1977 332 258 1978 328 254 1979 335 261 1980 334 260 1981 346 272 1982 328 254 1983 332 258 1984 331 257 1985 334 260 1986 333 259 1987 326 252 1988 329 255 1989 328 254 1990 331 257 1991</p>
        </triangles>
      </mesh>
    </geometry>
  </library_geometries>
  <library_visual_scenes>
    <visual_scene id="Scene" name="Scene">
      <node id="Spear_of_the_sun" name="Spear_of_the_sun" type="NODE">
        <matrix sid="transform">-7.45443e-8 -0.5548149 0 0 -0.5548149 -7.45443e-8 4.85035e-8 0 -4.85035e-8 0 -0.554815 0 0 0 0 1</matrix>
        <node id="Spear_of_the_sun_Sun_Spear_0" name="Spear_of_the_sun_Sun_Spear_0" type="NODE">
          <matrix sid="transform">0.9999999 0 7.10543e-15 0 0 0.9999999 0 0 0 0 0.9999999 0 0 0 0 1</matrix>
          <instance_geometry url="#Spear_of_the_sun_Sun_Spear_0_001-mesh" name="Spear_of_the_sun_Sun_Spear_0">
            <bind_material>
              <technique_common>
                <instance_material symbol="Sun_Spear_001-material" target="#Sun_Spear_001-material">
                  <bind_vertex_input semantic="UVMap" input_semantic="TEXCOORD" input_set="0"/>
                </instance_material>
              </technique_common>
            </bind_material>
          </instance_geometry>
        </node>
      </node>
    </visual_scene>
  </library_visual_scenes>
  <scene>
    <instance_visual_scene url="#Scene"/>
  </scene>
</COLLADA>