<?xml version="1.0" encoding="utf-8"?>
<COLLADA xmlns="http://www.collada.org/2005/11/COLLADASchema" version="1.4.1" xmlns:xsi="http://www.w3.org/2001/XMLSchema-instance">
  <asset>
    <contributor>
      <author>Blender User</author>
      <authoring_tool>Blender 4.5.5 LTS commit date:2025-11-17, commit time:16:03, hash:836beaaf597a</authoring_tool>
    </contributor>
    <created>2025-12-16T01:29:09</created>
    <modified>2025-12-16T01:29:09</modified>
    <unit name="meter" meter="1"/>
    <up_axis>Z_UP</up_axis>
  </asset>
  <library_effects>
    <effect id="_001-effect">
      <profile_COMMON>
        <newparam sid="_001_baseColor_jpeg-surface">
          <surface type="2D">
            <init_from>_001_baseColor_jpeg</init_from>
          </surface>
        </newparam>
        <newparam sid="_001_baseColor_jpeg-sampler">
          <sampler2D>
            <source>_001_baseColor_jpeg-surface</source>
          </sampler2D>
        </newparam>
        <technique sid="common">
          <lambert>
            <emission>
              <color sid="emission">0 0 0 1</color>
            </emission>
            <diffuse>
              <texture texture="_001_baseColor_jpeg-sampler" texcoord="UVMap"/>
            </diffuse>
            <index_of_refraction>
              <float sid="ior">1.5</float>
            </index_of_refraction>
          </lambert>
        </technique>
      </profile_COMMON>
    </effect>
  </library_effects>
  <library_images>
    <image id="_001_baseColor_jpeg" name="_001_baseColor_jpeg">
      <init_from>1001_baseColor.jpeg</init_from>
    </image>
  </library_images>
  <library_materials>
    <material id="_001-material" name="1001">
      <instance_effect url="#_001-effect"/>
    </material>
  </library_materials>
  <library_geometries>
    <geometry id="defaultMaterial_004-mesh" name="defaultMaterial.004">
      <mesh>
        <source id="defaultMaterial_004-mesh-positions">
          <float_array id="defaultMaterial_004-mesh-positions-array" count="192">-0.177182 0.166552 -0.791404 -0.177182 -0.166552 -0.791404 -0.174068 -0.166552 -0.783888 -0.174068 0.166552 -0.783888 -0.174068 0.166552 -0.783888 -0.174068 -0.166552 -0.783888 -0.166552 -0.166552 -0.780774 -0.166552 0.166552 -0.780774 -0.166552 -0.177182 -1 -0.166552 -0.177182 -0.791404 -0.174068 -0.174068 -0.791404 -0.174068 -0.174068 -1 -0.174068 -0.174068 -1 -0.174068 -0.174068 -0.791404 -0.177182 -0.166552 -1 0.166552 -0.166552 -0.780774 -0.166552 -0.174068 -0.783888 0.166552 -0.174068 -0.783888 0.166552 -0.174068 -0.783888 -0.166552 -0.174068 -0.783888 0.166552 -0.177182 -0.791404 0.166552 0.166552 -0.780774 0.174068 -0.166552 -0.783888 0.174068 0.166552 -0.783888 0.174068 0.166552 -0.783888 0.174068 -0.166552 -0.783888 0.177182 -0.166552 -0.791404 0.177182 0.166552 -0.791404 0.177182 -0.166552 -1 0.174068 -0.174068 -0.791404 0.174068 -0.174068 -1 0.174068 -0.174068 -1 0.174068 -0.174068 -0.791404 0.166552 -0.177182 -1 -0.177182 0.166552 -1 -0.174068 0.174068 -0.791404 -0.174068 0.174068 -1 -0.174068 0.174068 -1 -0.174068 0.174068 -0.791404 -0.166552 0.177182 -0.791404 -0.166552 0.177182 -1 0.166552 0.177182 -0.791404 -0.166552 0.174068 -0.783888 0.166552 0.174068 -0.783888 0.166552 0.174068 -0.783888 -0.166552 0.174068 -0.783888 0.166552 0.177182 -1 0.174068 0.174068 -0.791404 0.174068 0.174068 -1 0.174068 0.174068 -1 0.174068 0.174068 -0.791404 0.177182 0.166552 -1 -0.1726869 -0.1726869 -0.785269 -0.1726869 -0.1726869 -0.785269 -0.1726869 -0.1726869 -0.785269 0.1726869 -0.1726869 -0.785269 0.1726869 -0.1726869 -0.785269 0.1726869 -0.1726869 -0.785269 -0.1726869 0.1726869 -0.785269 -0.1726869 0.1726869 -0.785269 -0.1726869 0.1726869 -0.785269 0.1726869 0.1726869 -0.785269 0.1726869 0.1726869 -0.785269 0.1726869 0.1726869 -0.785269</float_array>
          <technique_common>
            <accessor source="#defaultMaterial_004-mesh-positions-array" count="64" stride="3">
              <param name="X" type="float"/>
              <param name="Y" type="float"/>
              <param name="Z" type="float"/>
            </accessor>
          </technique_common>
        </source>
        <source id="defaultMaterial_004-mesh-normals">
          <float_array id="defaultMaterial_004-mesh-normals-array" count="192">-0.9998562 0.009070336 0.01433551 -0.9998562 -0.009048521 0.01434499 -0.9238303 -0.005701005 0.3827599 -0.9241271 0.005723953 0.3820423 -0.3827499 0.005704104 0.9238344 -0.3820457 -0.005726575 0.9241257 -0.009070336 -0.009109079 0.9999174 -0.009093165 0.009090125 0.9999173 -0.009158849 -0.9999581 0 -0.009064495 -0.9998561 0.01434195 -0.3827477 -0.9238089 0.009026169 -0.3827651 -0.9238457 0 -0.9238453 -0.3827661 0 -0.9242553 -0.3816685 0.00903064 -0.999958 -0.009172081 8.2081e-5 0.009099602 -0.009083747 0.9999173 -0.005695879 -0.3827565 0.9238318 0.005721211 -0.3820436 0.9241266 0.005706965 -0.9238312 0.3827576 -0.005728542 -0.9241264 0.3820441 0.009050667 -0.9998562 0.01434373 0.009079039 0.009100437 0.9999175 0.3827499 -0.005704104 0.9238344 0.3820457 0.005726575 0.9241257 0.9238303 0.005701005 0.3827599 0.9241271 -0.005723953 0.3820423 0.9998562 -0.009078741 0.01432681 0.9998562 0.009048521 0.01434499 0.9999582 -0.009157538 0 0.9238079 -0.3827501 0.009027361 0.9238469 -0.3827624 0 0.3827636 -0.9238464 0 0.3816703 -0.9242545 0.009030938 0.009170651 -0.999958 6.42415e-5 -0.9999582 0.009157538 0 -0.9238079 0.3827501 0.009027361 -0.9238469 0.3827624 0 -0.3827636 0.9238464 0 -0.3816703 0.9242545 0.009030938 -0.00905621 0.9998564 0.01433336 -0.009194016 0.9999578 -7.12752e-6 0.009065687 0.9998562 0.01433104 -0.005706965 0.9238312 0.3827576 0.005728542 0.9241264 0.3820441 0.005695879 0.3827565 0.9238318 -0.005721211 0.3820436 0.9241266 0.009199678 0.9999577 0 0.3827477 0.9238089 0.009026169 0.3827651 0.9238457 0 0.9238453 0.3827661 0 0.9242553 0.3816685 0.00903064 0.999958 0.009172081 8.2081e-5 -0.3252727 -0.3252815 0.8879132 -0.8879125 -0.3252784 0.3252776 -0.3252829 -0.8879106 0.3252782 0.8879116 -0.3252794 0.325279 0.325275 -0.3252822 0.887912 0.3252848 -0.8879099 0.3252781 -0.3252848 0.8879099 0.3252781 -0.8879116 0.3252794 0.325279 -0.325275 0.3252822 0.887912 0.8879125 0.3252784 0.3252776 0.3252829 0.8879106 0.3252782 0.3252727 0.3252815 0.8879132</float_array>
          <technique_common>
            <accessor source="#defaultMaterial_004-mesh-normals-array" count="64" stride="3">
              <param name="X" type="float"/>
              <param name="Y" type="float"/>
              <param name="Z" type="float"/>
            </accessor>
          </technique_common>
        </source>
        <source id="defaultMaterial_004-mesh-map-0">
          <float_array id="defaultMaterial_004-mesh-map-0-array" count="396">0.41939 0.844757 0.598623 0.87897 0.599812 0.874537 0.599812 0.874537 0.420209 0.840258 0.41939 0.844757 0.606139 0.683009 0.602136 0.871167 0.606695 0.870934 0.606695 0.870934 0.610702 0.683421 0.606139 0.683009 0.59569 0.9974604 0.60683 0.880012 0.602714 0.879565 0.602714 0.879565 0.590706 0.9966812 0.59569 0.9974604 0.590706 0.9966812 0.602714 0.879565 0.598623 0.87897 0.598623 0.87897 0.585738 0.9959018 0.590706 0.9966812 0.789648 0.875696 0.606695 0.870934 0.606819 0.875476 0.606819 0.875476 0.789292 0.880248 0.789648 0.875696 0.789292 0.880248 0.606819 0.875476 0.60683 0.880012 0.60683 0.880012 0.789065 0.884804 0.789292 0.880248 0.796242 0.68867 0.789648 0.875696 0.794199 0.876188 0.794199 0.876188 0.800807 0.688523 0.796242 0.68867 0.978582 0.853488 0.796308 0.879114 0.797264 0.883584 0.797264 0.883584 0.979169 0.858032 0.978582 0.853488 0.805997 0.9993825 0.797264 0.883584 0.793178 0.884267 0.793178 0.884267 0.800975 0.9996957 0.805997 0.9993825 0.800975 0.9996957 0.793178 0.884267 0.789065 0.884804 0.789065 0.884804 0.795945 1 0.800975 0.9996957 0.396336 0.961547 0.41939 0.844757 0.414953 0.843669 0.414953 0.843669 0.391862 0.9605669 0.396336 0.961547 0.607559 0.555574 0.606424 0.674739 0.610973 0.674345 0.610973 0.674345 0.612149 0.555436 0.607559 0.555574 0.796512 0.67953 0.610973 0.674345 0.610929 0.678884 0.610929 0.678884 0.79628 0.6841 0.796512 0.67953 0.79628 0.6841 0.610929 0.678884 0.610702 0.683421 0.610702 0.683421 0.796242 0.68867 0.79628 0.6841 0.803297 0.564088 0.796512 0.67953 0.801033 0.680232 0.801033 0.680232 0.807858 0.5645321 0.803297 0.564088 0 0.9724294 0.983649 0.857163 0.979169 0.858032 0.979169 0.858032 0.995477 0.9731819 0 0.9724294 0.789065 0.884804 0.60683 0.880012 0.59569 0.9974604 0.59569 0.9974604 0.795945 1 0.789065 0.884804 0.610702 0.683421 0.606695 0.870934 0.789648 0.875696 0.789648 0.875696 0.796242 0.68867 0.610702 0.683421 0.612149 0.555436 0.610973 0.674345 0.796512 0.67953 0.796512 0.67953 0.803297 0.564088 0.612149 0.555436 0.979169 0.858032 0.797264 0.883584 0.805997 0.9993825 0.805997 0.9993825 0.995477 0.9731819 0.979169 0.858032 0.598623 0.87897 0.41939 0.844757 0.396336 0.961547 0.396336 0.961547 0.585738 0.9959018 0.598623 0.87897 0.603208 0.875638 0.606819 0.875476 0.606695 0.870934 0.606695 0.870934 0.602136 0.871167 0.603208 0.875638 0.603208 0.875638 0.599812 0.874537 0.598623 0.87897 0.598623 0.87897 0.602714 0.879565 0.603208 0.875638 0.603208 0.875638 0.602714 0.879565 0.60683 0.880012 0.60683 0.880012 0.606819 0.875476 0.603208 0.875638 0.792874 0.880409 0.793178 0.884267 0.797264 0.883584 0.797264 0.883584 0.796308 0.879114 0.792874 0.880409 0.792874 0.880409 0.794199 0.876188 0.789648 0.875696 0.789648 0.875696 0.789292 0.880248 0.792874 0.880409 0.792874 0.880409 0.789292 0.880248 0.789065 0.884804 0.789065 0.884804 0.793178 0.884267 0.792874 0.880409 0.607295 0.678856 0.610929 0.678884 0.610973 0.674345 0.610973 0.674345 0.606424 0.674739 0.607295 0.678856 0.416455 0.840218 0.414953 0.843669 0.41939 0.844757 0.41939 0.844757 0.420209 0.840258 0.416455 0.840218 0.607295 0.678856 0.606139 0.683009 0.610702 0.683421 0.610702 0.683421 0.610929 0.678884 0.607295 0.678856 0.982332 0.853642 0.978582 0.853488 0.979169 0.858032 0.979169 0.858032 0.983649 0.857163 0.982332 0.853642 0.799907 0.684293 0.801033 0.680232 0.796512 0.67953 0.796512 0.67953 0.79628 0.6841 0.799907 0.684293 0.799907 0.684293 0.79628 0.6841 0.796242 0.68867 0.796242 0.68867 0.800807 0.688523 0.799907 0.684293</float_array>
          <technique_common>
            <accessor source="#defaultMaterial_004-mesh-map-0-array" count="198" stride="2">
              <param name="S" type="float"/>
              <param name="T" type="float"/>
            </accessor>
          </technique_common>
        </source>
        <vertices id="defaultMaterial_004-mesh-vertices">
          <input semantic="POSITION" source="#defaultMaterial_004-mesh-positions"/>
        </vertices>
        <triangles material="_001-material" count="66">
          <input semantic="VERTEX" source="#defaultMaterial_004-mesh-vertices" offset="0"/>
          <input semantic="NORMAL" source="#defaultMaterial_004-mesh-normals" offset="1"/>
          <input semantic="TEXCOORD" source="#defaultMaterial_004-mesh-map-0" offset="2" set="0"/>
          <p>0 0 0 1 1 1 2 2 2 2 2 3 3 3 4 0 0 5 4 4 6 5 5 7 6 6 8 6 6 9 7 7 10 4 4 11 8 8 12 9 9 13 10 10 14 10 10 15 11 11 16 8 8 17 12 12 18 13 13 19 1 1 20 1 1 21 14 14 22 12 12 23 15 15 24 6 6 25 16 16 26 16 16 27 17 17 28 15 15 29 18 18 30 19 19 31 9 9 32 9 9 33 20 20 34 18 18 35 21 21 36 15 15 37 22 22 38 22 22 39 23 23 40 21 21 41 24 24 42 25 25 43 26 26 44 26 26 45 27 27 46 24 24 47 28 28 48 26 26 49 29 29 50 29 29 51 30 30 52 28 28 53 31 31 54 32 32 55 20 20 56 20 20 57 33 33 58 31 31 59 34 34 60 0 0 61 35 35 62 35 35 63 36 36 64 34 34 65 37 37 66 38 38 67 39 39 68 39 39 69 40 40 70 37 37 71 41 41 72 39 39 73 42 42 74 42 42 75 43 43 76 41 41 77 44 44 78 45 45 79 7 7 80 7 7 81 21 21 82 44 44 83 46 46 84 41 41 85 47 47 86 47 47 87 48 48 88 46 46 89 49 49 90 50 50 91 27 27 92 27 27 93 51 51 94 49 49 95 20 20 96 9 9 97 8 8 98 8 8 99 33 33 100 20 20 101 7 7 102 6 6 103 15 15 104 15 15 105 21 21 106 7 7 107 40 40 108 39 39 109 41 41 110 41 41 111 46 46 112 40 40 113 27 27 114 26 26 115 28 28 116 28 28 117 51 51 118 27 27 119 1 1 120 0 0 121 34 34 122 34 34 123 14 14 124 1 1 125 52 52 126 16 16 127 6 6 128 6 6 129 5 5 130 52 52 131 53 53 132 2 2 133 1 1 134 1 1 135 13 13 136 53 53 137 54 54 138 10 10 139 9 9 140 9 9 141 19 19 142 54 54 143 55 55 144 29 29 145 26 26 146 26 26 147 25 25 148 55 55 149 56 56 150 22 22 151 15 15 152 15 15 153 17 17 154 56 56 155 57 57 156 18 18 157 20 20 158 20 20 159 32 32 160 57 57 161 58 58 162 42 42 163 39 39 164 39 39 165 38 38 166 58 58 167 59 59 168 35 35 169 0 0 170 0 0 171 3 3 172 59 59 173 60 60 174 4 4 175 7 7 176 7 7 177 45 45 178 60 60 179 61 61 180 24 24 181 27 27 182 27 27 183 50 50 184 61 61 185 62 62 186 47 47 187 41 41 188 41 41 189 43 43 190 62 62 191 63 63 192 44 44 193 21 21 194 21 21 195 23 23 196 63 63 197</p>
        </triangles>
      </mesh>
    </geometry>
    <geometry id="defaultMaterial_003-mesh" name="defaultMaterial.003">
      <mesh>
        <source id="defaultMaterial_003-mesh-positions">
          <float_array id="defaultMaterial_003-mesh-positions-array" count="918">0.1542789 0.06390446 -0.769781 0.145234 0.06015777 -0.781313 0.111157 0.111157 -0.781313 0.11808 0.11808 -0.769781 0.06015795 0.145234 -0.781313 0.06390458 0.1542789 -0.769781 0 0.1572 -0.781313 0 0.1669909 -0.769781 0 0.1669909 -0.769781 0 0.1572 -0.781313 -0.06015789 0.145234 -0.781313 -0.0639044 0.1542789 -0.769781 -0.111157 0.111157 -0.781313 -0.11808 0.11808 -0.769781 -0.145234 0.06015795 -0.781313 -0.1542789 0.06390458 -0.769781 -0.1572 0 -0.781313 -0.1669909 0 -0.769781 -0.145234 -0.06015789 -0.781313 -0.1542789 -0.06390446 -0.769781 -0.111157 -0.111157 -0.781313 -0.11808 -0.11808 -0.769781 -0.06015795 -0.145234 -0.781313 -0.06390458 -0.1542789 -0.769781 0 -0.1572 -0.781313 0 -0.1669909 -0.769781 0.06015789 -0.145234 -0.781313 0.06390458 -0.1542789 -0.769781 0.111157 -0.111157 -0.781313 0.11808 -0.11808 -0.769781 0.145234 -0.06015789 -0.781313 0.1542789 -0.06390458 -0.769781 0.1572 0 -0.781313 0.1669909 0 -0.769781 0.156809 0.06495219 -0.758165 0.120016 0.120016 -0.758165 0.06495237 0.156809 -0.758165 0 0.1697289 -0.758165 0 0.1697289 -0.758165 -0.06495225 0.156809 -0.758165 -0.120016 0.120016 -0.758165 -0.156809 0.06495237 -0.758165 -0.1697289 0 -0.758165 -0.156809 -0.06495225 -0.758165 -0.120016 -0.120016 -0.758165 -0.06495237 -0.156809 -0.758165 0 -0.1697289 -0.758165 0.06495237 -0.156809 -0.758165 0.120016 -0.120016 -0.758165 0.156809 -0.06495237 -0.758165 0.1697289 0 -0.758165 0.1528339 0.06330567 -0.747654 0.116974 0.116974 -0.747654 0.06330585 0.1528339 -0.747654 0 0.165426 -0.747654 0 0.165426 -0.747654 -0.06330567 0.1528339 -0.747654 -0.116974 0.116974 -0.747654 -0.1528339 0.06330579 -0.747654 -0.165426 0 -0.747654 -0.1528339 -0.06330579 -0.747654 -0.116974 -0.116974 -0.747654 -0.06330585 -0.1528339 -0.747654 0 -0.165426 -0.747654 0.06330579 -0.1528339 -0.747654 0.116974 -0.116974 -0.747654 0.1528339 -0.06330579 -0.747654 0.165426 0 -0.747654 0.143438 0.05941385 -0.738251 0.109783 0.109783 -0.738251 0.05941408 0.143438 -0.738251 0 0.155256 -0.738251 0 0.155256 -0.738251 -0.05941379 0.143438 -0.738251 -0.109783 0.109783 -0.738251 -0.143438 0.05941396 -0.738251 -0.155256 0 -0.738251 -0.143438 -0.05941385 -0.738251 -0.109783 -0.109783 -0.738251 -0.05941408 -0.143438 -0.738251 0 -0.155256 -0.738251 0.05941408 -0.143438 -0.738251 0.109783 -0.109783 -0.738251 0.143438 -0.05941396 -0.738251 0.155256 0 -0.738251 0.105539 0.04371547 -0.738251 0.08077609 0.08077585 -0.738251 0.04371565 0.105539 -0.738251 0 0.114235 -0.738251 0 0.114235 -0.738251 -0.04371559 0.105539 -0.738251 -0.08077579 0.08077597 -0.738251 -0.105539 0.04371559 -0.738251 -0.114234 0 -0.738251 -0.105539 -0.04371547 -0.738251 -0.08077597 -0.08077585 -0.738251 -0.04371565 -0.105539 -0.738251 0 -0.114235 -0.738251 0.04371559 -0.105539 -0.738251 0.08077597 -0.08077597 -0.738251 0.105539 -0.04371559 -0.738251 0.114234 0 -0.738251 0.09598028 0.03975617 -0.724949 0.07346016 0.07345986 -0.724949 0.03975629 0.09598016 -0.724949 0 0.103888 -0.724949 0 0.103888 -0.724949 -0.03975617 0.09598016 -0.724949 -0.07345986 0.07345998 -0.724949 -0.09598016 0.03975629 -0.724949 -0.103888 0 -0.724949 -0.09598028 -0.03975617 -0.724949 -0.07345986 -0.07345998 -0.724949 -0.03975629 -0.09598016 -0.724949 0 -0.103888 -0.724949 0.03975617 -0.09598016 -0.724949 0.07345986 -0.07345998 -0.724949 0.09598016 -0.03975617 -0.724949 0.103888 0 -0.724949 0.09337335 0.03867638 -0.712977 0.07146495 0.07146465 -0.712977 0.0386765 0.09337329 -0.712977 0 0.101067 -0.712977 0 0.101067 -0.712977 -0.03867638 0.09337329 -0.712977 -0.07146465 0.07146477 -0.712977 -0.09337329 0.0386765 -0.712977 -0.101066 0 -0.712977 -0.09337335 -0.03867638 -0.712977 -0.07146465 -0.07146477 -0.712977 -0.0386765 -0.09337329 -0.712977 0 -0.101067 -0.712977 0.03867638 -0.09337329 -0.712977 0.07146465 -0.07146477 -0.712977 0.09337329 -0.03867638 -0.712977 0.101066 0 -0.712977 0.09771817 0.04047608 -0.701006 0.07479029 0.07479006 -0.701006 0.0404762 0.09771806 -0.701006 0 0.105769 -0.701006 0 0.105769 -0.701006 -0.04047608 0.09771806 -0.701006 -0.07479006 0.07479017 -0.701006 -0.09771806 0.0404762 -0.701006 -0.105769 0 -0.701006 -0.09771817 -0.04047608 -0.701006 -0.07479017 -0.07479017 -0.701006 -0.0404762 -0.09771806 -0.701006 0 -0.105769 -0.701006 0.0404762 -0.09771806 -0.701006 0.07479017 -0.07479017 -0.701006 0.09771806 -0.04047608 -0.701006 0.105769 0 -0.701006 0.105973 0.04389548 -0.69103 0.08110857 0.08110839 -0.69103 0.04389566 0.105973 -0.69103 0 0.114705 -0.69103 0 0.114705 -0.69103 -0.04389548 0.105973 -0.69103 -0.08110851 0.08110851 -0.69103 -0.105973 0.0438956 -0.69103 -0.114705 0 -0.69103 -0.105973 -0.04389548 -0.69103 -0.08110851 -0.08110851 -0.69103 -0.04389548 -0.105973 -0.69103 0 -0.114705 -0.69103 0.04389548 -0.105973 -0.69103 0.08110851 -0.08110851 -0.69103 0.105973 -0.04389548 -0.69103 0.114705 0 -0.69103 0.122081 0.05056726 -0.69103 0.09343647 0.0934363 -0.69103 0.05056738 0.12208 -0.69103 0 0.132139 -0.69103 0 0.132139 -0.69103 -0.05056715 0.122081 -0.69103 -0.0934363 0.0934363 -0.69103 -0.122081 0.05056738 -0.69103 -0.132139 0 -0.69103 -0.122081 -0.05056726 -0.69103 -0.0934363 -0.0934363 -0.69103 -0.05056726 -0.12208 -0.69103 0 -0.132139 -0.69103 0.05056726 -0.12208 -0.69103 0.0934363 -0.0934363 -0.69103 0.122081 -0.05056726 -0.69103 0.132139 0 -0.69103 0.127617 0.05286049 -0.682555 0.09767377 0.09767359 -0.682555 0.05286067 0.127617 -0.682555 0 0.138132 -0.682555 0 0.138132 -0.682555 -0.05286049 0.127617 -0.682555 -0.09767359 0.09767365 -0.682555 -0.127617 0.05286055 -0.682555 -0.138131 0 -0.682555 -0.127617 -0.05286049 -0.682555 -0.09767365 -0.09767365 -0.682555 -0.05286055 -0.127617 -0.682555 0 -0.138132 -0.682555 0.05286055 -0.127617 -0.682555 0.09767365 -0.09767365 -0.682555 0.127617 -0.05286049 -0.682555 0.138131 0 -0.682555 0.1298969 0.05380475 -0.675077 0.09941858 0.09941828 -0.675077 0.05380487 0.129896 -0.675077 0 0.140599 -0.675077 0 0.140599 -0.675077 -0.05380469 0.1298969 -0.675077 -0.0994184 0.0994184 -0.675077 -0.129896 0.05380475 -0.675077 -0.140599 0 -0.675077 -0.1298969 -0.05380475 -0.675077 -0.0994184 -0.0994184 -0.675077 -0.05380475 -0.129896 -0.675077 0 -0.140599 -0.675077 0.05380475 -0.129896 -0.675077 0.0994184 -0.0994184 -0.675077 0.1298969 -0.05380475 -0.675077 0.140599 0 -0.675077 0.127291 0.05272555 -0.6676 0.0974245 0.09742426 -0.6676 0.05272579 0.127291 -0.6676 0 0.1377789 -0.6676 0 0.1377789 -0.6676 -0.05272549 0.127291 -0.6676 -0.09742426 0.09742438 -0.6676 -0.127291 0.05272567 -0.6676 -0.1377789 0 -0.6676 -0.127291 -0.05272555 -0.6676 -0.09742438 -0.09742438 -0.6676 -0.05272567 -0.127291 -0.6676 0 -0.1377789 -0.6676 0.05272567 -0.127291 -0.6676 0.09742438 -0.09742438 -0.6676 0.127291 -0.05272555 -0.6676 0.1377789 0 -0.6676 0 -0.1377789 -0.6676 0.11915 0.04935318 -0.658626 0.127291 0.05272555 -0.6676 0.0974245 0.09742426 -0.6676 0.09119319 0.0911929 -0.658626 0.05272579 0.127291 -0.6676 0.0493533 0.119149 -0.658626 0 0.1377789 -0.6676 0 0.128967 -0.658626 0 0.128967 -0.658626 0 0.1377789 -0.6676 -0.05272549 0.127291 -0.6676 -0.04935318 0.11915 -0.658626 -0.09742426 0.09742438 -0.6676 -0.0911929 0.09119296 -0.658626 -0.127291 0.05272567 -0.6676 -0.119149 0.0493533 -0.658626 -0.1377789 0 -0.6676 -0.128966 0 -0.658626 -0.127291 -0.05272555 -0.6676 -0.11915 -0.04935318 -0.658626 -0.09742438 -0.09742438 -0.6676 -0.09119307 -0.09119296 -0.658626 -0.05272567 -0.127291 -0.6676 -0.04935318 -0.119149 -0.658626 0 -0.128967 -0.658626 0.05272567 -0.127291 -0.6676 0.04935318 -0.119149 -0.658626 0.09742438 -0.09742438 -0.6676 0.09119307 -0.09119296 -0.658626 0.127291 -0.05272555 -0.6676 0.119149 -0.04935318 -0.658626 0.1377789 0 -0.6676 0.128966 0 -0.658626 0.09720635 0.04026395 -0.658626 0.07439839 0.07439827 -0.658626 0.04026407 0.09720617 -0.658626 0 0.105215 -0.658626 0 0.105215 -0.658626 -0.04026395 0.09720629 -0.658626 -0.07439827 0.07439839 -0.658626 -0.09720605 0.04026407 -0.658626 -0.105215 0 -0.658626 -0.09720635 -0.04026395 -0.658626 -0.07439839 -0.07439839 -0.658626 -0.04026407 -0.09720617 -0.658626 0 -0.105215 -0.658626 0.04026395 -0.09720617 -0.658626 0.07439839 -0.07439839 -0.658626 0.09720617 -0.04026395 -0.658626 0.105215 0 -0.658626 0.09720635 0.04026395 -0.63199 0.07439839 0.07439827 -0.63199 0.04026407 0.09720605 -0.63199 0 0.105215 -0.63199 0 0.105215 -0.63199 -0.04026395 0.09720617 -0.63199 -0.07439827 0.07439839 -0.63199 -0.09720605 0.04026407 -0.63199 -0.105215 0 -0.63199 -0.09720635 -0.04026395 -0.63199 -0.07439839 -0.07439839 -0.63199 -0.04026407 -0.09720605 -0.63199 0 -0.105215 -0.63199 0.04026395 -0.09720617 -0.63199 0.07439839 -0.07439839 -0.63199 0.09720617 -0.04026395 -0.63199 0.105215 0 -0.63199</float_array>
          <technique_common>
            <accessor source="#defaultMaterial_003-mesh-positions-array" count="306" stride="3">
              <param name="X" type="float"/>
              <param name="Y" type="float"/>
              <param name="Z" type="float"/>
            </accessor>
          </technique_common>
        </source>
        <source id="defaultMaterial_003-mesh-normals">
          <float_array id="defaultMaterial_003-mesh-normals-array" count="921">0.8202545 0.3397609 -0.4601576 0.7042965 0.2917332 -0.6471927 0.53904 0.5390387 -0.6472042 0.6277969 0.6277998 -0.4601507 0.2917314 0.7042996 -0.64719 0.3397575 0.8202551 -0.4601592 1.42455e-5 0.7623047 -0.6472185 5.43147e-5 0.8878502 -0.4601328 -1.46627e-5 0.8878436 -0.4601455 -5.08476e-5 0.7623187 -0.6472018 -0.2917339 0.7042982 -0.6471904 -0.3397592 0.8202538 -0.4601603 -0.5390374 0.539044 -0.6472018 -0.6278 0.6277976 -0.4601494 -0.7043009 0.291731 -0.6471888 -0.8202539 0.3397606 -0.4601591 -0.7623052 5.73157e-6 -0.6472178 -0.8878359 0 -0.4601604 -0.7042973 -0.2917342 -0.6471913 -0.8202544 -0.3397602 -0.4601585 -0.5390401 -0.5390388 -0.6472039 -0.627797 -0.6277998 -0.4601505 -0.2917312 -0.7042995 -0.6471903 -0.3397573 -0.8202548 -0.4601598 -6.60396e-6 -0.7623069 -0.6472157 0 -0.8878363 -0.4601595 0.2917317 -0.7042966 -0.6471931 0.3397701 -0.8202764 -0.4601118 0.539035 -0.5390442 -0.6472038 0.6277993 -0.6277977 -0.4601501 0.7042979 -0.2917306 -0.6471922 0.8202542 -0.3397571 -0.4601611 0.7623066 -5.32423e-6 -0.6472162 0.8878364 1.09896e-6 -0.4601593 0.9218227 0.3818311 0.06669503 0.7055301 0.7055298 0.06674736 0.3818325 0.9218223 0.06669199 6.61314e-5 0.9977723 0.06671297 -3.23653e-5 0.9977728 0.06670582 -0.3818316 0.9218224 0.06669318 -0.7055324 0.7055325 0.06669288 -0.9218223 0.3818323 0.06669306 -0.9977715 2.24957e-6 0.0667237 -0.9218229 -0.3818306 0.06669408 -0.7055326 -0.7055324 0.06669217 -0.3818324 -0.9218223 0.06669193 0 -0.9977716 0.06672388 0.3818318 -0.9218224 0.06669437 0.7055289 -0.7055308 0.06674867 0.9218227 -0.381831 0.06669265 0.9977715 -9.03528e-7 0.06672459 0.758368 0.3141275 0.5711409 0.5804178 0.5804207 0.5711629 0.3141248 0.7583674 0.571143 2.80589e-5 0.8208438 0.5711529 -3.66867e-5 0.8208436 0.5711532 -0.3141264 0.758367 0.5711429 -0.5804188 0.5804195 0.5711632 -0.7583664 0.3141267 0.5711435 -0.8208404 1.8453e-6 0.5711578 -0.7583685 -0.3141257 0.5711413 -0.5804178 -0.5804207 0.5711629 -0.3141246 -0.7583673 0.5711435 0 -0.8208408 0.5711571 0.3141269 -0.7583686 0.5711407 0.5804193 -0.5804191 0.5711631 0.7583662 -0.3141267 0.5711437 0.8208408 -1.55054e-6 0.5711572 0.2230506 0.09234023 0.9704235 0.1706997 0.1707217 0.9704204 0.09236651 0.2230395 0.9704236 2.88487e-5 0.2414422 0.9704152 -1.77696e-5 0.241432 0.9704177 -0.09239906 0.223026 0.9704236 -0.1707217 0.1706997 0.9704204 -0.2230391 0.09236758 0.9704235 -0.241409 -1.53482e-5 0.9704236 -0.2230277 -0.09239774 0.9704233 -0.1706997 -0.1707217 0.9704204 -0.09236645 -0.2230394 0.9704236 1.60262e-5 -0.241411 0.970423 0.09240096 -0.2230284 0.9704228 0.1707216 -0.1706994 0.9704205 0.2230391 -0.09236758 0.9704236 0.2414104 1.52234e-5 0.9704231 0.1677029 0.06944251 0.9833889 0.1283552 0.1283411 0.9833888 0.06947338 0.1676899 0.9833889 9.87202e-6 0.181492 0.9833925 -2.83495e-5 0.1815133 0.9833885 -0.06945019 0.1676972 0.9833893 -0.1283421 0.1283563 0.9833885 -0.1676896 0.06946736 0.9833894 -0.1815197 1.35042e-5 0.9833874 -0.1676988 -0.06945312 0.9833887 -0.1283543 -0.1283405 0.9833891 -0.0694732 -0.1676893 0.983389 -5.65126e-6 -0.1814953 0.9833918 0.06944984 -0.1676977 0.9833892 0.1283404 -0.1283526 0.9833893 0.1676884 -0.06946778 0.9833896 0.1815211 -1.38544e-5 0.9833871 0.8118536 0.3362753 0.4772972 0.6213635 0.6213663 0.4772959 0.3362782 0.8118509 0.4772999 6.02603e-5 0.8787466 0.4772889 -5.30183e-5 0.8787444 0.4772927 -0.3362842 0.8118509 0.4772957 -0.6213666 0.621364 0.4772949 -0.8118529 0.3362766 0.4772975 -0.8787399 -2.28989e-6 0.4773011 -0.8118528 -0.3362789 0.4772962 -0.6213613 -0.6213677 0.4772971 -0.3362796 -0.8118503 0.4772999 1.61678e-6 -0.8787466 0.4772887 0.3362837 -0.811851 0.477296 0.6213672 -0.6213614 0.4772976 0.8118528 -0.3362757 0.4772983 0.8787407 1.73319e-6 0.4772995 0.9207503 0.3813793 -0.08227229 0.70471 0.7047094 -0.08227056 0.3813875 0.9207468 -0.08227294 5.27203e-5 0.996609 -0.08228343 -5.17368e-5 0.9966085 -0.0822888 -0.3813883 0.9207471 -0.0822674 -0.7047098 0.7047093 -0.08227324 -0.9207475 0.381387 -0.0822696 -0.9966104 9.72068e-7 -0.0822665 -0.9207473 -0.3813868 -0.08227205 -0.7047091 -0.7047097 -0.0822764 -0.3813877 -0.9207468 -0.08227342 1.30611e-7 -0.9966102 -0.08226907 0.3813878 -0.9207472 -0.08226871 0.7047095 -0.7047092 -0.08227652 0.9207479 -0.3813858 -0.08226966 0.9966104 -6.52399e-7 -0.08226686 0.7763137 0.3215545 -0.5421622 0.5941601 0.5941604 -0.5421689 0.3215594 0.7763118 -0.542162 3.43025e-5 0.8402696 -0.5421688 -3.56436e-5 0.8402696 -0.5421688 -0.3215605 0.7763097 -0.5421645 -0.5941582 0.5941598 -0.5421717 -0.776311 0.3215577 -0.542164 -0.8402572 7.4954e-7 -0.5421881 -0.7763107 -0.3215575 -0.5421646 -0.5941593 -0.5941577 -0.5421729 -0.3215599 -0.7763129 -0.5421602 2.64437e-7 -0.8402737 -0.5421624 0.3215594 -0.7763097 -0.5421649 0.594159 -0.5941582 -0.5421726 0.7763121 -0.3215589 -0.5421618 0.8402571 -3.55707e-7 -0.5421882 0.2682272 0.111101 -0.9569278 0.2052749 0.2052857 -0.9569327 0.1110938 0.2682229 -0.9569299 1.19209e-5 0.2903177 -0.9569303 -2.30297e-5 0.2903387 -0.956924 -0.1110969 0.2682249 -0.956929 -0.2052845 0.2052746 -0.9569329 -0.2682197 0.1111074 -0.9569292 -0.2903383 -5.20144e-6 -0.956924 -0.2682253 -0.111097 -0.9569289 -0.2052764 -0.2052856 -0.9569324 -0.1111069 -0.26822 -0.9569292 5.33089e-6 -0.2903386 -0.956924 0.1111093 -0.2682201 -0.9569288 0.2052845 -0.2052757 -0.9569327 0.268221 -0.111107 -0.9569289 0.2903389 5.01517e-6 -0.9569239 0.3765 0.15595 -0.9131962 0.2881833 0.2881941 -0.9131783 0.1559562 0.3765119 -0.9131903 2.41101e-5 0.4075332 -0.9131904 -5.99027e-6 0.4075199 -0.9131963 -0.155959 0.3764935 -0.9131975 -0.2881868 0.288183 -0.9131807 -0.3765046 0.1559431 -0.9131956 -0.407521 -5.0161e-6 -0.9131959 -0.3764991 -0.1559558 -0.9131957 -0.2881803 -0.2881898 -0.9131806 -0.1559548 -0.3765128 -0.9131901 7.09854e-6 -0.4075406 -0.913187 0.1559628 -0.3765086 -0.9131905 0.288187 -0.2881802 -0.9131815 0.3765013 -0.1559434 -0.9131969 0.4075216 4.96767e-6 -0.9131956 0.8207497 0.3399585 -0.4591276 0.6281745 0.6281788 -0.4591168 0.3399704 0.820757 -0.4591058 6.33001e-5 0.8883818 -0.4591055 -4.39435e-5 0.8883824 -0.4591045 -0.339966 0.8207486 -0.4591242 -0.6281764 0.6281764 -0.4591175 -0.8207508 0.3399652 -0.4591208 -0.8883691 2.5453e-6 -0.4591301 -0.8207473 -0.3399667 -0.4591259 -0.6281744 -0.628178 -0.4591182 -0.3399694 -0.8207573 -0.459106 9.03849e-7 -0.8883805 -0.4591082 0.3399712 -0.8207578 -0.4591038 0.6281778 -0.6281779 -0.4591137 0.8207488 -0.339962 -0.4591267 0.8883679 2.81492e-7 -0.4591324 0.9236472 0.3825855 0.02245587 0.7069298 0.7069275 0.02244573 0.3825888 0.9236458 0.02245861 4.36902e-5 0.9997482 0.0224418 -6.4224e-5 0.9997484 0.02243 -0.3825879 0.9236462 0.02245771 -0.7069305 0.7069286 0.02238982 -0.9236466 0.382587 0.02245569 -0.9997488 2.05004e-6 0.02241116 -0.9236478 -0.3825873 0.0223996 -0.7069289 -0.7069302 0.02239042 -0.3825883 -0.9236473 0.02240216 0 -0.9997489 0.02241271 0.3825882 -0.9236474 0.02240222 0.7069291 -0.7069301 0.02238446 0.9236468 -0.3825867 0.02245384 0.9997488 -1.21031e-6 0.02241212 0.8644134 0.3580659 0.3529564 0.6616134 0.6616171 0.3528891 0.3580676 0.864454 0.3528555 2.39522e-5 0.9356802 0.3528494 -1.67787e-5 0.935674 0.352866 -0.3580639 0.8644145 0.352956 -0.6616206 0.66161 0.3528888 -0.8644536 0.3580687 0.3528552 -0.9356626 3.80155e-6 0.352896 -0.8644153 -0.3580639 0.3529541 -0.6616116 -0.6616216 0.3528841 -0.3580709 -0.8644525 0.3528558 -3.04356e-5 -0.9356693 0.3528782 0.3580673 -0.8644544 0.3528549 0.6616179 -0.6616146 0.3528851 0.8644205 -0.35805 0.3529553 0.9356639 -2.34044e-6 0.3528928 0 0 1 0.3057193 0.1266145 0.9436655 0.6592018 0.2730539 0.7006387 0.5045146 0.5045261 0.7006559 0.2339748 0.2339643 0.9436718 0.2730334 0.6591761 0.7006709 0.1266269 0.3056825 0.9436758 1.05053e-5 0.713459 0.700697 5.43892e-6 0.3308753 0.9436746 -1.67564e-5 0.3308822 0.9436721 -4.93431e-5 0.7134677 0.7006881 -0.2730575 0.6592065 0.7006328 -0.1266398 0.3057075 0.943666 -0.5045239 0.5045131 0.7006584 -0.2339628 0.2339713 0.943673 -0.6591758 0.2730336 0.7006711 -0.3056837 0.1266267 0.9436753 -0.7134761 -6.81457e-6 0.7006796 -0.330868 6.6217e-6 0.9436771 -0.6592028 -0.2730534 0.700638 -0.3057087 -0.1266382 0.9436658 -0.5045127 -0.5045269 0.7006565 -0.2339724 -0.233965 0.9436722 -0.2730314 -0.6591769 0.700671 -0.1266252 -0.3056827 0.9436759 1.72037e-6 -0.7135139 0.7006412 1.12765e-5 -0.330898 0.9436665 0.2730479 -0.6591711 0.70067 0.1266135 -0.3056859 0.9436764 0.5045204 -0.5045155 0.7006592 0.2339656 -0.2339749 0.9436715 0.6591777 -0.2730319 0.70067 0.3056847 -0.1266257 0.9436752 0.7134764 6.83294e-6 0.7006793 0.3308683 -6.63102e-6 0.943677 0.616415 0.2553237 0.7448774 0.4718045 0.4718043 0.7448498 0.2553384 0.6164389 0.7448526 3.86685e-5 0.6672256 0.7448557 -3.86536e-5 0.6672233 0.7448578 -0.2553387 0.6164385 0.7448529 -0.4718039 0.4718033 0.7448509 -0.6164412 0.2553395 0.7448505 -0.6672326 2.56393e-6 0.7448495 -0.6164122 -0.2553267 0.7448787 -0.4718035 -0.4718042 0.7448505 -0.2553377 -0.6164395 0.7448524 -7.93254e-7 -0.6672323 0.7448498 0.2553383 -0.6164405 0.7448514 0.4718037 -0.4718036 0.7448509 0.6164147 -0.2553274 0.7448765 0.6672332 -1.66125e-6 0.7448489 0.9238805 0.3826814 0 0.7071053 0.7071083 6.36372e-7 0.3826807 0.9238808 2.56207e-6 3.88175e-5 1 -9.31772e-6 -3.56287e-5 1 -7.8315e-6 -0.382683 0.9238798 2.99627e-6 -0.7071076 0.7071059 0 -0.9238805 0.3826813 0 -1 2.6405e-6 0 -0.9238806 -0.382681 0 -0.7071053 -0.7071083 5.56828e-7 -0.3826794 -0.9238812 2.34498e-6 0 -1 0 0.3826814 -0.9238804 0 0.7071074 -0.7071062 0 0.9238812 -0.3826794 0 1 -1.3807e-6 0</float_array>
          <technique_common>
            <accessor source="#defaultMaterial_003-mesh-normals-array" count="307" stride="3">
              <param name="X" type="float"/>
              <param name="Y" type="float"/>
              <param name="Z" type="float"/>
            </accessor>
          </technique_common>
        </source>
        <source id="defaultMaterial_003-mesh-map-0">
          <float_array id="defaultMaterial_003-mesh-map-0-array" count="3078">0.801143 0.5344761 0.803378 0.542737 0.834164 0.536468 0.834164 0.536468 0.831371 0.528408 0.801143 0.5344761 0.831371 0.528408 0.834164 0.536468 0.86539 0.527536 0.86539 0.527536 0.862084 0.51969 0.831371 0.528408 0.862084 0.51969 0.86539 0.527536 0.896986 0.515751 0.896986 0.515751 0.894714 0.50742 0.862084 0.51969 0.4025 0.496264 0.399119 0.504062 0.430065 0.520666 0.430065 0.520666 0.434036 0.513274 0.4025 0.496264 0.434036 0.513274 0.430065 0.520666 0.462155 0.533023 0.462155 0.533023 0.465503 0.525209 0.434036 0.513274 0.465503 0.525209 0.462155 0.533023 0.494255 0.541583 0.494255 0.541583 0.496914 0.533465 0.465503 0.525209 0.496914 0.533465 0.494255 0.541583 0.526106 0.54757 0.526106 0.54757 0.528139 0.539257 0.496914 0.533465 0.528139 0.539257 0.526106 0.54757 0.557689 0.551674 0.557689 0.551674 0.559159 0.543237 0.528139 0.539257 0.559159 0.543237 0.557689 0.551674 0.589021 0.554282 0.589021 0.554282 0.589974 0.545767 0.559159 0.543237 0.589974 0.545767 0.589021 0.554282 0.620116 0.555627 0.620116 0.555627 0.620587 0.54707 0.589974 0.545767 0.620587 0.54707 0.620116 0.555627 0.650991 0.555866 0.650991 0.555866 0.651006 0.547295 0.620587 0.54707 0.651006 0.547295 0.650991 0.555866 0.681665 0.55511 0.681665 0.55511 0.681242 0.546549 0.651006 0.547295 0.681242 0.546549 0.681665 0.55511 0.712169 0.553433 0.712169 0.553433 0.711315 0.544904 0.681242 0.546549 0.711315 0.544904 0.712169 0.553433 0.742555 0.550867 0.742555 0.550867 0.741267 0.542393 0.711315 0.544904 0.741267 0.542393 0.742555 0.550867 0.772909 0.547367 0.772909 0.547367 0.77117 0.538977 0.741267 0.542393 0.77117 0.538977 0.772909 0.547367 0.803378 0.542737 0.803378 0.542737 0.801143 0.5344761 0.77117 0.538977 0.799403 0.527855 0.801143 0.5344761 0.831371 0.528408 0.831371 0.528408 0.82921 0.521953 0.799403 0.527855 0.82921 0.521953 0.831371 0.528408 0.862084 0.51969 0.862084 0.51969 0.859577 0.513501 0.82921 0.521953 0.859577 0.513501 0.862084 0.51969 0.894714 0.50742 0.894714 0.50742 0.892316 0.501048 0.859577 0.513501 0.405666 0.490279 0.4025 0.496264 0.434036 0.513274 0.434036 0.513274 0.437114 0.507383 0.405666 0.490279 0.437114 0.507383 0.434036 0.513274 0.465503 0.525209 0.465503 0.525209 0.468071 0.518933 0.437114 0.507383 0.468071 0.518933 0.465503 0.525209 0.496914 0.533465 0.496914 0.533465 0.498947 0.526943 0.468071 0.518933 0.498947 0.526943 0.496914 0.533465 0.528139 0.539257 0.528139 0.539257 0.529688 0.532584 0.498947 0.526943 0.529688 0.532584 0.528139 0.539257 0.559159 0.543237 0.559159 0.543237 0.560271 0.536472 0.529688 0.532584 0.560271 0.536472 0.559159 0.543237 0.589974 0.545767 0.589974 0.545767 0.590686 0.538947 0.560271 0.536472 0.590686 0.538947 0.589974 0.545767 0.620587 0.54707 0.620587 0.54707 0.620927 0.54022 0.590686 0.538947 0.620927 0.54022 0.620587 0.54707 0.651006 0.547295 0.651006 0.547295 0.650993 0.540436 0.620927 0.54022 0.650993 0.540436 0.651006 0.547295 0.681242 0.546549 0.681242 0.546549 0.68089 0.539698 0.650993 0.540436 0.68089 0.539698 0.681242 0.546549 0.711315 0.544904 0.711315 0.544904 0.710632 0.538077 0.68089 0.539698 0.710632 0.538077 0.711315 0.544904 0.741267 0.542393 0.741267 0.542393 0.740251 0.535608 0.710632 0.538077 0.740251 0.535608 0.741267 0.542393 0.77117 0.538977 0.77117 0.538977 0.769808 0.532256 0.740251 0.535608 0.769808 0.532256 0.77117 0.538977 0.801143 0.5344761 0.801143 0.5344761 0.799403 0.527855 0.769808 0.532256 0.797808 0.521523 0.799403 0.527855 0.82921 0.521953 0.82921 0.521953 0.827239 0.515784 0.797808 0.521523 0.827239 0.515784 0.82921 0.521953 0.859577 0.513501 0.859577 0.513501 0.857245 0.507644 0.827239 0.515784 0.857245 0.507644 0.859577 0.513501 0.892316 0.501048 0.892316 0.501048 0.889269 0.495333 0.857245 0.507644 0.409358 0.484937 0.405666 0.490279 0.437114 0.507383 0.437114 0.507383 0.440012 0.50176 0.409358 0.484937 0.440012 0.50176 0.437114 0.507383 0.468071 0.518933 0.468071 0.518933 0.470431 0.512916 0.440012 0.50176 0.470431 0.512916 0.468071 0.518933 0.498947 0.526943 0.498947 0.526943 0.500801 0.520691 0.470431 0.512916 0.500801 0.520691 0.498947 0.526943 0.529688 0.532584 0.529688 0.532584 0.531091 0.526196 0.500801 0.520691 0.531091 0.526196 0.529688 0.532584 0.560271 0.536472 0.560271 0.536472 0.56127 0.530002 0.531091 0.526196 0.56127 0.530002 0.560271 0.536472 0.590686 0.538947 0.590686 0.538947 0.591317 0.532429 0.56127 0.530002 0.591317 0.532429 0.590686 0.538947 0.620927 0.54022 0.620927 0.54022 0.621216 0.533679 0.591317 0.532429 0.621216 0.533679 0.620927 0.54022 0.650993 0.540436 0.650993 0.540436 0.65096 0.533889 0.621216 0.533679 0.65096 0.533889 0.650993 0.540436 0.68089 0.539698 0.68089 0.539698 0.680548 0.533159 0.65096 0.533889 0.680548 0.533159 0.68089 0.539698 0.710632 0.538077 0.710632 0.538077 0.709989 0.53156 0.680548 0.533159 0.709989 0.53156 0.710632 0.538077 0.740251 0.535608 0.740251 0.535608 0.739307 0.529127 0.709989 0.53156 0.739307 0.529127 0.740251 0.535608 0.769808 0.532256 0.769808 0.532256 0.768551 0.525832 0.739307 0.529127 0.768551 0.525832 0.769808 0.532256 0.799403 0.527855 0.799403 0.527855 0.797808 0.521523 0.768551 0.525832 0.795949 0.513824 0.797808 0.521523 0.827239 0.515784 0.827239 0.515784 0.824929 0.508302 0.795949 0.513824 0.824929 0.508302 0.827239 0.515784 0.857245 0.507644 0.857245 0.507644 0.854383 0.500611 0.824929 0.508302 0.854383 0.500611 0.857245 0.507644 0.889269 0.495333 0.889269 0.495333 0.884904 0.488772 0.854383 0.500611 0.414436 0.478833 0.409358 0.484937 0.440012 0.50176 0.440012 0.50176 0.443568 0.494974 0.414436 0.478833 0.443568 0.494974 0.440012 0.50176 0.470431 0.512916 0.470431 0.512916 0.473234 0.505605 0.443568 0.494974 0.473234 0.505605 0.470431 0.512916 0.500801 0.520691 0.500801 0.520691 0.502974 0.51308 0.473234 0.505605 0.502974 0.51308 0.500801 0.520691 0.531091 0.526196 0.531091 0.526196 0.532721 0.518419 0.502974 0.51308 0.532721 0.518419 0.531091 0.526196 0.56127 0.530002 0.56127 0.530002 0.56242 0.522131 0.532721 0.518419 0.56242 0.522131 0.56127 0.530002 0.591317 0.532429 0.591317 0.532429 0.592033 0.524506 0.56242 0.522131 0.592033 0.524506 0.591317 0.532429 0.621216 0.533679 0.621216 0.533679 0.621532 0.525731 0.592033 0.524506 0.621532 0.525731 0.621216 0.533679 0.65096 0.533889 0.65096 0.533889 0.650901 0.525935 0.621532 0.525731 0.650901 0.525935 0.65096 0.533889 0.680548 0.533159 0.680548 0.533159 0.680133 0.525216 0.650901 0.525935 0.680133 0.525216 0.680548 0.533159 0.709989 0.53156 0.709989 0.53156 0.709227 0.523642 0.680133 0.525216 0.709227 0.523642 0.709989 0.53156 0.739307 0.529127 0.739307 0.529127 0.7382 0.52125 0.709227 0.523642 0.7382 0.52125 0.739307 0.529127 0.768551 0.525832 0.768551 0.525832 0.767085 0.51802 0.7382 0.52125 0.767085 0.51802 0.768551 0.525832 0.797808 0.521523 0.797808 0.521523 0.795949 0.513824 0.767085 0.51802 0.790339 0.491152 0.795949 0.513824 0.824929 0.508302 0.824929 0.508302 0.817794 0.486485 0.790339 0.491152 0.817794 0.486485 0.824929 0.508302 0.854383 0.500611 0.854383 0.500611 0.844776 0.480678 0.817794 0.486485 0.844776 0.480678 0.854383 0.500611 0.884904 0.488772 0.884904 0.488772 0.869857 0.472357 0.844776 0.480678 0.431683 0.463262 0.414436 0.478833 0.443568 0.494974 0.443568 0.494974 0.455104 0.475256 0.431683 0.463262 0.455104 0.475256 0.443568 0.494974 0.473234 0.505605 0.473234 0.505605 0.481507 0.4839 0.455104 0.475256 0.481507 0.4839 0.473234 0.505605 0.502974 0.51308 0.502974 0.51308 0.509072 0.490429 0.481507 0.4839 0.509072 0.490429 0.502974 0.51308 0.532721 0.518419 0.532721 0.518419 0.537133 0.495282 0.509072 0.490429 0.537133 0.495282 0.532721 0.518419 0.56242 0.522131 0.56242 0.522131 0.565407 0.498738 0.537133 0.495282 0.565407 0.498738 0.56242 0.522131 0.592033 0.524506 0.592033 0.524506 0.593758 0.500986 0.565407 0.498738 0.593758 0.500986 0.592033 0.524506 0.621532 0.525731 0.621532 0.525731 0.62211 0.502163 0.593758 0.500986 0.62211 0.502163 0.621532 0.525731 0.650901 0.525935 0.650901 0.525935 0.650418 0.502372 0.62211 0.502163 0.650418 0.502372 0.650901 0.525935 0.680133 0.525216 0.680133 0.525216 0.678647 0.501698 0.650418 0.502372 0.678647 0.501698 0.680133 0.525216 0.709227 0.523642 0.709227 0.523642 0.706773 0.500207 0.678647 0.501698 0.706773 0.500207 0.709227 0.523642 0.7382 0.52125 0.7382 0.52125 0.734777 0.497948 0.706773 0.500207 0.734777 0.497948 0.7382 0.52125 0.767085 0.51802 0.767085 0.51802 0.762642 0.494939 0.734777 0.497948 0.762642 0.494939 0.767085 0.51802 0.795949 0.513824 0.795949 0.513824 0.790339 0.491152 0.762642 0.494939 0.788497 0.481545 0.790339 0.491152 0.817794 0.486485 0.817794 0.486485 0.815437 0.477202 0.788497 0.481545 0.815437 0.477202 0.817794 0.486485 0.844776 0.480678 0.844776 0.480678 0.84155 0.472099 0.815437 0.477202 0.84155 0.472099 0.844776 0.480678 0.869857 0.472357 0.869857 0.472357 0.865246 0.465761 0.84155 0.472099 0.43708 0.457229 0.431683 0.463262 0.455104 0.475256 0.455104 0.475256 0.459408 0.467043 0.43708 0.457229 0.459408 0.467043 0.455104 0.475256 0.481507 0.4839 0.481507 0.4839 0.484845 0.474851 0.459408 0.467043 0.484845 0.474851 0.481507 0.4839 0.509072 0.490429 0.509072 0.490429 0.511649 0.480968 0.484845 0.474851 0.511649 0.480968 0.509072 0.490429 0.537133 0.495282 0.537133 0.495282 0.53907 0.485597 0.511649 0.480968 0.53907 0.485597 0.537133 0.495282 0.565407 0.498738 0.565407 0.498738 0.566786 0.488931 0.53907 0.485597 0.566786 0.488931 0.565407 0.498738 0.593758 0.500986 0.593758 0.500986 0.594641 0.491114 0.566786 0.488931 0.594641 0.491114 0.593758 0.500986 0.62211 0.502163 0.62211 0.502163 0.622546 0.492261 0.594641 0.491114 0.622546 0.492261 0.62211 0.502163 0.650418 0.502372 0.650418 0.502372 0.650444 0.49246 0.622546 0.492261 0.650444 0.49246 0.650418 0.502372 0.678647 0.501698 0.678647 0.501698 0.678292 0.491792 0.650444 0.49246 0.678292 0.491792 0.678647 0.501698 0.706773 0.500207 0.706773 0.500207 0.706055 0.49032 0.678292 0.491792 0.706055 0.49032 0.706773 0.500207 0.734777 0.497948 0.734777 0.497948 0.733705 0.488102 0.706055 0.49032 0.733705 0.488102 0.734777 0.497948 0.762642 0.494939 0.762642 0.494939 0.761205 0.485173 0.733705 0.488102 0.761205 0.485173 0.762642 0.494939 0.790339 0.491152 0.790339 0.491152 0.788497 0.481545 0.761205 0.485173 0.787327 0.474453 0.788497 0.481545 0.815437 0.477202 0.815437 0.477202 0.813981 0.470319 0.787327 0.474453 0.813981 0.470319 0.815437 0.477202 0.84155 0.472099 0.84155 0.472099 0.839738 0.465639 0.813981 0.470319 0.839738 0.465639 0.84155 0.472099 0.865246 0.465761 0.865246 0.465761 0.863195 0.46075 0.839738 0.465639 0.439645 0.452569 0.43708 0.457229 0.459408 0.467043 0.459408 0.467043 0.462005 0.460874 0.439645 0.452569 0.462005 0.460874 0.459408 0.467043 0.484845 0.474851 0.484845 0.474851 0.487075 0.468168 0.462005 0.460874 0.487075 0.468168 0.484845 0.474851 0.511649 0.480968 0.511649 0.480968 0.513447 0.474003 0.487075 0.468168 0.513447 0.474003 0.511649 0.480968 0.53907 0.485597 0.53907 0.485597 0.54045 0.478471 0.513447 0.474003 0.54045 0.478471 0.53907 0.485597 0.566786 0.488931 0.566786 0.488931 0.567785 0.481714 0.54045 0.478471 0.567785 0.481714 0.566786 0.488931 0.594641 0.491114 0.594641 0.491114 0.595296 0.483851 0.567785 0.481714 0.595296 0.483851 0.594641 0.491114 0.622546 0.492261 0.622546 0.492261 0.62289 0.484974 0.595296 0.483851 0.62289 0.484974 0.622546 0.492261 0.650444 0.49246 0.650444 0.49246 0.650504 0.485165 0.62289 0.484974 0.650504 0.485165 0.650444 0.49246 0.678292 0.491792 0.678292 0.491792 0.67809 0.484497 0.650504 0.485165 0.67809 0.484497 0.678292 0.491792 0.706055 0.49032 0.706055 0.49032 0.705608 0.483036 0.67809 0.484497 0.705608 0.483036 0.706055 0.49032 0.733705 0.488102 0.733705 0.488102 0.733021 0.480844 0.705608 0.483036 0.733021 0.480844 0.733705 0.488102 0.761205 0.485173 0.761205 0.485173 0.760284 0.477971 0.733021 0.480844 0.760284 0.477971 0.761205 0.485173 0.788497 0.481545 0.788497 0.481545 0.787327 0.474453 0.760284 0.477971 0.786245 0.467057 0.787327 0.474453 0.813981 0.470319 0.813981 0.470319 0.812713 0.463113 0.786245 0.467057 0.812713 0.463113 0.813981 0.470319 0.839738 0.465639 0.839738 0.465639 0.838461 0.458772 0.812713 0.463113 0.838461 0.458772 0.839738 0.465639 0.863195 0.46075 0.863195 0.46075 0.862705 0.45503 0.838461 0.458772 0.440668 0.447161 0.439645 0.452569 0.462005 0.460874 0.462005 0.460874 0.464028 0.454314 0.440668 0.447161 0.464028 0.454314 0.462005 0.460874 0.487075 0.468168 0.487075 0.468168 0.489089 0.461175 0.464028 0.454314 0.489089 0.461175 0.487075 0.468168 0.513447 0.474003 0.513447 0.474003 0.515146 0.46674 0.489089 0.461175 0.515146 0.46674 0.513447 0.474003 0.54045 0.478471 0.54045 0.478471 0.541774 0.471048 0.515146 0.46674 0.541774 0.471048 0.54045 0.478471 0.567785 0.481714 0.567785 0.481714 0.568747 0.474204 0.541774 0.471048 0.568747 0.474204 0.567785 0.481714 0.595296 0.483851 0.595296 0.483851 0.595926 0.476294 0.568747 0.474204 0.595926 0.476294 0.595296 0.483851 0.62289 0.484974 0.62289 0.484974 0.623218 0.477395 0.595926 0.476294 0.623218 0.477395 0.62289 0.484974 0.650504 0.485165 0.650504 0.485165 0.650557 0.477576 0.623218 0.477395 0.650557 0.477576 0.650504 0.485165 0.67809 0.484497 0.67809 0.484497 0.67789 0.476909 0.650557 0.477576 0.67789 0.476909 0.67809 0.484497 0.705608 0.483036 0.705608 0.483036 0.705173 0.475458 0.67789 0.476909 0.705173 0.475458 0.705608 0.483036 0.733021 0.480844 0.733021 0.480844 0.732365 0.47329 0.705173 0.475458 0.732365 0.47329 0.733021 0.480844 0.760284 0.477971 0.760284 0.477971 0.759413 0.47047 0.732365 0.47329 0.759413 0.47047 0.760284 0.477971 0.787327 0.474453 0.787327 0.474453 0.786245 0.467057 0.759413 0.47047 0.785248 0.459428 0.786245 0.467057 0.812713 0.463113 0.812713 0.463113 0.811615 0.455659 0.785248 0.459428 0.811615 0.455659 0.812713 0.463113 0.838461 0.458772 0.838461 0.458772 0.837597 0.451608 0.811615 0.455659 0.837597 0.451608 0.838461 0.458772 0.862705 0.45503 0.862705 0.45503 0.863211 0.448627 0.837597 0.451608 0.440691 0.441017 0.440668 0.447161 0.464028 0.454314 0.464028 0.454314 0.465571 0.447447 0.440691 0.441017 0.465571 0.447447 0.464028 0.454314 0.489089 0.461175 0.489089 0.461175 0.490851 0.453921 0.465571 0.447447 0.490851 0.453921 0.489089 0.461175 0.515146 0.46674 0.515146 0.46674 0.516679 0.459226 0.490851 0.453921 0.516679 0.459226 0.515146 0.46674 0.541774 0.471048 0.541774 0.471048 0.542979 0.463386 0.516679 0.459226 0.542979 0.463386 0.541774 0.471048 0.568747 0.474204 0.568747 0.474204 0.569619 0.466464 0.542979 0.463386 0.569619 0.466464 0.568747 0.474204 0.595926 0.476294 0.595926 0.476294 0.596486 0.468514 0.569619 0.466464 0.596486 0.468514 0.595926 0.476294 0.623218 0.477395 0.623218 0.477395 0.623492 0.469595 0.596486 0.468514 0.623492 0.469595 0.623218 0.477395 0.650557 0.477576 0.650557 0.477576 0.65057 0.46977 0.623492 0.469595 0.65057 0.46977 0.650557 0.477576 0.67789 0.476909 0.67789 0.476909 0.677667 0.469103 0.65057 0.46977 0.677667 0.469103 0.67789 0.476909 0.705173 0.475458 0.705173 0.475458 0.704733 0.467661 0.677667 0.469103 0.704733 0.467661 0.705173 0.475458 0.732365 0.47329 0.732365 0.47329 0.731724 0.465516 0.704733 0.467661 0.731724 0.465516 0.732365 0.47329 0.759413 0.47047 0.759413 0.47047 0.758586 0.462744 0.731724 0.465516 0.758586 0.462744 0.759413 0.47047 0.786245 0.467057 0.786245 0.467057 0.785248 0.459428 0.758586 0.462744 0.784072 0.449657 0.785248 0.459428 0.811615 0.455659 0.811615 0.455659 0.810372 0.446095 0.784072 0.449657 0.810372 0.446095 0.811615 0.455659 0.837597 0.451608 0.837597 0.451608 0.836731 0.442363 0.810372 0.446095 0.836731 0.442363 0.837597 0.451608 0.863211 0.448627 0.863211 0.448627 0.864652 0.43965 0.836731 0.442363 0.439896 0.432422 0.440691 0.441017 0.465571 0.447447 0.465571 0.447447 0.46707 0.438579 0.439896 0.432422 0.46707 0.438579 0.465571 0.447447 0.490851 0.453921 0.490851 0.453921 0.492668 0.444552 0.46707 0.438579 0.492668 0.444552 0.490851 0.453921 0.516679 0.459226 0.516679 0.459226 0.518275 0.449552 0.492668 0.444552 0.518275 0.449552 0.516679 0.459226 0.542979 0.463386 0.542979 0.463386 0.544224 0.453553 0.518275 0.449552 0.544224 0.453553 0.542979 0.463386 0.569619 0.466464 0.569619 0.466464 0.570496 0.456551 0.544224 0.453553 0.570496 0.456551 0.569619 0.466464 0.596486 0.468514 0.596486 0.468514 0.597012 0.458565 0.570496 0.456551 0.597012 0.458565 0.596486 0.468514 0.623492 0.469595 0.623492 0.469595 0.623694 0.45963 0.597012 0.458565 0.623694 0.45963 0.623492 0.469595 0.65057 0.46977 0.65057 0.46977 0.650477 0.4598 0.623694 0.45963 0.650477 0.4598 0.65057 0.46977 0.677667 0.469103 0.677667 0.469103 0.677305 0.459137 0.650477 0.4598 0.677305 0.459137 0.677667 0.469103 0.704733 0.467661 0.704733 0.467661 0.704131 0.457705 0.677305 0.459137 0.704131 0.457705 0.704733 0.467661 0.731724 0.465516 0.731724 0.465516 0.730905 0.455585 0.704131 0.457705 0.730905 0.455585 0.731724 0.465516 0.758586 0.462744 0.758586 0.462744 0.757573 0.452865 0.730905 0.455585 0.757573 0.452865 0.758586 0.462744 0.785248 0.459428 0.785248 0.459428 0.784072 0.449657 0.757573 0.452865 0.783456 0.443744 0.784072 0.449657 0.810372 0.446095 0.810372 0.446095 0.809716 0.440306 0.783456 0.443744 0.809716 0.440306 0.810372 0.446095 0.836731 0.442363 0.836731 0.442363 0.836178 0.436821 0.809716 0.440306 0.836178 0.436821 0.836731 0.442363 0.864652 0.43965 0.864652 0.43965 0.864839 0.434146 0.836178 0.436821 0.440033 0.427049 0.439896 0.432422 0.46707 0.438579 0.46707 0.438579 0.467991 0.433184 0.440033 0.427049 0.467991 0.433184 0.46707 0.438579 0.492668 0.444552 0.492668 0.444552 0.49366 0.438846 0.467991 0.433184 0.49366 0.438846 0.492668 0.444552 0.518275 0.449552 0.518275 0.449552 0.519132 0.443677 0.49366 0.438846 0.519132 0.443677 0.518275 0.449552 0.544224 0.453553 0.544224 0.453553 0.544889 0.447596 0.519132 0.443677 0.544889 0.447596 0.544224 0.453553 0.570496 0.456551 0.570496 0.456551 0.570963 0.450556 0.544889 0.447596 0.570963 0.450556 0.570496 0.456551 0.597012 0.458565 0.597012 0.458565 0.59729 0.452553 0.570963 0.450556 0.59729 0.452553 0.597012 0.458565 0.623694 0.45963 0.623694 0.45963 0.623796 0.453612 0.59729 0.452553 0.623796 0.453612 0.623694 0.45963 0.650477 0.4598 0.650477 0.4598 0.65042 0.453781 0.623796 0.453612 0.65042 0.453781 0.650477 0.4598 0.677305 0.459137 0.677305 0.459137 0.677105 0.453121 0.65042 0.453781 0.677105 0.453121 0.677305 0.459137 0.704131 0.457705 0.704131 0.457705 0.703803 0.451695 0.677105 0.453121 0.703803 0.451695 0.704131 0.457705 0.730905 0.455585 0.730905 0.455585 0.730466 0.449587 0.703803 0.451695 0.730466 0.449587 0.730905 0.455585 0.757573 0.452865 0.757573 0.452865 0.757036 0.446894 0.730466 0.449587 0.757036 0.446894 0.757573 0.452865 0.784072 0.449657 0.784072 0.449657 0.783456 0.443744 0.757036 0.446894 0.783027 0.439231 0.783456 0.443744 0.809716 0.440306 0.809716 0.440306 0.809257 0.435885 0.783027 0.439231 0.809257 0.435885 0.809716 0.440306 0.836178 0.436821 0.836178 0.436821 0.835734 0.432599 0.809257 0.435885 0.835734 0.432599 0.836178 0.436821 0.864839 0.434146 0.864839 0.434146 0.864643 0.429942 0.835734 0.432599 0.440456 0.422932 0.440033 0.427049 0.467991 0.433184 0.467991 0.433184 0.468709 0.429057 0.440456 0.422932 0.468709 0.429057 0.467991 0.433184 0.49366 0.438846 0.49366 0.438846 0.494359 0.434473 0.468709 0.429057 0.494359 0.434473 0.49366 0.438846 0.519132 0.443677 0.519132 0.443677 0.519723 0.439183 0.494359 0.434473 0.519723 0.439183 0.519132 0.443677 0.544889 0.447596 0.544889 0.447596 0.545344 0.443046 0.519723 0.439183 0.545344 0.443046 0.544889 0.447596 0.570963 0.450556 0.570963 0.450556 0.57128 0.445982 0.545344 0.443046 0.57128 0.445982 0.570963 0.450556 0.59729 0.452553 0.59729 0.452553 0.597474 0.447969 0.57128 0.445982 0.597474 0.447969 0.59729 0.452553 0.623796 0.453612 0.623796 0.453612 0.623858 0.449024 0.597474 0.447969 0.623858 0.449024 0.623796 0.453612 0.65042 0.453781 0.65042 0.453781 0.65037 0.449194 0.623858 0.449024 0.65037 0.449194 0.65042 0.453781 0.677105 0.453121 0.677105 0.453121 0.676956 0.448536 0.65037 0.449194 0.676956 0.448536 0.677105 0.453121 0.703803 0.451695 0.703803 0.451695 0.703566 0.447115 0.676956 0.448536 0.703566 0.447115 0.703803 0.451695 0.730466 0.449587 0.730466 0.449587 0.730152 0.445016 0.703566 0.447115 0.730152 0.445016 0.730466 0.449587 0.757036 0.446894 0.757036 0.446894 0.756658 0.442341 0.730152 0.445016 0.756658 0.442341 0.757036 0.446894 0.783456 0.443744 0.783456 0.443744 0.783027 0.439231 0.756658 0.442341 0.782633 0.43465 0.783027 0.439231 0.809257 0.435885 0.809257 0.435885 0.808838 0.431396 0.782633 0.43465 0.808838 0.431396 0.809257 0.435885 0.835734 0.432599 0.835734 0.432599 0.835293 0.428318 0.808838 0.431396 0.835293 0.428318 0.835734 0.432599 0.864643 0.429942 0.864643 0.429942 0.86385 0.425743 0.835293 0.428318 0.441476 0.41883 0.440456 0.422932 0.468709 0.429057 0.468709 0.429057 0.469437 0.42485 0.441476 0.41883 0.469437 0.42485 0.468709 0.429057 0.494359 0.434473 0.494359 0.434473 0.495021 0.43002 0.469437 0.42485 0.495021 0.43002 0.494359 0.434473 0.519723 0.439183 0.519723 0.439183 0.520273 0.434607 0.495021 0.43002 0.520273 0.434607 0.519723 0.439183 0.545344 0.443046 0.545344 0.443046 0.545766 0.438421 0.520273 0.434607 0.545766 0.438421 0.545344 0.443046 0.57128 0.445982 0.57128 0.445982 0.571573 0.441335 0.545766 0.438421 0.571573 0.441335 0.57128 0.445982 0.597474 0.447969 0.597474 0.447969 0.597642 0.443312 0.571573 0.441335 0.597642 0.443312 0.597474 0.447969 0.623858 0.449024 0.623858 0.449024 0.62391 0.444368 0.597642 0.443312 0.62391 0.444368 0.623858 0.449024 0.65037 0.449194 0.65037 0.449194 0.650316 0.44454 0.62391 0.444368 0.650316 0.44454 0.65037 0.449194 0.676956 0.448536 0.676956 0.448536 0.676817 0.443877 0.650316 0.44454 0.676817 0.443877 0.676956 0.448536 0.703566 0.447115 0.703566 0.447115 0.70334 0.442468 0.676817 0.443877 0.70334 0.442468 0.703566 0.447115 0.730152 0.445016 0.730152 0.445016 0.729856 0.440378 0.70334 0.442468 0.729856 0.440378 0.730152 0.445016 0.756658 0.442341 0.756658 0.442341 0.756305 0.43772 0.729856 0.440378 0.756305 0.43772 0.756658 0.442341 0.783027 0.439231 0.783027 0.439231 0.782633 0.43465 0.756305 0.43772 0.650316 0.44454 0.676817 0.443877 0.650317 0.444539 0.782121 0.427494 0.782632 0.434649 0.808838 0.431395 0.808838 0.431395 0.808298 0.424379 0.782121 0.427494 0.808298 0.424379 0.808838 0.431395 0.835293 0.428317 0.835293 0.428317 0.834611 0.421615 0.808298 0.424379 0.834611 0.421615 0.835293 0.428317 0.86385 0.425742 0.86385 0.425742 0.862084 0.419311 0.834611 0.421615 0.443708 0.412538 0.441477 0.418829 0.469437 0.424849 0.469437 0.424849 0.470644 0.418238 0.443708 0.412538 0.470644 0.418238 0.469437 0.424849 0.49502 0.430019 0.49502 0.430019 0.495951 0.423031 0.470644 0.418238 0.495951 0.423031 0.49502 0.430019 0.520273 0.434606 0.520273 0.434606 0.521021 0.427443 0.495951 0.423031 0.521021 0.427443 0.520273 0.434606 0.545767 0.43842 0.545767 0.43842 0.546338 0.431186 0.521021 0.427443 0.546338 0.431186 0.545767 0.43842 0.571573 0.441334 0.571573 0.441334 0.571965 0.434075 0.546338 0.431186 0.571965 0.434075 0.571573 0.441334 0.597642 0.443311 0.597642 0.443311 0.597863 0.436045 0.571965 0.434075 0.597863 0.436045 0.597642 0.443311 0.623909 0.444367 0.623909 0.444367 0.623973 0.437099 0.597863 0.436045 0.623973 0.437099 0.623909 0.444367 0.650317 0.444539 0.650317 0.444539 0.650236 0.437274 0.623973 0.437099 0.650236 0.437274 0.650317 0.444539 0.676809 0.443874 0.676809 0.443874 0.676602 0.436617 0.650236 0.437274 0.676602 0.436617 0.676809 0.443874 0.703348 0.442465 0.703348 0.442465 0.703024 0.435214 0.676602 0.436617 0.703024 0.435214 0.703348 0.442465 0.729856 0.440377 0.729856 0.440377 0.729453 0.433137 0.703024 0.435214 0.729453 0.433137 0.729856 0.440377 0.756306 0.437719 0.756306 0.437719 0.755836 0.430505 0.729453 0.433137 0.755836 0.430505 0.756306 0.437719 0.782632 0.434649 0.782632 0.434649 0.782121 0.427494 0.755836 0.430505 0.781357 0.414154 0.782121 0.427494 0.808298 0.424379 0.808298 0.424379 0.807523 0.411272 0.781357 0.414154 0.807523 0.411272 0.808298 0.424379 0.834611 0.421615 0.834611 0.421615 0.833379 0.409005 0.807523 0.411272 0.833379 0.409005 0.834611 0.421615 0.862084 0.419311 0.862084 0.419311 0.858057 0.407807 0.833379 0.409005 0.449063 0.401125 0.443708 0.412538 0.470644 0.418238 0.470644 0.418238 0.4728 0.405511 0.449063 0.401125 0.4728 0.405511 0.470644 0.418238 0.495951 0.423031 0.495951 0.423031 0.497253 0.409823 0.4728 0.405511 0.497253 0.409823 0.495951 0.423031 0.521021 0.427443 0.521021 0.427443 0.522047 0.414031 0.497253 0.409823 0.522047 0.414031 0.521021 0.427443 0.546338 0.431186 0.546338 0.431186 0.547133 0.417686 0.522047 0.414031 0.547133 0.417686 0.546338 0.431186 0.571965 0.434075 0.571965 0.434075 0.572507 0.420542 0.547133 0.417686 0.572507 0.420542 0.571965 0.434075 0.597863 0.436045 0.597863 0.436045 0.598142 0.422506 0.572507 0.420542 0.598142 0.422506 0.597863 0.436045 0.623973 0.437099 0.623973 0.437099 0.623996 0.423565 0.598142 0.422506 0.623996 0.423565 0.623973 0.437099 0.650236 0.437274 0.650236 0.437274 0.650026 0.423747 0.623996 0.423565 0.650026 0.423747 0.650236 0.437274 0.676602 0.436617 0.676602 0.436617 0.67619 0.423104 0.650026 0.423747 0.67619 0.423104 0.676602 0.436617 0.703024 0.435214 0.703024 0.435214 0.702447 0.421711 0.67619 0.423104 0.702447 0.421711 0.703024 0.435214 0.729453 0.433137 0.729453 0.433137 0.728758 0.419655 0.702447 0.421711 0.728758 0.419655 0.729453 0.433137 0.755836 0.430505 0.755836 0.430505 0.755077 0.417066 0.728758 0.419655 0.755077 0.417066 0.755836 0.430505 0.782121 0.427494 0.782121 0.427494 0.781357 0.414154 0.755077 0.417066 0.781068 0.398878 0.781357 0.414154 0.807523 0.411272 0.807523 0.411272 0.807493 0.396079 0.781068 0.398878 0.807493 0.396079 0.807523 0.411272 0.833379 0.409005 0.833379 0.409005 0.833596 0.393968 0.807493 0.396079 0.833596 0.393968 0.833379 0.409005 0.858057 0.407807 0.858057 0.407807 0.858289 0.393362 0.833596 0.393968 0.45055 0.387126 0.449063 0.401125 0.4728 0.405511 0.4728 0.405511 0.473663 0.390397 0.45055 0.387126 0.473663 0.390397 0.4728 0.405511 0.497253 0.409823 0.497253 0.409823 0.498058 0.394591 0.473663 0.390397 0.498058 0.394591 0.497253 0.409823 0.522047 0.414031 0.522047 0.414031 0.522819 0.398742 0.498058 0.394591 0.522819 0.398742 0.522047 0.414031 0.547133 0.417686 0.547133 0.417686 0.547796 0.402369 0.522819 0.398742 0.547796 0.402369 0.547133 0.417686 0.572507 0.420542 0.572507 0.420542 0.572992 0.405213 0.547796 0.402369 0.572992 0.405213 0.572507 0.420542 0.598142 0.422506 0.598142 0.422506 0.598415 0.407171 0.572992 0.405213 0.598415 0.407171 0.598142 0.422506 0.623996 0.423565 0.623996 0.423565 0.624053 0.40823 0.598415 0.407171 0.624053 0.40823 0.623996 0.423565 0.650026 0.423747 0.650026 0.423747 0.649884 0.408414 0.624053 0.40823 0.649884 0.408414 0.650026 0.423747 0.67619 0.423104 0.67619 0.423104 0.675884 0.407774 0.649884 0.408414 0.675884 0.407774 0.67619 0.423104 0.702447 0.421711 0.702447 0.421711 0.702024 0.406384 0.675884 0.407774 0.702024 0.406384 0.702447 0.421711 0.728758 0.419655 0.728758 0.419655 0.728283 0.404333 0.702024 0.406384 0.728283 0.404333 0.728758 0.419655 0.755077 0.417066 0.755077 0.417066 0.75464 0.401756 0.728283 0.404333 0.75464 0.401756 0.755077 0.417066 0.781357 0.414154 0.781357 0.414154 0.781068 0.398878 0.75464 0.401756</float_array>
          <technique_common>
            <accessor source="#defaultMaterial_003-mesh-map-0-array" count="1539" stride="2">
              <param name="S" type="float"/>
              <param name="T" type="float"/>
            </accessor>
          </technique_common>
        </source>
        <vertices id="defaultMaterial_003-mesh-vertices">
          <input semantic="POSITION" source="#defaultMaterial_003-mesh-positions"/>
        </vertices>
        <triangles material="_001-material" count="513">
          <input semantic="VERTEX" source="#defaultMaterial_003-mesh-vertices" offset="0"/>
          <input semantic="NORMAL" source="#defaultMaterial_003-mesh-normals" offset="1"/>
          <input semantic="TEXCOORD" source="#defaultMaterial_003-mesh-map-0" offset="2" set="0"/>
          <p>0 0 0 1 1 1 2 2 2 2 2 3 3 3 4 0 0 5 3 3 6 2 2 7 4 4 8 4 4 9 5 5 10 3 3 11 5 5 12 4 4 13 6 6 14 6 6 15 7 7 16 5 5 17 8 8 18 9 9 19 10 10 20 10 10 21 11 11 22 8 8 23 11 11 24 10 10 25 12 12 26 12 12 27 13 13 28 11 11 29 13 13 30 12 12 31 14 14 32 14 14 33 15 15 34 13 13 35 15 15 36 14 14 37 16 16 38 16 16 39 17 17 40 15 15 41 17 17 42 16 16 43 18 18 44 18 18 45 19 19 46 17 17 47 19 19 48 18 18 49 20 20 50 20 20 51 21 21 52 19 19 53 21 21 54 20 20 55 22 22 56 22 22 57 23 23 58 21 21 59 23 23 60 22 22 61 24 24 62 24 24 63 25 25 64 23 23 65 25 25 66 24 24 67 26 26 68 26 26 69 27 27 70 25 25 71 27 27 72 26 26 73 28 28 74 28 28 75 29 29 76 27 27 77 29 29 78 28 28 79 30 30 80 30 30 81 31 31 82 29 29 83 31 31 84 30 30 85 32 32 86 32 32 87 33 33 88 31 31 89 33 33 90 32 32 91 1 1 92 1 1 93 0 0 94 33 33 95 34 34 96 0 0 97 3 3 98 3 3 99 35 35 100 34 34 101 35 35 102 3 3 103 5 5 104 5 5 105 36 36 106 35 35 107 36 36 108 5 5 109 7 7 110 7 7 111 37 37 112 36 36 113 38 38 114 8 8 115 11 11 116 11 11 117 39 39 118 38 38 119 39 39 120 11 11 121 13 13 122 13 13 123 40 40 124 39 39 125 40 40 126 13 13 127 15 15 128 15 15 129 41 41 130 40 40 131 41 41 132 15 15 133 17 17 134 17 17 135 42 42 136 41 41 137 42 42 138 17 17 139 19 19 140 19 19 141 43 43 142 42 42 143 43 43 144 19 19 145 21 21 146 21 21 147 44 44 148 43 43 149 44 44 150 21 21 151 23 23 152 23 23 153 45 45 154 44 44 155 45 45 156 23 23 157 25 25 158 25 25 159 46 46 160 45 45 161 46 46 162 25 25 163 27 27 164 27 27 165 47 47 166 46 46 167 47 47 168 27 27 169 29 29 170 29 29 171 48 48 172 47 47 173 48 48 174 29 29 175 31 31 176 31 31 177 49 49 178 48 48 179 49 49 180 31 31 181 33 33 182 33 33 183 50 50 184 49 49 185 50 50 186 33 33 187 0 0 188 0 0 189 34 34 190 50 50 191 51 51 192 34 34 193 35 35 194 35 35 195 52 52 196 51 51 197 52 52 198 35 35 199 36 36 200 36 36 201 53 53 202 52 52 203 53 53 204 36 36 205 37 37 206 37 37 207 54 54 208 53 53 209 55 55 210 38 38 211 39 39 212 39 39 213 56 56 214 55 55 215 56 56 216 39 39 217 40 40 218 40 40 219 57 57 220 56 56 221 57 57 222 40 40 223 41 41 224 41 41 225 58 58 226 57 57 227 58 58 228 41 41 229 42 42 230 42 42 231 59 59 232 58 58 233 59 59 234 42 42 235 43 43 236 43 43 237 60 60 238 59 59 239 60 60 240 43 43 241 44 44 242 44 44 243 61 61 244 60 60 245 61 61 246 44 44 247 45 45 248 45 45 249 62 62 250 61 61 251 62 62 252 45 45 253 46 46 254 46 46 255 63 63 256 62 62 257 63 63 258 46 46 259 47 47 260 47 47 261 64 64 262 63 63 263 64 64 264 47 47 265 48 48 266 48 48 267 65 65 268 64 64 269 65 65 270 48 48 271 49 49 272 49 49 273 66 66 274 65 65 275 66 66 276 49 49 277 50 50 278 50 50 279 67 67 280 66 66 281 67 67 282 50 50 283 34 34 284 34 34 285 51 51 286 67 67 287 68 68 288 51 51 289 52 52 290 52 52 291 69 69 292 68 68 293 69 69 294 52 52 295 53 53 296 53 53 297 70 70 298 69 69 299 70 70 300 53 53 301 54 54 302 54 54 303 71 71 304 70 70 305 72 72 306 55 55 307 56 56 308 56 56 309 73 73 310 72 72 311 73 73 312 56 56 313 57 57 314 57 57 315 74 74 316 73 73 317 74 74 318 57 57 319 58 58 320 58 58 321 75 75 322 74 74 323 75 75 324 58 58 325 59 59 326 59 59 327 76 76 328 75 75 329 76 76 330 59 59 331 60 60 332 60 60 333 77 77 334 76 76 335 77 77 336 60 60 337 61 61 338 61 61 339 78 78 340 77 77 341 78 78 342 61 61 343 62 62 344 62 62 345 79 79 346 78 78 347 79 79 348 62 62 349 63 63 350 63 63 351 80 80 352 79 79 353 80 80 354 63 63 355 64 64 356 64 64 357 81 81 358 80 80 359 81 81 360 64 64 361 65 65 362 65 65 363 82 82 364 81 81 365 82 82 366 65 65 367 66 66 368 66 66 369 83 83 370 82 82 371 83 83 372 66 66 373 67 67 374 67 67 375 84 84 376 83 83 377 84 84 378 67 67 379 51 51 380 51 51 381 68 68 382 84 84 383 85 85 384 68 68 385 69 69 386 69 69 387 86 86 388 85 85 389 86 86 390 69 69 391 70 70 392 70 70 393 87 87 394 86 86 395 87 87 396 70 70 397 71 71 398 71 71 399 88 88 400 87 87 401 89 89 402 72 72 403 73 73 404 73 73 405 90 90 406 89 89 407 90 90 408 73 73 409 74 74 410 74 74 411 91 91 412 90 90 413 91 91 414 74 74 415 75 75 416 75 75 417 92 92 418 91 91 419 92 92 420 75 75 421 76 76 422 76 76 423 93 93 424 92 92 425 93 93 426 76 76 427 77 77 428 77 77 429 94 94 430 93 93 431 94 94 432 77 77 433 78 78 434 78 78 435 95 95 436 94 94 437 95 95 438 78 78 439 79 79 440 79 79 441 96 96 442 95 95 443 96 96 444 79 79 445 80 80 446 80 80 447 97 97 448 96 96 449 97 97 450 80 80 451 81 81 452 81 81 453 98 98 454 97 97 455 98 98 456 81 81 457 82 82 458 82 82 459 99 99 460 98 98 461 99 99 462 82 82 463 83 83 464 83 83 465 100 100 466 99 99 467 100 100 468 83 83 469 84 84 470 84 84 471 101 101 472 100 100 473 101 101 474 84 84 475 68 68 476 68 68 477 85 85 478 101 101 479 102 102 480 85 85 481 86 86 482 86 86 483 103 103 484 102 102 485 103 103 486 86 86 487 87 87 488 87 87 489 104 104 490 103 103 491 104 104 492 87 87 493 88 88 494 88 88 495 105 105 496 104 104 497 106 106 498 89 89 499 90 90 500 90 90 501 107 107 502 106 106 503 107 107 504 90 90 505 91 91 506 91 91 507 108 108 508 107 107 509 108 108 510 91 91 511 92 92 512 92 92 513 109 109 514 108 108 515 109 109 516 92 92 517 93 93 518 93 93 519 110 110 520 109 109 521 110 110 522 93 93 523 94 94 524 94 94 525 111 111 526 110 110 527 111 111 528 94 94 529 95 95 530 95 95 531 112 112 532 111 111 533 112 112 534 95 95 535 96 96 536 96 96 537 113 113 538 112 112 539 113 113 540 96 96 541 97 97 542 97 97 543 114 114 544 113 113 545 114 114 546 97 97 547 98 98 548 98 98 549 115 115 550 114 114 551 115 115 552 98 98 553 99 99 554 99 99 555 116 116 556 115 115 557 116 116 558 99 99 559 100 100 560 100 100 561 117 117 562 116 116 563 117 117 564 100 100 565 101 101 566 101 101 567 118 118 568 117 117 569 118 118 570 101 101 571 85 85 572 85 85 573 102 102 574 118 118 575 119 119 576 102 102 577 103 103 578 103 103 579 120 120 580 119 119 581 120 120 582 103 103 583 104 104 584 104 104 585 121 121 586 120 120 587 121 121 588 104 104 589 105 105 590 105 105 591 122 122 592 121 121 593 123 123 594 106 106 595 107 107 596 107 107 597 124 124 598 123 123 599 124 124 600 107 107 601 108 108 602 108 108 603 125 125 604 124 124 605 125 125 606 108 108 607 109 109 608 109 109 609 126 126 610 125 125 611 126 126 612 109 109 613 110 110 614 110 110 615 127 127 616 126 126 617 127 127 618 110 110 619 111 111 620 111 111 621 128 128 622 127 127 623 128 128 624 111 111 625 112 112 626 112 112 627 129 129 628 128 128 629 129 129 630 112 112 631 113 113 632 113 113 633 130 130 634 129 129 635 130 130 636 113 113 637 114 114 638 114 114 639 131 131 640 130 130 641 131 131 642 114 114 643 115 115 644 115 115 645 132 132 646 131 131 647 132 132 648 115 115 649 116 116 650 116 116 651 133 133 652 132 132 653 133 133 654 116 116 655 117 117 656 117 117 657 134 134 658 133 133 659 134 134 660 117 117 661 118 118 662 118 118 663 135 135 664 134 134 665 135 135 666 118 118 667 102 102 668 102 102 669 119 119 670 135 135 671 136 136 672 119 119 673 120 120 674 120 120 675 137 137 676 136 136 677 137 137 678 120 120 679 121 121 680 121 121 681 138 138 682 137 137 683 138 138 684 121 121 685 122 122 686 122 122 687 139 139 688 138 138 689 140 140 690 123 123 691 124 124 692 124 124 693 141 141 694 140 140 695 141 141 696 124 124 697 125 125 698 125 125 699 142 142 700 141 141 701 142 142 702 125 125 703 126 126 704 126 126 705 143 143 706 142 142 707 143 143 708 126 126 709 127 127 710 127 127 711 144 144 712 143 143 713 144 144 714 127 127 715 128 128 716 128 128 717 145 145 718 144 144 719 145 145 720 128 128 721 129 129 722 129 129 723 146 146 724 145 145 725 146 146 726 129 129 727 130 130 728 130 130 729 147 147 730 146 146 731 147 147 732 130 130 733 131 131 734 131 131 735 148 148 736 147 147 737 148 148 738 131 131 739 132 132 740 132 132 741 149 149 742 148 148 743 149 149 744 132 132 745 133 133 746 133 133 747 150 150 748 149 149 749 150 150 750 133 133 751 134 134 752 134 134 753 151 151 754 150 150 755 151 151 756 134 134 757 135 135 758 135 135 759 152 152 760 151 151 761 152 152 762 135 135 763 119 119 764 119 119 765 136 136 766 152 152 767 153 153 768 136 136 769 137 137 770 137 137 771 154 154 772 153 153 773 154 154 774 137 137 775 138 138 776 138 138 777 155 155 778 154 154 779 155 155 780 138 138 781 139 139 782 139 139 783 156 156 784 155 155 785 157 157 786 140 140 787 141 141 788 141 141 789 158 158 790 157 157 791 158 158 792 141 141 793 142 142 794 142 142 795 159 159 796 158 158 797 159 159 798 142 142 799 143 143 800 143 143 801 160 160 802 159 159 803 160 160 804 143 143 805 144 144 806 144 144 807 161 161 808 160 160 809 161 161 810 144 144 811 145 145 812 145 145 813 162 162 814 161 161 815 162 162 816 145 145 817 146 146 818 146 146 819 163 163 820 162 162 821 163 163 822 146 146 823 147 147 824 147 147 825 164 164 826 163 163 827 164 164 828 147 147 829 148 148 830 148 148 831 165 165 832 164 164 833 165 165 834 148 148 835 149 149 836 149 149 837 166 166 838 165 165 839 166 166 840 149 149 841 150 150 842 150 150 843 167 167 844 166 166 845 167 167 846 150 150 847 151 151 848 151 151 849 168 168 850 167 167 851 168 168 852 151 151 853 152 152 854 152 152 855 169 169 856 168 168 857 169 169 858 152 152 859 136 136 860 136 136 861 153 153 862 169 169 863 170 170 864 153 153 865 154 154 866 154 154 867 171 171 868 170 170 869 171 171 870 154 154 871 155 155 872 155 155 873 172 172 874 171 171 875 172 172 876 155 155 877 156 156 878 156 156 879 173 173 880 172 172 881 174 174 882 157 157 883 158 158 884 158 158 885 175 175 886 174 174 887 175 175 888 158 158 889 159 159 890 159 159 891 176 176 892 175 175 893 176 176 894 159 159 895 160 160 896 160 160 897 177 177 898 176 176 899 177 177 900 160 160 901 161 161 902 161 161 903 178 178 904 177 177 905 178 178 906 161 161 907 162 162 908 162 162 909 179 179 910 178 178 911 179 179 912 162 162 913 163 163 914 163 163 915 180 180 916 179 179 917 180 180 918 163 163 919 164 164 920 164 164 921 181 181 922 180 180 923 181 181 924 164 164 925 165 165 926 165 165 927 182 182 928 181 181 929 182 182 930 165 165 931 166 166 932 166 166 933 183 183 934 182 182 935 183 183 936 166 166 937 167 167 938 167 167 939 184 184 940 183 183 941 184 184 942 167 167 943 168 168 944 168 168 945 185 185 946 184 184 947 185 185 948 168 168 949 169 169 950 169 169 951 186 186 952 185 185 953 186 186 954 169 169 955 153 153 956 153 153 957 170 170 958 186 186 959 187 187 960 170 170 961 171 171 962 171 171 963 188 188 964 187 187 965 188 188 966 171 171 967 172 172 968 172 172 969 189 189 970 188 188 971 189 189 972 172 172 973 173 173 974 173 173 975 190 190 976 189 189 977 191 191 978 174 174 979 175 175 980 175 175 981 192 192 982 191 191 983 192 192 984 175 175 985 176 176 986 176 176 987 193 193 988 192 192 989 193 193 990 176 176 991 177 177 992 177 177 993 194 194 994 193 193 995 194 194 996 177 177 997 178 178 998 178 178 999 195 195 1000 194 194 1001 195 195 1002 178 178 1003 179 179 1004 179 179 1005 196 196 1006 195 195 1007 196 196 1008 179 179 1009 180 180 1010 180 180 1011 197 197 1012 196 196 1013 197 197 1014 180 180 1015 181 181 1016 181 181 1017 198 198 1018 197 197 1019 198 198 1020 181 181 1021 182 182 1022 182 182 1023 199 199 1024 198 198 1025 199 199 1026 182 182 1027 183 183 1028 183 183 1029 200 200 1030 199 199 1031 200 200 1032 183 183 1033 184 184 1034 184 184 1035 201 201 1036 200 200 1037 201 201 1038 184 184 1039 185 185 1040 185 185 1041 202 202 1042 201 201 1043 202 202 1044 185 185 1045 186 186 1046 186 186 1047 203 203 1048 202 202 1049 203 203 1050 186 186 1051 170 170 1052 170 170 1053 187 187 1054 203 203 1055 204 204 1056 187 187 1057 188 188 1058 188 188 1059 205 205 1060 204 204 1061 205 205 1062 188 188 1063 189 189 1064 189 189 1065 206 206 1066 205 205 1067 206 206 1068 189 189 1069 190 190 1070 190 190 1071 207 207 1072 206 206 1073 208 208 1074 191 191 1075 192 192 1076 192 192 1077 209 209 1078 208 208 1079 209 209 1080 192 192 1081 193 193 1082 193 193 1083 210 210 1084 209 209 1085 210 210 1086 193 193 1087 194 194 1088 194 194 1089 211 211 1090 210 210 1091 211 211 1092 194 194 1093 195 195 1094 195 195 1095 212 212 1096 211 211 1097 212 212 1098 195 195 1099 196 196 1100 196 196 1101 213 213 1102 212 212 1103 213 213 1104 196 196 1105 197 197 1106 197 197 1107 214 214 1108 213 213 1109 214 214 1110 197 197 1111 198 198 1112 198 198 1113 215 215 1114 214 214 1115 215 215 1116 198 198 1117 199 199 1118 199 199 1119 216 216 1120 215 215 1121 216 216 1122 199 199 1123 200 200 1124 200 200 1125 217 217 1126 216 216 1127 217 217 1128 200 200 1129 201 201 1130 201 201 1131 218 218 1132 217 217 1133 218 218 1134 201 201 1135 202 202 1136 202 202 1137 219 219 1138 218 218 1139 219 219 1140 202 202 1141 203 203 1142 203 203 1143 220 220 1144 219 219 1145 220 220 1146 203 203 1147 187 187 1148 187 187 1149 204 204 1150 220 220 1151 221 221 1152 204 204 1153 205 205 1154 205 205 1155 222 222 1156 221 221 1157 222 222 1158 205 205 1159 206 206 1160 206 206 1161 223 223 1162 222 222 1163 223 223 1164 206 206 1165 207 207 1166 207 207 1167 224 224 1168 223 223 1169 225 225 1170 208 208 1171 209 209 1172 209 209 1173 226 226 1174 225 225 1175 226 226 1176 209 209 1177 210 210 1178 210 210 1179 227 227 1180 226 226 1181 227 227 1182 210 210 1183 211 211 1184 211 211 1185 228 228 1186 227 227 1187 228 228 1188 211 211 1189 212 212 1190 212 212 1191 229 229 1192 228 228 1193 229 229 1194 212 212 1195 213 213 1196 213 213 1197 230 230 1198 229 229 1199 230 230 1200 213 213 1201 214 214 1202 214 214 1203 231 231 1204 230 230 1205 231 231 1206 214 214 1207 215 215 1208 215 215 1209 232 232 1210 231 231 1211 232 232 1212 215 215 1213 216 216 1214 216 216 1215 233 233 1216 232 232 1217 233 233 1218 216 216 1219 217 217 1220 217 217 1221 234 234 1222 233 233 1223 234 234 1224 217 217 1225 218 218 1226 218 218 1227 235 235 1228 234 234 1229 235 235 1230 218 218 1231 219 219 1232 219 219 1233 236 236 1234 235 235 1235 236 236 1236 219 219 1237 220 220 1238 220 220 1239 237 237 1240 236 236 1241 237 237 1242 220 220 1243 204 204 1244 204 204 1245 221 221 1246 237 237 1247 233 233 1248 234 234 1249 238 238 1250 239 239 1251 240 240 1252 241 241 1253 241 241 1254 242 242 1255 239 239 1256 242 242 1257 241 241 1258 243 243 1259 243 243 1260 244 244 1261 242 242 1262 244 244 1263 243 243 1264 245 245 1265 245 245 1266 246 246 1267 244 244 1268 247 247 1269 248 248 1270 249 249 1271 249 249 1272 250 250 1273 247 247 1274 250 250 1275 249 249 1276 251 251 1277 251 251 1278 252 252 1279 250 250 1280 252 252 1281 251 251 1282 253 253 1283 253 253 1284 254 254 1285 252 252 1286 254 254 1287 253 253 1288 255 255 1289 255 255 1290 256 256 1291 254 254 1292 256 256 1293 255 255 1294 257 257 1295 257 257 1296 258 258 1297 256 256 1298 258 258 1299 257 257 1300 259 259 1301 259 259 1302 260 260 1303 258 258 1304 260 260 1305 259 259 1306 261 261 1307 261 261 1308 262 262 1309 260 260 1310 262 262 1311 261 261 1312 238 263 1313 238 263 1314 263 264 1315 262 262 1316 263 264 1317 238 263 1318 264 265 1319 264 265 1320 265 266 1321 263 264 1322 265 266 1323 264 265 1324 266 267 1325 266 267 1326 267 268 1327 265 266 1328 267 268 1329 266 267 1330 268 269 1331 268 269 1332 269 270 1333 267 268 1334 269 270 1335 268 269 1336 270 271 1337 270 271 1338 271 272 1339 269 270 1340 271 272 1341 270 271 1342 240 240 1343 240 240 1344 239 239 1345 271 272 1346 272 273 1347 239 239 1348 242 242 1349 242 242 1350 273 274 1351 272 273 1352 273 274 1353 242 242 1354 244 244 1355 244 244 1356 274 275 1357 273 274 1358 274 275 1359 244 244 1360 246 246 1361 246 246 1362 275 276 1363 274 275 1364 276 277 1365 247 247 1366 250 250 1367 250 250 1368 277 278 1369 276 277 1370 277 278 1371 250 250 1372 252 252 1373 252 252 1374 278 279 1375 277 278 1376 278 279 1377 252 252 1378 254 254 1379 254 254 1380 279 280 1381 278 279 1382 279 280 1383 254 254 1384 256 256 1385 256 256 1386 280 281 1387 279 280 1388 280 281 1389 256 256 1390 258 258 1391 258 258 1392 281 282 1393 280 281 1394 281 282 1395 258 258 1396 260 260 1397 260 260 1398 282 283 1399 281 282 1400 282 283 1401 260 260 1402 262 262 1403 262 262 1404 283 284 1405 282 283 1406 283 284 1407 262 262 1408 263 264 1409 263 264 1410 284 285 1411 283 284 1412 284 285 1413 263 264 1414 265 266 1415 265 266 1416 285 286 1417 284 285 1418 285 286 1419 265 266 1420 267 268 1421 267 268 1422 286 287 1423 285 286 1424 286 287 1425 267 268 1426 269 270 1427 269 270 1428 287 288 1429 286 287 1430 287 288 1431 269 270 1432 271 272 1433 271 272 1434 288 289 1435 287 288 1436 288 289 1437 271 272 1438 239 239 1439 239 239 1440 272 273 1441 288 289 1442 289 290 1443 272 273 1444 273 274 1445 273 274 1446 290 291 1447 289 290 1448 290 291 1449 273 274 1450 274 275 1451 274 275 1452 291 292 1453 290 291 1454 291 292 1455 274 275 1456 275 276 1457 275 276 1458 292 293 1459 291 292 1460 293 294 1461 276 277 1462 277 278 1463 277 278 1464 294 295 1465 293 294 1466 294 295 1467 277 278 1468 278 279 1469 278 279 1470 295 296 1471 294 295 1472 295 296 1473 278 279 1474 279 280 1475 279 280 1476 296 297 1477 295 296 1478 296 297 1479 279 280 1480 280 281 1481 280 281 1482 297 298 1483 296 297 1484 297 298 1485 280 281 1486 281 282 1487 281 282 1488 298 299 1489 297 298 1490 298 299 1491 281 282 1492 282 283 1493 282 283 1494 299 300 1495 298 299 1496 299 300 1497 282 283 1498 283 284 1499 283 284 1500 300 301 1501 299 300 1502 300 301 1503 283 284 1504 284 285 1505 284 285 1506 301 302 1507 300 301 1508 301 302 1509 284 285 1510 285 286 1511 285 286 1512 302 303 1513 301 302 1514 302 303 1515 285 286 1516 286 287 1517 286 287 1518 303 304 1519 302 303 1520 303 304 1521 286 287 1522 287 288 1523 287 288 1524 304 305 1525 303 304 1526 304 305 1527 287 288 1528 288 289 1529 288 289 1530 305 306 1531 304 305 1532 305 306 1533 288 289 1534 272 273 1535 272 273 1536 289 290 1537 305 306 1538</p>
        </triangles>
      </mesh>
    </geometry>
    <geometry id="defaultMaterial_002-mesh" name="defaultMaterial.002">
      <mesh>
        <source id="defaultMaterial_002-mesh-positions">
          <float_array id="defaultMaterial_002-mesh-positions-array" count="1344">-0.09612965 0.02522939 0.713494 -0.09612977 0.02523016 -0.612322 -0.0984674 0.01347827 -0.612322 -0.0984674 0.01347756 0.713494 -0.07915735 0.06009656 0.713494 -0.07915729 0.06009668 -0.612322 -0.08581429 0.050134 -0.612322 -0.08581405 0.05013376 0.713494 -0.05013376 0.08581417 0.713494 -0.05013376 0.08581435 -0.612322 -0.06009656 0.07915735 -0.612322 -0.06009656 0.07915735 0.713494 -0.01347786 0.09846699 0.713493 -0.01347786 0.09846758 -0.612322 -0.02522975 0.09612989 -0.612322 -0.02522975 0.09612959 0.713494 0.02522969 0.09612905 0.713493 0.02522975 0.09612995 -0.612322 0.01347786 0.09846746 -0.612322 0.01347786 0.09846675 0.713493 0.06009656 0.07915669 0.713494 0.06009656 0.07915735 -0.612322 0.05013388 0.08581435 -0.612322 0.0501337 0.0858134 0.713493 0.08581447 0.05013358 0.713494 0.08581435 0.05013388 -0.612322 0.07915759 0.06009668 -0.612322 0.07915729 0.06009608 0.713494 0.09846746 0.0134778 0.713494 0.09846746 0.01347815 -0.612322 0.09612989 0.02522999 -0.612322 0.09612989 0.02522957 0.713494 0.09612995 -0.02522987 0.713494 0.09612989 -0.02522975 -0.612322 0.09846746 -0.01347798 -0.612322 0.09846746 -0.01347798 0.713494 0.07915771 -0.06009697 0.713494 0.07915747 -0.0600965 -0.612322 0.08581447 -0.05013376 -0.612322 0.08581435 -0.05013406 0.713494 0.05013406 -0.08581531 0.713493 0.05013388 -0.08581417 -0.612322 0.0600968 -0.07915747 -0.612322 0.0600968 -0.079158 0.713494 0.0134781 -0.0984683 0.713493 0.01347798 -0.09846758 -0.612322 0.02522987 -0.09612989 -0.612322 0.02522999 -0.0961309 0.713493 -0.02522969 -0.09612977 0.713493 -0.02522975 -0.09613007 -0.612322 -0.0134778 -0.0984674 -0.612322 -0.0134778 -0.098468 0.713493 -0.06009668 -0.07915729 0.713493 -0.06009656 -0.07915729 -0.612322 -0.05013388 -0.08581429 -0.612322 -0.05013376 -0.08581399 0.713493 -0.08581447 -0.050134 0.713494 -0.08581447 -0.05013376 -0.612322 -0.07915759 -0.06009656 -0.612322 -0.07915759 -0.06009668 0.713493 -0.0984674 -0.01347798 0.713494 -0.09846758 -0.01347798 -0.612322 -0.09612989 -0.02522975 -0.612322 -0.09612995 -0.02522987 0.713494 -0.098342 0.03455328 -0.622546 -0.09720605 0.04026407 -0.63199 -0.105215 0 -0.63199 -0.104079 0.005711019 -0.622546 -0.104079 0.005711019 -0.622546 -0.105215 0 -0.63199 -0.105215 0 0.727885 -0.104079 0.005710721 0.721346 -0.104079 0.005710721 0.721346 -0.105215 0 0.727885 -0.09720587 0.04026395 0.727885 -0.09834188 0.03455299 0.721346 -0.09834188 0.03455299 0.721346 -0.09720587 0.04026395 0.727885 -0.09720605 0.04026407 -0.63199 -0.098342 0.03455328 -0.622546 -0.0776332 0.06955689 -0.622546 -0.07439827 0.07439839 -0.63199 -0.09720605 0.04026407 -0.63199 -0.09397107 0.04510557 -0.622546 -0.09397107 0.04510557 -0.622546 -0.09720605 0.04026407 -0.63199 -0.09720587 0.04026395 0.727885 -0.09397095 0.04510539 0.721346 -0.09397095 0.04510539 0.721346 -0.09720587 0.04026395 0.727885 -0.07439827 0.07439839 0.727885 -0.0776332 0.06955689 0.721346 -0.0776332 0.06955689 0.721346 -0.07439827 0.07439839 0.727885 -0.07439827 0.07439839 -0.63199 -0.0776332 0.06955689 -0.622546 -0.04510545 0.09397125 -0.622546 -0.04026395 0.09720617 -0.63199 -0.07439827 0.07439839 -0.63199 -0.06955677 0.07763326 -0.622546 -0.06955677 0.07763326 -0.622546 -0.07439827 0.07439839 -0.63199 -0.07439827 0.07439839 0.727885 -0.06955677 0.07763326 0.721346 -0.06955677 0.07763326 0.721346 -0.07439827 0.07439839 0.727885 -0.04026395 0.09720599 0.727885 -0.04510545 0.09397095 0.721346 -0.04510545 0.09397095 0.721346 -0.04026395 0.09720599 0.727885 -0.04026395 0.09720617 -0.63199 -0.04510545 0.09397125 -0.622546 -0.00571084 0.104079 -0.622546 0 0.105215 -0.63199 -0.04026395 0.09720617 -0.63199 -0.03455305 0.09834218 -0.622546 -0.03455305 0.09834218 -0.622546 -0.04026395 0.09720617 -0.63199 -0.04026395 0.09720599 0.727885 -0.03455305 0.09834188 0.721346 -0.03455305 0.09834188 0.721346 -0.04026395 0.09720599 0.727885 0 0.1052139 0.727885 -0.005710721 0.104079 0.721346 -0.005710721 0.104079 0.721346 0 0.1052139 0.727885 0 0.105215 -0.63199 -0.00571084 0.104079 -0.622546 0.03455317 0.09834206 -0.622546 0.04026407 0.09720605 -0.63199 0 0.105215 -0.63199 0.00571084 0.104079 -0.622546 0.00571084 0.104079 -0.622546 0 0.105215 -0.63199 0 0.1052139 0.727885 0.00571084 0.104079 0.721346 0.00571084 0.104079 0.721346 0 0.1052139 0.727885 0.04026365 0.09720528 0.727885 0.03455287 0.09834116 0.721346 0.03455287 0.09834116 0.721346 0.04026365 0.09720528 0.727885 0.04026407 0.09720605 -0.63199 0.03455317 0.09834206 -0.622546 0.06955701 0.0776332 -0.622546 0.07439839 0.07439827 -0.63199 0.04026407 0.09720605 -0.63199 0.04510557 0.09397119 -0.622546 0.04510557 0.09397119 -0.622546 0.04026407 0.09720605 -0.63199 0.04026365 0.09720528 0.727885 0.04510515 0.09397029 0.721346 0.04510515 0.09397029 0.721346 0.04026365 0.09720528 0.727885 0.0743981 0.0743978 0.727885 0.06955665 0.07763266 0.721346 0.06955665 0.07763266 0.721346 0.0743981 0.0743978 0.727885 0.07439839 0.07439827 -0.63199 0.06955701 0.0776332 -0.622546 0.09397119 0.04510545 -0.622546 0.09720635 0.04026395 -0.63199 0.07439839 0.07439827 -0.63199 0.07763338 0.06955689 -0.622546 0.07763338 0.06955689 -0.622546 0.07439839 0.07439827 -0.63199 0.0743981 0.0743978 0.727885 0.07763308 0.06955629 0.721346 0.07763308 0.06955629 0.721346 0.0743981 0.0743978 0.727885 0.09720617 0.04026395 0.727885 0.09397119 0.04510539 0.721346 0.09397119 0.04510539 0.721346 0.09720617 0.04026395 0.727885 0.09720635 0.04026395 -0.63199 0.09397119 0.04510545 -0.622546 0.104079 0.005710899 -0.622546 0.105215 0 -0.63199 0.09720635 0.04026395 -0.63199 0.09834218 0.03455317 -0.622546 0.09834218 0.03455317 -0.622546 0.09720635 0.04026395 -0.63199 0.09720617 0.04026395 0.727885 0.09834218 0.03455305 0.721346 0.09834218 0.03455305 0.721346 0.09720617 0.04026395 0.727885 0.105215 0 0.727885 0.104079 0.00571078 0.721346 0.104079 0.00571078 0.721346 0.105215 0 0.727885 0.105215 0 -0.63199 0.104079 0.005710899 -0.622546 0.09834218 -0.03455317 -0.622546 0.09720617 -0.04026395 -0.63199 0.105215 0 -0.63199 0.104079 -0.00571084 -0.622546 0.104079 -0.00571084 -0.622546 0.105215 0 -0.63199 0.105215 0 0.727885 0.104079 -0.00571084 0.721346 0.104079 -0.00571084 0.721346 0.105215 0 0.727885 0.09720635 -0.04026407 0.727885 0.09834229 -0.03455317 0.721346 0.09834229 -0.03455317 0.721346 0.09720635 -0.04026407 0.727885 0.09720617 -0.04026395 -0.63199 0.09834218 -0.03455317 -0.622546 0.07763326 -0.06955689 -0.622546 0.07439839 -0.07439839 -0.63199 0.09720617 -0.04026395 -0.63199 0.09397137 -0.04510545 -0.622546 0.09397137 -0.04510545 -0.622546 0.09720617 -0.04026395 -0.63199 0.09720635 -0.04026407 0.727885 0.09397137 -0.04510557 0.721346 0.09397137 -0.04510557 0.721346 0.09720635 -0.04026407 0.727885 0.07439869 -0.07439869 0.727885 0.07763355 -0.0695573 0.721346 0.07763355 -0.0695573 0.721346 0.07439869 -0.07439869 0.727885 0.07439839 -0.07439839 -0.63199 0.07763326 -0.06955689 -0.622546 0.04510557 -0.09397107 -0.622546 0.04026395 -0.09720617 -0.63199 0.07439839 -0.07439839 -0.63199 0.06955701 -0.07763326 -0.622546 0.06955701 -0.07763326 -0.622546 0.07439839 -0.07439839 -0.63199 0.07439869 -0.07439869 0.727885 0.06955718 -0.07763367 0.721346 0.06955718 -0.07763367 0.721346 0.07439869 -0.07439869 0.727885 0.04026424 -0.09720718 0.727885 0.04510575 -0.0939722 0.721346 0.04510575 -0.0939722 0.721346 0.04026424 -0.09720718 0.727885 0.04026395 -0.09720617 -0.63199 0.04510557 -0.09397107 -0.622546 0.00571084 -0.104079 -0.622546 0 -0.105215 -0.63199 0.04026395 -0.09720617 -0.63199 0.03455317 -0.09834206 -0.622546 0.03455317 -0.09834206 -0.622546 0.04026395 -0.09720617 -0.63199 0.04026424 -0.09720718 0.727885 0.03455346 -0.09834307 0.721346 0.03455346 -0.09834307 0.721346 0.04026424 -0.09720718 0.727885 0 -0.105216 0.727885 0.005710959 -0.10408 0.721346 0.005710959 -0.10408 0.721346 0 -0.105216 0.727885 0 -0.105215 -0.63199 0.00571084 -0.104079 -0.622546 -0.03455317 -0.09834218 -0.622546 -0.04026407 -0.09720605 -0.63199 0 -0.105215 -0.63199 -0.00571084 -0.104079 -0.622546 -0.00571084 -0.104079 -0.622546 0 -0.105215 -0.63199 0 -0.105216 0.727885 -0.005710721 -0.10408 0.721346 -0.005710721 -0.10408 0.721346 0 -0.105216 0.727885 -0.04026389 -0.09720587 0.727885 -0.03455299 -0.09834188 0.721346 -0.03455299 -0.09834188 0.721346 -0.04026389 -0.09720587 0.727885 -0.04026407 -0.09720605 -0.63199 -0.03455317 -0.09834218 -0.622546 -0.06955677 -0.07763326 -0.622546 -0.07439839 -0.07439839 -0.63199 -0.04026407 -0.09720605 -0.63199 -0.04510557 -0.09397119 -0.622546 -0.04510557 -0.09397119 -0.622546 -0.04026407 -0.09720605 -0.63199 -0.04026389 -0.09720587 0.727885 -0.04510545 -0.09397089 0.721346 -0.04510545 -0.09397089 0.721346 -0.04026389 -0.09720587 0.727885 -0.07439839 -0.07439839 0.727885 -0.06955701 -0.07763326 0.721346 -0.06955701 -0.07763326 0.721346 -0.07439839 -0.07439839 0.727885 -0.07439839 -0.07439839 -0.63199 -0.06955677 -0.07763326 -0.622546 -0.09397137 -0.04510545 -0.622546 -0.09720635 -0.04026395 -0.63199 -0.07439839 -0.07439839 -0.63199 -0.07763338 -0.06955689 -0.622546 -0.07763338 -0.06955689 -0.622546 -0.07439839 -0.07439839 -0.63199 -0.07439839 -0.07439839 0.727885 -0.07763338 -0.06955689 0.721346 -0.07763338 -0.06955689 0.721346 -0.07439839 -0.07439839 0.727885 -0.09720647 -0.04026418 0.727885 -0.09397149 -0.04510557 0.721346 -0.09397149 -0.04510557 0.721346 -0.09720647 -0.04026418 0.727885 -0.09720635 -0.04026395 -0.63199 -0.09397137 -0.04510545 -0.622546 -0.104079 -0.00571084 -0.622546 -0.105215 0 -0.63199 -0.09720635 -0.04026395 -0.63199 -0.09834218 -0.03455317 -0.622546 -0.09834218 -0.03455317 -0.622546 -0.09720635 -0.04026395 -0.63199 -0.09720647 -0.04026418 0.727885 -0.09834229 -0.03455317 0.721346 -0.09834229 -0.03455317 0.721346 -0.09720647 -0.04026418 0.727885 -0.105215 0 0.727885 -0.104079 -0.00571078 0.721346 -0.104079 -0.00571078 0.721346 -0.105215 0 0.727885 -0.105215 0 -0.63199 -0.104079 -0.00571084 -0.622546 -0.098342 0.03455328 -0.622546 -0.104079 0.005711019 -0.622546 -0.104079 0.005711019 -0.622546 -0.104079 0.005710721 0.721346 -0.104079 0.005710721 0.721346 -0.09834188 0.03455299 0.721346 -0.09834188 0.03455299 0.721346 -0.098342 0.03455328 -0.622546 -0.0776332 0.06955689 -0.622546 -0.09397107 0.04510557 -0.622546 -0.09397107 0.04510557 -0.622546 -0.09397095 0.04510539 0.721346 -0.09397095 0.04510539 0.721346 -0.0776332 0.06955689 0.721346 -0.0776332 0.06955689 0.721346 -0.0776332 0.06955689 -0.622546 -0.04510545 0.09397125 -0.622546 -0.06955677 0.07763326 -0.622546 -0.06955677 0.07763326 -0.622546 -0.06955677 0.07763326 0.721346 -0.06955677 0.07763326 0.721346 -0.04510545 0.09397095 0.721346 -0.04510545 0.09397095 0.721346 -0.04510545 0.09397125 -0.622546 -0.00571084 0.104079 -0.622546 -0.03455305 0.09834218 -0.622546 -0.03455305 0.09834218 -0.622546 -0.03455305 0.09834188 0.721346 -0.03455305 0.09834188 0.721346 -0.005710721 0.104079 0.721346 -0.005710721 0.104079 0.721346 -0.00571084 0.104079 -0.622546 0.03455317 0.09834206 -0.622546 0.00571084 0.104079 -0.622546 0.00571084 0.104079 -0.622546 0.00571084 0.104079 0.721346 0.00571084 0.104079 0.721346 0.03455287 0.09834116 0.721346 0.03455287 0.09834116 0.721346 0.03455317 0.09834206 -0.622546 0.06955701 0.0776332 -0.622546 0.04510557 0.09397119 -0.622546 0.04510557 0.09397119 -0.622546 0.04510515 0.09397029 0.721346 0.04510515 0.09397029 0.721346 0.06955665 0.07763266 0.721346 0.06955665 0.07763266 0.721346 0.06955701 0.0776332 -0.622546 0.09397119 0.04510545 -0.622546 0.07763338 0.06955689 -0.622546 0.07763338 0.06955689 -0.622546 0.07763308 0.06955629 0.721346 0.07763308 0.06955629 0.721346 0.09397119 0.04510539 0.721346 0.09397119 0.04510539 0.721346 0.09397119 0.04510545 -0.622546 0.104079 0.005710899 -0.622546 0.09834218 0.03455317 -0.622546 0.09834218 0.03455317 -0.622546 0.09834218 0.03455305 0.721346 0.09834218 0.03455305 0.721346 0.104079 0.00571078 0.721346 0.104079 0.00571078 0.721346 0.104079 0.005710899 -0.622546 0.09834218 -0.03455317 -0.622546 0.104079 -0.00571084 -0.622546 0.104079 -0.00571084 -0.622546 0.104079 -0.00571084 0.721346 0.104079 -0.00571084 0.721346 0.09834229 -0.03455317 0.721346 0.09834229 -0.03455317 0.721346 0.09834218 -0.03455317 -0.622546 0.07763326 -0.06955689 -0.622546 0.09397137 -0.04510545 -0.622546 0.09397137 -0.04510545 -0.622546 0.09397137 -0.04510557 0.721346 0.09397137 -0.04510557 0.721346 0.07763355 -0.0695573 0.721346 0.07763355 -0.0695573 0.721346 0.07763326 -0.06955689 -0.622546 0.04510557 -0.09397107 -0.622546 0.06955701 -0.07763326 -0.622546 0.06955701 -0.07763326 -0.622546 0.06955718 -0.07763367 0.721346 0.06955718 -0.07763367 0.721346 0.04510575 -0.0939722 0.721346 0.04510575 -0.0939722 0.721346 0.04510557 -0.09397107 -0.622546 0.00571084 -0.104079 -0.622546 0.03455317 -0.09834206 -0.622546 0.03455317 -0.09834206 -0.622546 0.03455346 -0.09834307 0.721346 0.03455346 -0.09834307 0.721346 0.005710959 -0.10408 0.721346 0.005710959 -0.10408 0.721346 0.00571084 -0.104079 -0.622546 -0.03455317 -0.09834218 -0.622546 -0.00571084 -0.104079 -0.622546 -0.00571084 -0.104079 -0.622546 -0.005710721 -0.10408 0.721346 -0.005710721 -0.10408 0.721346 -0.03455299 -0.09834188 0.721346 -0.03455299 -0.09834188 0.721346 -0.03455317 -0.09834218 -0.622546 -0.06955677 -0.07763326 -0.622546 -0.04510557 -0.09397119 -0.622546 -0.04510557 -0.09397119 -0.622546 -0.04510545 -0.09397089 0.721346 -0.04510545 -0.09397089 0.721346 -0.06955701 -0.07763326 0.721346 -0.06955701 -0.07763326 0.721346 -0.06955677 -0.07763326 -0.622546 -0.09397137 -0.04510545 -0.622546 -0.07763338 -0.06955689 -0.622546 -0.07763338 -0.06955689 -0.622546 -0.07763338 -0.06955689 0.721346 -0.07763338 -0.06955689 0.721346 -0.09397149 -0.04510557 0.721346 -0.09397149 -0.04510557 0.721346 -0.09397137 -0.04510545 -0.622546 -0.104079 -0.00571084 -0.622546 -0.09834218 -0.03455317 -0.622546 -0.09834218 -0.03455317 -0.622546 -0.09834229 -0.03455317 0.721346 -0.09834229 -0.03455317 0.721346 -0.104079 -0.00571078 0.721346 -0.104079 -0.00571078 0.721346 -0.104079 -0.00571084 -0.622546</float_array>
          <technique_common>
            <accessor source="#defaultMaterial_002-mesh-positions-array" count="448" stride="3">
              <param name="X" type="float"/>
              <param name="Y" type="float"/>
              <param name="Z" type="float"/>
            </accessor>
          </technique_common>
        </source>
        <source id="defaultMaterial_002-mesh-normals">
          <float_array id="defaultMaterial_002-mesh-normals-array" count="975">-0.9994646 -0.03251129 -0.003700792 -0.9992632 -0.0382297 0.003396093 -0.9085666 0.417726 0.00341475 -0.9109537 0.4124923 -0.003712654 -0.9358266 0.3524411 -0.003722488 -0.9378337 0.3470683 0.003409683 -0.6795606 0.7336115 0.003402113 -0.6837348 0.7297214 -0.00368607 -0.7297237 0.6837322 -0.003691196 -0.7336179 0.6795538 0.003398716 -0.3470725 0.9378322 0.003421306 -0.3524259 0.9358325 -0.003683805 -0.4125045 0.910948 -0.003691494 -0.4177328 0.9085637 0.003406226 0.03824347 0.9992626 0.003425598 0.03253281 0.9994639 -0.00369215 -0.03248339 0.9994655 -0.003694057 -0.03822314 0.9992635 0.003393352 0.4177263 0.9085665 0.003416121 0.41252 0.9109411 -0.003702878 0.3524582 0.9358204 -0.003690958 0.3470711 0.9378327 0.003411114 0.7336155 0.6795563 0.003404021 0.7297178 0.6837385 -0.003703773 0.683746 0.7297108 -0.003704965 0.6795438 0.7336271 0.003407895 0.9378252 0.3470916 0.003401398 0.9358249 0.3524461 -0.003684461 0.9109386 0.4125255 -0.003683269 0.908566 0.4177275 0.003407657 0.9992634 -0.03822475 0.003411948 0.9994641 -0.03252822 -0.003685951 0.999465 0.03250044 -0.00367856 0.9992623 0.03825426 0.003409147 0.9085662 -0.4177271 0.003412246 0.9109426 -0.4125169 -0.003682315 0.9358167 -0.3524679 -0.003712773 0.9378315 -0.347074 0.003411829 0.6795573 -0.7336146 0.003405749 0.6837399 -0.7297165 -0.003687739 0.729714 -0.6837425 -0.00370419 0.7336277 -0.679543 0.003410756 0.3470857 -0.9378273 0.003397583 0.3524554 -0.9358214 -0.003687262 0.4125161 -0.9109429 -0.003714203 0.4177305 -0.9085647 0.003403663 -0.03823947 -0.9992628 0.003421723 -0.032494 -0.9994651 -0.003692507 0.03249174 -0.9994651 -0.003721952 0.03823047 -0.9992633 0.003394126 -0.4177232 -0.9085679 0.003426432 -0.4125282 -0.9109373 -0.003695309 -0.3524454 -0.9358251 -0.003692686 -0.347064 -0.9378352 0.003412902 -0.7336153 -0.6795565 0.003407895 -0.7297215 -0.6837345 -0.003710508 -0.6837413 -0.7297152 -0.003712296 -0.6795554 -0.7336163 0.003398537 -0.9378238 -0.347095 0.003405034 -0.9358174 -0.3524661 -0.00369054 -0.9109441 -0.4125137 -0.003690958 -0.9085648 -0.4177302 0.003406047 -0.9992626 0.0382443 0.0034253 -0.9994652 0.03249037 -0.003710746 -0.9807861 0.1950865 3.22788e-6 -0.9807857 0.1950882 2.56747e-6 -0.9807854 0.1950904 0 -0.9807841 0.1950964 0 -0.9807848 0.1950927 -7.15553e-6 -0.9807853 0.1950904 5.29724e-7 -0.9807846 0.195094 1.59369e-7 -0.9807867 0.1950833 1.2022e-7 -0.8314698 0.55557 7.20644e-6 -0.8314682 0.5555723 0 -0.8314695 0.5555705 1.63155e-7 -0.8314732 0.5555649 1.46229e-7 -0.8314729 0.5555655 -1.73466e-6 -0.831475 0.5555621 -6.05396e-6 -0.8314746 0.5555627 0 -0.8314775 0.5555585 0 -0.5555691 0.8314705 -6.00537e-6 -0.5555737 0.8314675 1.00602e-5 -0.5555606 0.8314761 0 -0.5555657 0.8314726 -6.93867e-6 -0.5555671 0.8314718 -2.42162e-6 -0.5555713 0.8314689 0 -0.5555599 0.8314765 1.85963e-7 -0.1950864 0.980786 7.20647e-6 -0.1950812 0.9807871 -1.00603e-5 -0.1950967 0.9807841 1.32319e-7 -0.1950789 0.9807876 2.23156e-7 -0.1950646 0.9807905 1.38774e-5 -0.19505 0.9807933 -3.34406e-4 -0.19505 0.9807933 -3.3441e-4 -0.19505 0.9807933 -3.34407e-4 -0.1952643 0.9807507 3.97209e-7 -0.1952643 0.9807507 3.93666e-7 -0.1952643 0.9807507 4.04149e-7 -0.1950957 0.9807842 0 0.195086 0.9807862 -4.8043e-6 0.1950854 0.9807863 8.38356e-6 0.1950946 0.9807844 7.20407e-7 0.1949307 0.980817 0 0.1950826 0.9807869 1.35305e-4 0.1951193 0.9807795 -2.90594e-5 0.1950809 0.9807872 6.22434e-7 0.1950962 0.9807842 7.11166e-7 0.555569 0.8314705 0 0.5555722 0.8314683 -8.38352e-6 0.5555582 0.8314777 6.56665e-7 0.5555731 0.8314678 7.13916e-7 0.5555647 0.8314734 -1.0408e-5 0.5555641 0.8314739 7.26481e-6 0.555569 0.8314705 4.34926e-7 0.555568 0.8314712 4.37654e-7 0.8314644 0.5555781 1.68151e-5 0.8314741 0.5555635 -9.22183e-6 0.8314616 0.5555824 3.88403e-7 0.8314698 0.5555701 4.38376e-7 0.8314632 0.55558 -8.67336e-6 0.8314635 0.5555795 3.02701e-6 0.831466 0.5555756 1.22729e-7 0.831452 0.5555967 0 0.9807873 0.1950799 8.18232e-6 0.9807871 0.1950812 9.16956e-6 0.9807897 0.1950681 1.45589e-7 0.9807837 0.1950982 0 0.9807867 0.1950834 9.86584e-6 0.9807867 0.1950837 -1.61191e-5 0.9807847 0.1950934 0 0.9807848 0.1950932 0 0.9807862 -0.1950861 -8.93306e-6 0.9807871 -0.1950817 9.48394e-6 0.9807845 -0.1950944 0 0.9807851 -0.1950919 0 0.9807871 -0.1950815 -1.40943e-5 0.9807888 -0.1950727 1.36213e-6 0.9807861 -0.1950865 -1.60291e-7 0.9807838 -0.1950979 0 0.8314697 -0.5555701 6.00537e-6 0.8314671 -0.5555742 -1.97012e-5 0.831485 -0.5555472 -1.66834e-7 0.8314714 -0.5555677 0 0.8314716 -0.5555673 -7.80597e-6 0.8314744 -0.555563 6.65935e-6 0.8314708 -0.5555686 -3.03907e-7 0.8314759 -0.555561 -3.55079e-7 0.555568 -0.8314712 4.80429e-6 0.5555674 -0.8314715 0 0.5555682 -0.831471 -3.02567e-7 0.5555723 -0.8314682 -3.40149e-7 0.5555841 -0.8314604 -1.04078e-5 0.5555856 -0.8314594 1.45294e-5 0.555572 -0.8314685 -7.33918e-7 0.5555757 -0.831466 -7.62182e-7 0.1950864 -0.980786 7.20647e-6 0.1950838 -0.9807867 1.67671e-6 0.1950811 -0.9807871 -7.80411e-7 0.1950823 -0.980787 -7.55886e-7 0.195087 -0.980786 -3.46932e-6 0.1950789 -0.9807876 -1.45296e-5 0.1950949 -0.9807844 -7.17159e-7 0.1950969 -0.980784 -7.53748e-7 -0.1950883 -0.9807857 -1.44129e-5 -0.1950806 -0.9807873 8.38357e-6 -0.1950969 -0.9807841 -7.08952e-7 -0.195095 -0.9807844 -7.0669e-7 -0.1951146 -0.9807805 2.08159e-5 -0.1951226 -0.9807789 -2.4216e-5 -0.1950952 -0.9807843 1.91953e-7 -0.1951126 -0.9807809 2.36098e-7 -0.5555691 -0.8314704 1.20107e-5 -0.5555707 -0.8314693 -8.38359e-6 -0.5555595 -0.8314768 2.12378e-7 -0.5555595 -0.8314769 2.12357e-7 -0.5555635 -0.8314741 2.24831e-7 -0.5555635 -0.8314741 2.24906e-7 -0.5555635 -0.8314742 -1.73466e-6 -0.5555638 -0.8314741 7.2648e-6 -0.5555693 -0.8314703 0 -0.5555527 -0.8314815 0 -0.8314675 -0.5555735 -1.20107e-6 -0.831469 -0.5555713 4.19175e-7 -0.8314678 -0.5555732 0 -0.8314678 -0.555573 0 -0.831467 -0.5555742 -5.20395e-6 -0.8314643 -0.5555782 -4.23782e-6 -0.8314659 -0.5555759 -1.41094e-7 -0.8314678 -0.5555731 0 -0.980787 -0.1950817 9.15828e-6 -0.9807871 -0.1950812 8.90757e-6 -0.9807898 -0.195068 0 -0.9807909 -0.1950619 0 -0.9807876 -0.195079 -1.68047e-5 -0.9807881 -0.1950765 -1.72539e-5 -0.9807851 -0.1950911 0 -0.9807844 -0.1950946 0 -0.9137182 0.1817477 0.3634375 -0.9137197 0.1817489 0.3634332 -0.8105844 0.5856218 0 -0.8105694 0.5856426 3.07151e-7 -0.8744397 0.1739367 -0.4528811 -0.87443 0.1739421 -0.4528977 -0.9729871 -0.2308597 0 -0.972984 -0.2308731 0 -0.7746086 0.5175828 0.3634415 -0.7746102 0.5175849 0.3634351 -0.5247653 0.8512471 1.6427e-7 -0.5247603 0.8512501 2.04434e-7 -0.7413123 0.4953228 -0.4528924 -0.7413175 0.495323 -0.4528836 -0.9872685 0.1590628 0 -0.9872696 0.1590565 0 -0.5175815 0.7746091 0.3634423 -0.5175831 0.7746077 0.3634427 -0.1590549 0.9872698 0 -0.1590555 0.9872696 0 -0.4953272 0.7413148 -0.4528836 -0.4953244 0.7413135 -0.4528887 -0.8512515 0.5247581 0 -0.8512545 0.524753 0 -0.1817409 0.9137244 0.3634256 -0.1817488 0.9137179 0.3634378 0.2308763 0.9729832 2.16967e-7 0.2308759 0.9729832 2.19901e-7 -0.1739364 0.8744319 -0.4528964 -0.1739493 0.8744416 -0.4528728 -0.5856556 0.8105601 0 -0.5856197 0.8105859 3.63534e-7 0.1817428 0.9137225 0.3634294 0.1817427 0.9137223 0.3634299 0.5856269 0.8105808 0 0.5856747 0.8105462 4.36264e-7 0.173961 0.8744418 -0.4528678 0.1739541 0.8744499 -0.4528548 -0.2308594 0.9729871 6.07487e-7 -0.2308537 0.9729886 6.51212e-7 0.5175754 0.7746118 0.3634449 0.5175826 0.7746099 0.3634387 0.8512507 0.5247592 6.05807e-7 0.8512453 0.5247681 5.22258e-7 0.4953358 0.7413325 -0.4528449 0.4953368 0.7413133 -0.4528753 0.1590462 0.9872711 4.03041e-7 0.1590621 0.9872686 5.21173e-7 0.7746133 0.5175793 0.3634366 0.7746175 0.5175762 0.3634318 0.9872679 0.1590668 2.95237e-7 0.9872683 0.1590643 2.92625e-7 0.7413046 0.4953367 -0.4528897 0.7413019 0.4953518 -0.4528775 0.5247551 0.8512533 0 0.5247649 0.8512473 1.51107e-7 0.9137217 0.1817426 0.3634315 0.9137175 0.1817464 0.3634401 0.9729822 -0.23088 0 0.9729845 -0.2308704 0 0.8744366 0.1739262 -0.4528912 0.8744382 0.1739343 -0.4528847 0.8105813 0.5856263 0 0.8105883 0.5856166 1.75941e-7 0.9137182 -0.1817396 0.3634415 0.9137208 -0.1817445 0.3634326 0.8105849 -0.5856212 0 0.8105828 -0.5856242 0 0.8744428 -0.1739252 -0.4528795 0.8744389 -0.1739273 -0.4528865 0.9729829 0.2308777 0 0.972984 0.2308728 0 0.7746036 -0.5175861 0.3634471 0.7746073 -0.5175843 0.3634421 0.5247524 -0.851255 0 0.5247631 -0.8512485 -1.55726e-7 0.7413157 -0.4953155 -0.4528947 0.7413182 -0.4953186 -0.4528874 0.9872699 -0.1590538 -2.66752e-7 0.9872685 -0.1590632 -2.10659e-7 0.5175748 -0.7746111 0.3634474 0.5175712 -0.7746198 0.3634341 0.1590656 -0.987268 -3.31196e-7 0.1590728 -0.987267 -3.66245e-7 0.495343 -0.7412982 -0.4528934 0.4953759 -0.7413074 -0.4528423 0.8512543 -0.5247535 -5.5386e-7 0.8512544 -0.5247532 -5.67313e-7 0.1817433 -0.9137253 0.3634218 0.1817504 -0.9137198 0.3634323 -0.2308667 -0.9729854 -6.70716e-7 -0.2308611 -0.9729867 -7.15416e-7 0.1739332 -0.8744618 -0.4528397 0.1739292 -0.8744585 -0.4528476 0.5856354 -0.8105747 -6.35842e-7 0.5856154 -0.8105891 -4.85717e-7 -0.1817388 -0.9137241 0.3634272 -0.1817328 -0.9137203 0.3634399 -0.5856389 -0.8105721 -5.55967e-7 -0.5856601 -0.8105568 -3.68074e-7 -0.1739724 -0.8744517 -0.4528444 -0.1739766 -0.8744437 -0.452858 0.2308568 -0.9729878 1.91021e-7 0.2308541 -0.9729884 2.11594e-7 -0.517582 -0.7746066 0.363447 -0.517583 -0.7746071 0.3634443 -0.8512544 -0.5247533 1.79738e-7 -0.8512548 -0.5247527 1.85179e-7 -0.4953325 -0.7413278 -0.4528563 -0.4953265 -0.7413372 -0.4528474 -0.1590436 -0.9872716 0 -0.1590454 -0.9872714 0 -0.774608 -0.5175819 0.363444 -0.7746115 -0.5175796 0.3634397 -0.9872685 -0.1590628 0 -0.9872683 -0.1590645 0 -0.7413274 -0.4953485 -0.4528395 -0.7413241 -0.4953155 -0.4528809 -0.5247559 -0.8512528 0 -0.5247524 -0.8512549 -1.28009e-7 -0.9137237 -0.181743 0.3634264 -0.9137179 -0.1817479 0.3634383 -0.9729828 0.2308775 0 -0.972984 0.2308729 0 -0.8744434 -0.1739215 -0.4528798 -0.8744397 -0.1739228 -0.4528867 -0.8105812 -0.5856264 0 -0.8105894 -0.585615 1.21679e-7</float_array>
          <technique_common>
            <accessor source="#defaultMaterial_002-mesh-normals-array" count="325" stride="3">
              <param name="X" type="float"/>
              <param name="Y" type="float"/>
              <param name="Z" type="float"/>
            </accessor>
          </technique_common>
        </source>
        <source id="defaultMaterial_002-mesh-map-0">
          <float_array id="defaultMaterial_002-mesh-map-0-array" count="1728">0.09100657 0.2418659 0.08095926 0.9763388 0.08780747 0.9755367 0.08780747 0.9755367 0.09784406 0.2418749 0.09100657 0.2418659 0.06680119 0.2392629 0.05661326 0.9771769 0.06340885 0.9763034 0.06340885 0.9763034 0.07361495 0.2394059 0.06680119 0.2392629 0.04278719 0.2359539 0.03246128 0.9785381 0.03918337 0.9775618 0.03918337 0.9775618 0.04956269 0.2362669 0.04278719 0.2359539 0.01908826 0.231718 0.008585095 0.9807737 0.01520389 0.9796396 0.01520389 0.9796396 0.02579778 0.232267 0.01908826 0.231718 0.383295 0.2398269 0.375323 0.9864195 0.382062 0.986397 0.382062 0.986397 0.389905 0.238618 0.383295 0.2398269 0.359378 0.2428529 0.351415 0.9834329 0.358233 0.9832441 0.358233 0.9832441 0.366071 0.241831 0.359378 0.2428529 0.335235 0.2449399 0.32719 0.9812076 0.334058 0.9809029 0.334058 0.9809029 0.341983 0.2440519 0.335235 0.2449399 0.310954 0.2463719 0.302763 0.9795279 0.309665 0.9791393 0.309665 0.9791393 0.317741 0.2455909 0.310954 0.2463719 0.286581 0.2473199 0.278204 0.978246 0.285129 0.9777928 0.285129 0.9777928 0.293396 0.2466269 0.286581 0.2473199 0.262148 0.247873 0.253559 0.9772701 0.260497 0.9767638 0.260497 0.9767638 0.268982 0.2472609 0.262148 0.247873 0.237676 0.248075 0.22886 0.9765429 0.235806 0.975991 0.235806 0.975991 0.244524 0.247541 0.237676 0.248075 0.213183 0.247945 0.204136 0.9760284 0.211082 0.9754358 0.211082 0.9754358 0.220041 0.2474889 0.213183 0.247945 0.188686 0.247482 0.179409 0.9757047 0.18635 0.9750744 0.18635 0.9750744 0.1955479 0.247106 0.188686 0.247482 0.1641989 0.2466729 0.154702 0.9755614 0.161633 0.9748943 0.161633 0.9748943 0.171063 0.2463819 0.1641989 0.2466729 0.139742 0.2454959 0.130039 0.9756014 0.136952 0.9748958 0.136952 0.9748958 0.146602 0.2452949 0.139742 0.2454959 0.115334 0.2439119 0.105448 0.9758447 0.112334 0.9750959 0.112334 0.9750959 0.122186 0.2438099 0.115334 0.2439119 0.07542335 0.982756 0.07202059 0.9883918 0.09645116 0.98772 0.09645116 0.98772 0.09318995 0.9820283 0.07542335 0.982756 0.09318995 0.9820283 0.09645116 0.98772 0.106744 0.234456 0.106744 0.234456 0.1033689 0.237854 0.09318995 0.9820283 0.1033689 0.237854 0.106744 0.234456 0.08246958 0.232217 0.08246958 0.232217 0.08567005 0.2365729 0.1033689 0.237854 0.08567005 0.2365729 0.08246958 0.232217 0.07202059 0.9883918 0.07202059 0.9883918 0.07542335 0.982756 0.08567005 0.2365729 0.05112606 0.9837126 0.04775595 0.9894555 0.07202059 0.9883918 0.07202059 0.9883918 0.06876856 0.982755 0.05112606 0.9837126 0.06876856 0.982755 0.07202059 0.9883918 0.08246958 0.232217 0.08246958 0.232217 0.07911258 0.2355189 0.06876856 0.982755 0.07911258 0.2355189 0.08246958 0.232217 0.05833756 0.2293879 0.05833756 0.2293879 0.06150585 0.233838 0.07911258 0.2355189 0.06150585 0.233838 0.05833756 0.2293879 0.04775595 0.9894555 0.04775595 0.9894555 0.05112606 0.9837126 0.06150585 0.233838 0.02704256 0.9852283 0.02371859 0.9911054 0.04775595 0.9894555 0.04775595 0.9894555 0.04451578 0.983929 0.02704256 0.9852283 0.04451578 0.983929 0.04775595 0.9894555 0.05833756 0.2293879 0.05833756 0.2293879 0.05501317 0.232558 0.04451578 0.983929 0.05501317 0.232558 0.05833756 0.2293879 0.03442716 0.225803 0.03442716 0.225803 0.03755086 0.230368 0.05501317 0.232558 0.03755086 0.230368 0.03442716 0.225803 0.02371859 0.9911054 0.02371859 0.9911054 0.02704256 0.9852283 0.03755086 0.230368 0.003260493 0.9876705 0 0.9937154 0.02371859 0.9911054 0.02371859 0.9911054 0.02050268 0.9858094 0.003260493 0.9876705 0.02050268 0.9858094 0.02371859 0.9911054 0.03442716 0.225803 0.03442716 0.225803 0.03116434 0.228796 0.02050268 0.9858094 0.03116434 0.228796 0.03442716 0.225803 0.01087886 0.221246 0.01087886 0.221246 0.01393938 0.225941 0.03116434 0.228796 0.01393938 0.225941 0.01087886 0.221246 0 0.9937154 0 0.9937154 0.003260493 0.9876705 0.01393938 0.225941 0.36987 0.9918422 0.36657 0.9965689 0.390222 1 0.390222 1 0.38717 0.993646 0.36987 0.9918422 0.38717 0.993646 0.390222 1 0.398438 0.2286919 0.398438 0.2286919 0.395218 0.2331169 0.38717 0.993646 0.395218 0.2331169 0.398438 0.2286919 0.37474 0.232315 0.37474 0.232315 0.377969 0.2357149 0.395218 0.2331169 0.377969 0.2357149 0.37474 0.232315 0.36657 0.9965689 0.36657 0.9965689 0.36987 0.9918422 0.377969 0.2357149 0.34589 0.9890817 0.34252 0.9939945 0.36657 0.9965689 0.36657 0.9965689 0.363445 0.9903408 0.34589 0.9890817 0.363445 0.9903408 0.36657 0.9965689 0.37474 0.232315 0.37474 0.232315 0.371465 0.23658 0.363445 0.9903408 0.371465 0.23658 0.37474 0.232315 0.350744 0.2348679 0.350744 0.2348679 0.354006 0.238496 0.371465 0.23658 0.354006 0.238496 0.350744 0.2348679 0.34252 0.9939945 0.34252 0.9939945 0.34589 0.9890817 0.354006 0.238496 0.321624 0.9869951 0.318215 0.9920403 0.34252 0.9939945 0.34252 0.9939945 0.339344 0.9878725 0.321624 0.9869951 0.339344 0.9878725 0.34252 0.9939945 0.350744 0.2348679 0.350744 0.2348679 0.347432 0.2389969 0.339344 0.9878725 0.347432 0.2389969 0.350744 0.2348679 0.326566 0.2366719 0.326566 0.2366719 0.329839 0.240436 0.347432 0.2389969 0.329839 0.240436 0.326566 0.2366719 0.318215 0.9920403 0.318215 0.9920403 0.321624 0.9869951 0.329839 0.240436 0.297171 0.9854051 0.29374 0.9905394 0.318215 0.9920403 0.318215 0.9920403 0.315002 0.9860052 0.297171 0.9854051 0.315002 0.9860052 0.318215 0.9920403 0.326566 0.2366719 0.326566 0.2366719 0.323227 0.240691 0.315002 0.9860052 0.323227 0.240691 0.326566 0.2366719 0.302266 0.237926 0.302266 0.237926 0.305543 0.241774 0.323227 0.240691 0.305543 0.241774 0.302266 0.237926 0.29374 0.9905394 0.29374 0.9905394 0.297171 0.9854051 0.305543 0.241774 0.272595 0.9841878 0.26915 0.9893854 0.29374 0.9905394 0.29374 0.9905394 0.290502 0.984575 0.272595 0.9841878 0.290502 0.984575 0.29374 0.9905394 0.302266 0.237926 0.302266 0.237926 0.298908 0.241854 0.290502 0.984575 0.298908 0.241854 0.302266 0.237926 0.277884 0.238744 0.277884 0.238744 0.281163 0.2426499 0.298908 0.241854 0.281163 0.2426499 0.277884 0.238744 0.26915 0.9893854 0.26915 0.9893854 0.272595 0.9841878 0.281163 0.2426499 0.247939 0.983264 0.244486 0.9885116 0.26915 0.9893854 0.26915 0.9893854 0.265894 0.9834782 0.247939 0.983264 0.265894 0.9834782 0.26915 0.9893854 0.277884 0.238744 0.277884 0.238744 0.274512 0.242594 0.265894 0.9834782 0.274512 0.242594 0.277884 0.238744 0.253448 0.239187 0.253448 0.239187 0.256725 0.2431409 0.274512 0.242594 0.256725 0.2431409 0.253448 0.239187 0.244486 0.9885116 0.244486 0.9885116 0.247939 0.983264 0.256725 0.2431409 0.223235 0.9825842 0.219778 0.9878754 0.244486 0.9885116 0.244486 0.9885116 0.241218 0.9826508 0.223235 0.9825842 0.241218 0.9826508 0.244486 0.9885116 0.253448 0.239187 0.253448 0.239187 0.250067 0.2429689 0.241218 0.9826508 0.250067 0.2429689 0.253448 0.239187 0.228978 0.2392849 0.228978 0.2392849 0.232253 0.2432829 0.250067 0.2429689 0.232253 0.2432829 0.228978 0.2392849 0.219778 0.9878754 0.219778 0.9878754 0.223235 0.9825842 0.232253 0.2432829 0.19851 0.9821161 0.195051 0.9874496 0.219778 0.9878754 0.219778 0.9878754 0.216503 0.9820521 0.19851 0.9821161 0.216503 0.9820521 0.219778 0.9878754 0.228978 0.2392849 0.228978 0.2392849 0.225591 0.2430049 0.216503 0.9820521 0.225591 0.2430049 0.228978 0.2392849 0.204493 0.2390459 0.204493 0.2390459 0.207764 0.243089 0.225591 0.2430049 0.207764 0.243089 0.204493 0.2390459 0.195051 0.9874496 0.195051 0.9874496 0.19851 0.9821161 0.207764 0.243089 0.173788 0.9818407 0.170331 0.9872179 0.195051 0.9874496 0.195051 0.9874496 0.191774 0.9816564 0.173788 0.9818407 0.191774 0.9816564 0.195051 0.9874496 0.204493 0.2390459 0.204493 0.2390459 0.201102 0.242706 0.191774 0.9816564 0.201102 0.242706 0.204493 0.2390459 0.18001 0.238466 0.18001 0.238466 0.183273 0.2425569 0.201102 0.242706 0.183273 0.2425569 0.18001 0.238466 0.170331 0.9872179 0.170331 0.9872179 0.173788 0.9818407 0.183273 0.2425569 0.14909 0.9817505 0.145639 0.9871761 0.170331 0.9872179 0.170331 0.9872179 0.1670539 0.9814497 0.14909 0.9817505 0.1670539 0.9814497 0.170331 0.9872179 0.18001 0.238466 0.18001 0.238466 0.176617 0.2420679 0.1670539 0.9814497 0.176617 0.2420679 0.18001 0.238466 0.155543 0.2375289 0.155543 0.2375289 0.158797 0.2416729 0.176617 0.2420679 0.158797 0.2416729 0.155543 0.2375289 0.145639 0.9871761 0.145639 0.9871761 0.14909 0.9817505 0.158797 0.2416729 0.124444 0.9818519 0.121003 0.987334 0.145639 0.9871761 0.145639 0.9871761 0.142365 0.98143 0.124444 0.9818519 0.142365 0.98143 0.145639 0.9871761 0.155543 0.2375289 0.155543 0.2375289 0.152153 0.241069 0.142365 0.98143 0.152153 0.241069 0.155543 0.2375289 0.1311129 0.2362059 0.1311129 0.2362059 0.1343539 0.2404109 0.152153 0.241069 0.1343539 0.2404109 0.1311129 0.2362059 0.121003 0.987334 0.121003 0.987334 0.124444 0.9818519 0.1343539 0.2404109 0.09987699 0.9821694 0.09645116 0.98772 0.121003 0.987334 0.121003 0.987334 0.117734 0.9816109 0.09987699 0.9821694 0.117734 0.9816109 0.121003 0.987334 0.1311129 0.2362059 0.1311129 0.2362059 0.127728 0.239681 0.117734 0.9816109 0.127728 0.239681 0.1311129 0.2362059 0.106744 0.234456 0.106744 0.234456 0.109968 0.238731 0.127728 0.239681 0.109968 0.238731 0.106744 0.234456 0.09645116 0.98772 0.09645116 0.98772 0.09987699 0.9821694 0.109968 0.238731 0.08095926 0.9763388 0.07542335 0.982756 0.09318995 0.9820283 0.09318995 0.9820283 0.08780747 0.9755367 0.08095926 0.9763388 0.08780747 0.9755367 0.09318995 0.9820283 0.1033689 0.237854 0.1033689 0.237854 0.09784406 0.2418749 0.08780747 0.9755367 0.09784406 0.2418749 0.1033689 0.237854 0.08567005 0.2365729 0.08567005 0.2365729 0.09100657 0.2418659 0.09784406 0.2418749 0.09100657 0.2418659 0.08567005 0.2365729 0.07542335 0.982756 0.07542335 0.982756 0.08095926 0.9763388 0.09100657 0.2418659 0.05661326 0.9771769 0.05112606 0.9837126 0.06876856 0.982755 0.06876856 0.982755 0.06340885 0.9763034 0.05661326 0.9771769 0.06340885 0.9763034 0.06876856 0.982755 0.07911258 0.2355189 0.07911258 0.2355189 0.07361495 0.2394059 0.06340885 0.9763034 0.07361495 0.2394059 0.07911258 0.2355189 0.06150585 0.233838 0.06150585 0.233838 0.06680119 0.2392629 0.07361495 0.2394059 0.06680119 0.2392629 0.06150585 0.233838 0.05112606 0.9837126 0.05112606 0.9837126 0.05661326 0.9771769 0.06680119 0.2392629 0.03246128 0.9785381 0.02704256 0.9852283 0.04451578 0.983929 0.04451578 0.983929 0.03918337 0.9775618 0.03246128 0.9785381 0.03918337 0.9775618 0.04451578 0.983929 0.05501317 0.232558 0.05501317 0.232558 0.04956269 0.2362669 0.03918337 0.9775618 0.04956269 0.2362669 0.05501317 0.232558 0.03755086 0.230368 0.03755086 0.230368 0.04278719 0.2359539 0.04956269 0.2362669 0.04278719 0.2359539 0.03755086 0.230368 0.02704256 0.9852283 0.02704256 0.9852283 0.03246128 0.9785381 0.04278719 0.2359539 0.008585095 0.9807737 0.003260493 0.9876705 0.02050268 0.9858094 0.02050268 0.9858094 0.01520389 0.9796396 0.008585095 0.9807737 0.01520389 0.9796396 0.02050268 0.9858094 0.03116434 0.228796 0.03116434 0.228796 0.02579778 0.232267 0.01520389 0.9796396 0.02579778 0.232267 0.03116434 0.228796 0.01393938 0.225941 0.01393938 0.225941 0.01908826 0.231718 0.02579778 0.232267 0.01908826 0.231718 0.01393938 0.225941 0.003260493 0.9876705 0.003260493 0.9876705 0.008585095 0.9807737 0.01908826 0.231718 0.375323 0.9864195 0.36987 0.9918422 0.38717 0.993646 0.38717 0.993646 0.382062 0.986397 0.375323 0.9864195 0.382062 0.986397 0.38717 0.993646 0.395218 0.2331169 0.395218 0.2331169 0.389905 0.238618 0.382062 0.986397 0.389905 0.238618 0.395218 0.2331169 0.377969 0.2357149 0.377969 0.2357149 0.383295 0.2398269 0.389905 0.238618 0.383295 0.2398269 0.377969 0.2357149 0.36987 0.9918422 0.36987 0.9918422 0.375323 0.9864195 0.383295 0.2398269 0.351415 0.9834329 0.34589 0.9890817 0.363445 0.9903408 0.363445 0.9903408 0.358233 0.9832441 0.351415 0.9834329 0.358233 0.9832441 0.363445 0.9903408 0.371465 0.23658 0.371465 0.23658 0.366071 0.241831 0.358233 0.9832441 0.366071 0.241831 0.371465 0.23658 0.354006 0.238496 0.354006 0.238496 0.359378 0.2428529 0.366071 0.241831 0.359378 0.2428529 0.354006 0.238496 0.34589 0.9890817 0.34589 0.9890817 0.351415 0.9834329 0.359378 0.2428529 0.32719 0.9812076 0.321624 0.9869951 0.339344 0.9878725 0.339344 0.9878725 0.334058 0.9809029 0.32719 0.9812076 0.334058 0.9809029 0.339344 0.9878725 0.347432 0.2389969 0.347432 0.2389969 0.341983 0.2440519 0.334058 0.9809029 0.341983 0.2440519 0.347432 0.2389969 0.329839 0.240436 0.329839 0.240436 0.335235 0.2449399 0.341983 0.2440519 0.335235 0.2449399 0.329839 0.240436 0.321624 0.9869951 0.321624 0.9869951 0.32719 0.9812076 0.335235 0.2449399 0.302763 0.9795279 0.297171 0.9854051 0.315002 0.9860052 0.315002 0.9860052 0.309665 0.9791393 0.302763 0.9795279 0.309665 0.9791393 0.315002 0.9860052 0.323227 0.240691 0.323227 0.240691 0.317741 0.2455909 0.309665 0.9791393 0.317741 0.2455909 0.323227 0.240691 0.305543 0.241774 0.305543 0.241774 0.310954 0.2463719 0.317741 0.2455909 0.310954 0.2463719 0.305543 0.241774 0.297171 0.9854051 0.297171 0.9854051 0.302763 0.9795279 0.310954 0.2463719 0.278204 0.978246 0.272595 0.9841878 0.290502 0.984575 0.290502 0.984575 0.285129 0.9777928 0.278204 0.978246 0.285129 0.9777928 0.290502 0.984575 0.298908 0.241854 0.298908 0.241854 0.293396 0.2466269 0.285129 0.9777928 0.293396 0.2466269 0.298908 0.241854 0.281163 0.2426499 0.281163 0.2426499 0.286581 0.2473199 0.293396 0.2466269 0.286581 0.2473199 0.281163 0.2426499 0.272595 0.9841878 0.272595 0.9841878 0.278204 0.978246 0.286581 0.2473199 0.253559 0.9772701 0.247939 0.983264 0.265894 0.9834782 0.265894 0.9834782 0.260497 0.9767638 0.253559 0.9772701 0.260497 0.9767638 0.265894 0.9834782 0.274512 0.242594 0.274512 0.242594 0.268982 0.2472609 0.260497 0.9767638 0.268982 0.2472609 0.274512 0.242594 0.256725 0.2431409 0.256725 0.2431409 0.262148 0.247873 0.268982 0.2472609 0.262148 0.247873 0.256725 0.2431409 0.247939 0.983264 0.247939 0.983264 0.253559 0.9772701 0.262148 0.247873 0.22886 0.9765429 0.223235 0.9825842 0.241218 0.9826508 0.241218 0.9826508 0.235806 0.975991 0.22886 0.9765429 0.235806 0.975991 0.241218 0.9826508 0.250067 0.2429689 0.250067 0.2429689 0.244524 0.247541 0.235806 0.975991 0.244524 0.247541 0.250067 0.2429689 0.232253 0.2432829 0.232253 0.2432829 0.237676 0.248075 0.244524 0.247541 0.237676 0.248075 0.232253 0.2432829 0.223235 0.9825842 0.223235 0.9825842 0.22886 0.9765429 0.237676 0.248075 0.204136 0.9760284 0.19851 0.9821161 0.216503 0.9820521 0.216503 0.9820521 0.211082 0.9754358 0.204136 0.9760284 0.211082 0.9754358 0.216503 0.9820521 0.225591 0.2430049 0.225591 0.2430049 0.220041 0.2474889 0.211082 0.9754358 0.220041 0.2474889 0.225591 0.2430049 0.207764 0.243089 0.207764 0.243089 0.213183 0.247945 0.220041 0.2474889 0.213183 0.247945 0.207764 0.243089 0.19851 0.9821161 0.19851 0.9821161 0.204136 0.9760284 0.213183 0.247945 0.179409 0.9757047 0.173788 0.9818407 0.191774 0.9816564 0.191774 0.9816564 0.18635 0.9750744 0.179409 0.9757047 0.18635 0.9750744 0.191774 0.9816564 0.201102 0.242706 0.201102 0.242706 0.1955479 0.247106 0.18635 0.9750744 0.1955479 0.247106 0.201102 0.242706 0.183273 0.2425569 0.183273 0.2425569 0.188686 0.247482 0.1955479 0.247106 0.188686 0.247482 0.183273 0.2425569 0.173788 0.9818407 0.173788 0.9818407 0.179409 0.9757047 0.188686 0.247482 0.154702 0.9755614 0.14909 0.9817505 0.1670539 0.9814497 0.1670539 0.9814497 0.161633 0.9748943 0.154702 0.9755614 0.161633 0.9748943 0.1670539 0.9814497 0.176617 0.2420679 0.176617 0.2420679 0.171063 0.2463819 0.161633 0.9748943 0.171063 0.2463819 0.176617 0.2420679 0.158797 0.2416729 0.158797 0.2416729 0.1641989 0.2466729 0.171063 0.2463819 0.1641989 0.2466729 0.158797 0.2416729 0.14909 0.9817505 0.14909 0.9817505 0.154702 0.9755614 0.1641989 0.2466729 0.130039 0.9756014 0.124444 0.9818519 0.142365 0.98143 0.142365 0.98143 0.136952 0.9748958 0.130039 0.9756014 0.136952 0.9748958 0.142365 0.98143 0.152153 0.241069 0.152153 0.241069 0.146602 0.2452949 0.136952 0.9748958 0.146602 0.2452949 0.152153 0.241069 0.1343539 0.2404109 0.1343539 0.2404109 0.139742 0.2454959 0.146602 0.2452949 0.139742 0.2454959 0.1343539 0.2404109 0.124444 0.9818519 0.124444 0.9818519 0.130039 0.9756014 0.139742 0.2454959 0.105448 0.9758447 0.09987699 0.9821694 0.117734 0.9816109 0.117734 0.9816109 0.112334 0.9750959 0.105448 0.9758447 0.112334 0.9750959 0.117734 0.9816109 0.127728 0.239681 0.127728 0.239681 0.122186 0.2438099 0.112334 0.9750959 0.122186 0.2438099 0.127728 0.239681 0.109968 0.238731 0.109968 0.238731 0.115334 0.2439119 0.122186 0.2438099 0.115334 0.2439119 0.109968 0.238731 0.09987699 0.9821694 0.09987699 0.9821694 0.105448 0.9758447 0.115334 0.2439119</float_array>
          <technique_common>
            <accessor source="#defaultMaterial_002-mesh-map-0-array" count="864" stride="2">
              <param name="S" type="float"/>
              <param name="T" type="float"/>
            </accessor>
          </technique_common>
        </source>
        <vertices id="defaultMaterial_002-mesh-vertices">
          <input semantic="POSITION" source="#defaultMaterial_002-mesh-positions"/>
        </vertices>
        <triangles material="_001-material" count="288">
          <input semantic="VERTEX" source="#defaultMaterial_002-mesh-vertices" offset="0"/>
          <input semantic="NORMAL" source="#defaultMaterial_002-mesh-normals" offset="1"/>
          <input semantic="TEXCOORD" source="#defaultMaterial_002-mesh-map-0" offset="2" set="0"/>
          <p>0 0 0 1 1 1 2 2 2 2 2 3 3 3 4 0 0 5 4 4 6 5 5 7 6 6 8 6 6 9 7 7 10 4 4 11 8 8 12 9 9 13 10 10 14 10 10 15 11 11 16 8 8 17 12 12 18 13 13 19 14 14 20 14 14 21 15 15 22 12 12 23 16 16 24 17 17 25 18 18 26 18 18 27 19 19 28 16 16 29 20 20 30 21 21 31 22 22 32 22 22 33 23 23 34 20 20 35 24 24 36 25 25 37 26 26 38 26 26 39 27 27 40 24 24 41 28 28 42 29 29 43 30 30 44 30 30 45 31 31 46 28 28 47 32 32 48 33 33 49 34 34 50 34 34 51 35 35 52 32 32 53 36 36 54 37 37 55 38 38 56 38 38 57 39 39 58 36 36 59 40 40 60 41 41 61 42 42 62 42 42 63 43 43 64 40 40 65 44 44 66 45 45 67 46 46 68 46 46 69 47 47 70 44 44 71 48 48 72 49 49 73 50 50 74 50 50 75 51 51 76 48 48 77 52 52 78 53 53 79 54 54 80 54 54 81 55 55 82 52 52 83 56 56 84 57 57 85 58 58 86 58 58 87 59 59 88 56 56 89 60 60 90 61 61 91 62 62 92 62 62 93 63 63 94 60 60 95 64 64 96 65 64 97 66 64 98 66 65 99 67 65 100 64 65 101 68 66 102 69 66 103 70 66 104 70 67 105 71 67 106 68 67 107 72 68 108 73 68 109 74 68 110 74 69 111 75 69 112 72 69 113 76 70 114 77 70 115 78 70 116 78 71 117 79 71 118 76 71 119 80 72 120 81 72 121 82 72 122 82 73 123 83 73 124 80 73 125 84 74 126 85 74 127 86 74 128 86 75 129 87 75 130 84 75 131 88 76 132 89 76 133 90 76 134 90 77 135 91 77 136 88 77 137 92 78 138 93 78 139 94 78 140 94 79 141 95 79 142 92 79 143 96 80 144 97 80 145 98 80 146 98 81 147 99 81 148 96 81 149 100 82 150 101 82 151 102 82 152 102 82 153 103 82 154 100 82 155 104 83 156 105 83 157 106 83 158 106 84 159 107 84 160 104 84 161 108 85 162 109 85 163 110 85 164 110 86 165 111 86 166 108 86 167 112 87 168 113 87 169 114 87 170 114 88 171 115 88 172 112 88 173 116 89 174 117 89 175 118 89 176 118 90 177 119 90 178 116 90 179 120 91 180 121 91 181 122 91 182 122 92 183 123 93 184 120 94 185 124 95 186 125 96 187 126 97 188 126 98 189 127 98 190 124 98 191 128 99 192 129 99 193 130 99 194 130 100 195 131 100 196 128 100 197 132 101 198 133 101 199 134 101 200 134 102 201 135 102 202 132 102 203 136 103 204 137 103 205 138 103 206 138 104 207 139 104 208 136 104 209 140 105 210 141 105 211 142 105 212 142 106 213 143 106 214 140 106 215 144 107 216 145 107 217 146 107 218 146 108 219 147 108 220 144 108 221 148 109 222 149 109 223 150 109 224 150 110 225 151 110 226 148 110 227 152 111 228 153 111 229 154 111 230 154 112 231 155 112 232 152 112 233 156 113 234 157 113 235 158 113 236 158 114 237 159 114 238 156 114 239 160 115 240 161 115 241 162 115 242 162 116 243 163 116 244 160 116 245 164 117 246 165 117 247 166 117 248 166 118 249 167 118 250 164 118 251 168 119 252 169 119 253 170 119 254 170 120 255 171 120 256 168 120 257 172 121 258 173 121 259 174 121 260 174 122 261 175 122 262 172 122 263 176 123 264 177 123 265 178 123 266 178 124 267 179 124 268 176 124 269 180 125 270 181 125 271 182 125 272 182 126 273 183 126 274 180 126 275 184 127 276 185 127 277 186 127 278 186 128 279 187 128 280 184 128 281 188 129 282 189 129 283 190 129 284 190 130 285 191 130 286 188 130 287 192 131 288 193 131 289 194 131 290 194 132 291 195 132 292 192 132 293 196 133 294 197 133 295 198 133 296 198 134 297 199 134 298 196 134 299 200 135 300 201 135 301 202 135 302 202 136 303 203 136 304 200 136 305 204 137 306 205 137 307 206 137 308 206 138 309 207 138 310 204 138 311 208 139 312 209 139 313 210 139 314 210 140 315 211 140 316 208 140 317 212 141 318 213 141 319 214 141 320 214 142 321 215 142 322 212 142 323 216 143 324 217 143 325 218 143 326 218 144 327 219 144 328 216 144 329 220 145 330 221 145 331 222 145 332 222 146 333 223 146 334 220 146 335 224 147 336 225 147 337 226 147 338 226 148 339 227 148 340 224 148 341 228 149 342 229 149 343 230 149 344 230 150 345 231 150 346 228 150 347 232 151 348 233 151 349 234 151 350 234 152 351 235 152 352 232 152 353 236 153 354 237 153 355 238 153 356 238 154 357 239 154 358 236 154 359 240 155 360 241 155 361 242 155 362 242 156 363 243 156 364 240 156 365 244 157 366 245 157 367 246 157 368 246 158 369 247 158 370 244 158 371 248 159 372 249 159 373 250 159 374 250 160 375 251 160 376 248 160 377 252 161 378 253 161 379 254 161 380 254 162 381 255 162 382 252 162 383 256 163 384 257 163 385 258 163 386 258 164 387 259 164 388 256 164 389 260 165 390 261 165 391 262 165 392 262 166 393 263 166 394 260 166 395 264 167 396 265 167 397 266 167 398 266 168 399 267 168 400 264 168 401 268 169 402 269 169 403 270 169 404 270 170 405 271 170 406 268 170 407 272 171 408 273 171 409 274 171 410 274 172 411 275 172 412 272 172 413 276 173 414 277 174 415 278 175 416 278 175 417 279 176 418 276 173 419 280 177 420 281 177 421 282 177 422 282 178 423 283 178 424 280 178 425 284 179 426 285 179 427 286 179 428 286 180 429 287 180 430 284 180 431 288 181 432 289 181 433 290 181 434 290 182 435 291 182 436 288 182 437 292 183 438 293 183 439 294 183 440 294 184 441 295 184 442 292 184 443 296 185 444 297 185 445 298 185 446 298 186 447 299 186 448 296 186 449 300 187 450 301 187 451 302 187 452 302 188 453 303 188 454 300 188 455 304 189 456 305 189 457 306 189 458 306 190 459 307 190 460 304 190 461 308 191 462 309 191 463 310 191 464 310 192 465 311 192 466 308 192 467 312 193 468 313 193 469 314 193 470 314 194 471 315 194 472 312 194 473 316 195 474 317 195 475 318 195 476 318 196 477 319 196 478 316 196 479 1 1 480 320 197 481 321 198 482 321 198 483 2 2 484 1 1 485 2 2 486 322 199 487 323 200 488 323 200 489 3 3 490 2 2 491 3 3 492 324 201 493 325 202 494 325 202 495 0 0 496 3 3 497 0 0 498 326 203 499 327 204 500 327 204 501 1 1 502 0 0 503 5 5 504 328 205 505 329 206 506 329 206 507 6 6 508 5 5 509 6 6 510 330 207 511 331 208 512 331 208 513 7 7 514 6 6 515 7 7 516 332 209 517 333 210 518 333 210 519 4 4 520 7 7 521 4 4 522 334 211 523 335 212 524 335 212 525 5 5 526 4 4 527 9 9 528 336 213 529 337 214 530 337 214 531 10 10 532 9 9 533 10 10 534 338 215 535 339 216 536 339 216 537 11 11 538 10 10 539 11 11 540 340 217 541 341 218 542 341 218 543 8 8 544 11 11 545 8 8 546 342 219 547 343 220 548 343 220 549 9 9 550 8 8 551 13 13 552 344 221 553 345 222 554 345 222 555 14 14 556 13 13 557 14 14 558 346 223 559 347 224 560 347 224 561 15 15 562 14 14 563 15 15 564 348 225 565 349 226 566 349 226 567 12 12 568 15 15 569 12 12 570 350 227 571 351 228 572 351 228 573 13 13 574 12 12 575 17 17 576 352 229 577 353 230 578 353 230 579 18 18 580 17 17 581 18 18 582 354 231 583 355 232 584 355 232 585 19 19 586 18 18 587 19 19 588 356 233 589 357 234 590 357 234 591 16 16 592 19 19 593 16 16 594 358 235 595 359 236 596 359 236 597 17 17 598 16 16 599 21 21 600 360 237 601 361 238 602 361 238 603 22 22 604 21 21 605 22 22 606 362 239 607 363 240 608 363 240 609 23 23 610 22 22 611 23 23 612 364 241 613 365 242 614 365 242 615 20 20 616 23 23 617 20 20 618 366 243 619 367 244 620 367 244 621 21 21 622 20 20 623 25 25 624 368 245 625 369 246 626 369 246 627 26 26 628 25 25 629 26 26 630 370 247 631 371 248 632 371 248 633 27 27 634 26 26 635 27 27 636 372 249 637 373 250 638 373 250 639 24 24 640 27 27 641 24 24 642 374 251 643 375 252 644 375 252 645 25 25 646 24 24 647 29 29 648 376 253 649 377 254 650 377 254 651 30 30 652 29 29 653 30 30 654 378 255 655 379 256 656 379 256 657 31 31 658 30 30 659 31 31 660 380 257 661 381 258 662 381 258 663 28 28 664 31 31 665 28 28 666 382 259 667 383 260 668 383 260 669 29 29 670 28 28 671 33 33 672 384 261 673 385 262 674 385 262 675 34 34 676 33 33 677 34 34 678 386 263 679 387 264 680 387 264 681 35 35 682 34 34 683 35 35 684 388 265 685 389 266 686 389 266 687 32 32 688 35 35 689 32 32 690 390 267 691 391 268 692 391 268 693 33 33 694 32 32 695 37 37 696 392 269 697 393 270 698 393 270 699 38 38 700 37 37 701 38 38 702 394 271 703 395 272 704 395 272 705 39 39 706 38 38 707 39 39 708 396 273 709 397 274 710 397 274 711 36 36 712 39 39 713 36 36 714 398 275 715 399 276 716 399 276 717 37 37 718 36 36 719 41 41 720 400 277 721 401 278 722 401 278 723 42 42 724 41 41 725 42 42 726 402 279 727 403 280 728 403 280 729 43 43 730 42 42 731 43 43 732 404 281 733 405 282 734 405 282 735 40 40 736 43 43 737 40 40 738 406 283 739 407 284 740 407 284 741 41 41 742 40 40 743 45 45 744 408 285 745 409 286 746 409 286 747 46 46 748 45 45 749 46 46 750 410 287 751 411 288 752 411 288 753 47 47 754 46 46 755 47 47 756 412 289 757 413 290 758 413 290 759 44 44 760 47 47 761 44 44 762 414 291 763 415 292 764 415 292 765 45 45 766 44 44 767 49 49 768 416 293 769 417 294 770 417 294 771 50 50 772 49 49 773 50 50 774 418 295 775 419 296 776 419 296 777 51 51 778 50 50 779 51 51 780 420 297 781 421 298 782 421 298 783 48 48 784 51 51 785 48 48 786 422 299 787 423 300 788 423 300 789 49 49 790 48 48 791 53 53 792 424 301 793 425 302 794 425 302 795 54 54 796 53 53 797 54 54 798 426 303 799 427 304 800 427 304 801 55 55 802 54 54 803 55 55 804 428 305 805 429 306 806 429 306 807 52 52 808 55 55 809 52 52 810 430 307 811 431 308 812 431 308 813 53 53 814 52 52 815 57 57 816 432 309 817 433 310 818 433 310 819 58 58 820 57 57 821 58 58 822 434 311 823 435 312 824 435 312 825 59 59 826 58 58 827 59 59 828 436 313 829 437 314 830 437 314 831 56 56 832 59 59 833 56 56 834 438 315 835 439 316 836 439 316 837 57 57 838 56 56 839 61 61 840 440 317 841 441 318 842 441 318 843 62 62 844 61 61 845 62 62 846 442 319 847 443 320 848 443 320 849 63 63 850 62 62 851 63 63 852 444 321 853 445 322 854 445 322 855 60 60 856 63 63 857 60 60 858 446 323 859 447 324 860 447 324 861 61 61 862 60 60 863</p>
        </triangles>
      </mesh>
    </geometry>
    <geometry id="defaultMaterial_001-mesh" name="defaultMaterial.001">
      <mesh>
        <source id="defaultMaterial_001-mesh-positions">
          <float_array id="defaultMaterial_001-mesh-positions-array" count="918">-0.09720647 -0.04026418 0.748277 -0.09720647 -0.04026418 0.727885 -0.07439839 -0.07439839 0.727885 -0.07439839 -0.07439839 0.748277 -0.105215 0 0.748277 -0.105215 0 0.727885 -0.09720587 0.04026395 0.748277 -0.09720587 0.04026395 0.727885 -0.07439827 0.07439839 0.748277 -0.07439827 0.07439839 0.727885 -0.04026395 0.09720599 0.748277 -0.04026395 0.09720599 0.727885 0 0.1052139 0.748277 0 0.1052139 0.727885 0.04026365 0.09720516 0.748277 0.04026365 0.09720528 0.727885 0 0.1052139 0.727885 0 0.1052139 0.748277 0.0743981 0.0743978 0.748277 0.0743981 0.0743978 0.727885 0.09720617 0.04026395 0.748277 0.09720617 0.04026395 0.727885 0.105215 0 0.748277 0.105215 0 0.727885 0.09720635 -0.04026407 0.748277 0.09720635 -0.04026407 0.727885 0.07439869 -0.07439869 0.748277 0.07439869 -0.07439869 0.727885 0.04026424 -0.09720718 0.748277 0.04026424 -0.09720718 0.727885 2.18833e-7 -0.105216 0.748277 0 -0.105216 0.727885 -0.04026389 -0.09720587 0.748277 -0.04026389 -0.09720587 0.727885 0.110167 0.04563266 0.755289 0.08431786 0.08431756 0.755289 0.04563218 0.110166 0.755289 0 0.119243 0.755289 0 0.119243 0.755289 -0.04563248 0.110167 0.755289 -0.0843181 0.08431828 0.755289 -0.110167 0.0456326 0.755289 -0.119244 1.37284e-7 0.755289 -0.110167 -0.0456326 0.755289 -0.08431828 -0.0843181 0.755289 -0.04563248 -0.110167 0.755289 2.18833e-7 -0.119245 0.755289 0.04563295 -0.110168 0.755289 0.08431845 -0.08431845 0.755289 0.110167 -0.0456326 0.755289 0.119244 0 0.755289 0.116639 0.04831337 0.760868 0.08927118 0.08927077 0.760868 0.0483129 0.116638 0.760867 0 0.126248 0.760867 0 0.126248 0.760867 -0.0483132 0.116639 0.760868 -0.0892713 0.0892716 0.760868 -0.116638 0.04831326 0.760868 -0.126249 1.87182e-7 0.760868 -0.116639 -0.04831326 0.760868 -0.0892716 -0.0892713 0.760867 -0.04831308 -0.116638 0.760867 2.18833e-7 -0.12625 0.760867 0.04831367 -0.11664 0.760867 0.08927178 -0.08927166 0.760868 0.116639 -0.0483132 0.760868 0.126249 0 0.760868 0.113869 0.04716598 0.766422 0.08715111 0.08715075 0.766422 0.04716557 0.1138679 0.766421 0 0.12325 0.766421 0 0.12325 0.766421 -0.04716587 0.113869 0.766422 -0.08715128 0.08715158 0.766422 -0.113869 0.04716598 0.766422 -0.123251 1.65826e-7 0.766422 -0.113869 -0.04716598 0.766422 -0.08715146 -0.08715128 0.766421 -0.04716587 -0.1138679 0.766421 2.18833e-7 -0.123252 0.766421 0.04716628 -0.11387 0.766421 0.08715176 -0.0871517 0.766422 0.113869 -0.04716587 0.766422 0.123251 0 0.766422 0.109257 0.04525566 0.770607 0.08362138 0.08362108 0.770607 0.0452553 0.109256 0.770606 0 0.1182579 0.770606 0 0.1182579 0.770606 -0.04525566 0.109257 0.770607 -0.08362156 0.08362179 0.770607 -0.109257 0.04525566 0.770607 -0.118259 1.30458e-7 0.770607 -0.109257 -0.04525566 0.770607 -0.08362185 -0.08362156 0.770606 -0.0452556 -0.109257 0.770606 2.18833e-7 -0.11826 0.770606 0.04525595 -0.109258 0.770606 0.08362209 -0.08362197 0.770607 0.109257 -0.04525566 0.770607 0.118259 0 0.770607 0.09629577 0.03988689 0.770607 0.07370126 0.0737009 0.770607 0.03988659 0.09629476 0.770606 0 0.104229 0.770606 0 0.104229 0.770606 -0.03988689 0.09629547 0.770607 -0.07370138 0.0737015 0.770607 -0.09629547 0.03988689 0.770607 -0.104229 0 0.770607 -0.09629595 -0.03988695 0.770607 -0.07370156 -0.0737015 0.770606 -0.03988689 -0.09629535 0.770606 0 -0.10423 0.770606 0.03988724 -0.09629666 0.770606 0.07370185 -0.07370185 0.770607 0.09629589 -0.03988695 0.770607 0.10423 0 0.770607 0.09629577 0.03988689 0.819569 0.07370126 0.0737009 0.819569 0.03988659 0.09629476 0.819568 0 0.104229 0.819568 0 0.104229 0.819568 -0.03988689 0.09629547 0.819569 -0.07370138 0.0737015 0.819569 -0.09629547 0.03988689 0.819569 -0.104229 0 0.819569 -0.09629595 -0.03988695 0.819569 -0.07370156 -0.0737015 0.819568 -0.03988689 -0.09629535 0.819568 0 -0.10423 0.819568 0.03988724 -0.09629666 0.819568 0.07370185 -0.07370185 0.819569 0.09629589 -0.03988695 0.819569 0.10423 0 0.819569 0.1047199 0.04337614 0.822542 0.08014869 0.08014827 0.822542 0.04337584 0.104719 0.822541 0 0.113347 0.822541 0 0.113347 0.822541 -0.04337626 0.104719 0.822542 -0.08014887 0.08014899 0.822542 -0.104719 0.04337614 0.822542 -0.113347 0 0.822542 -0.1047199 -0.04337626 0.822542 -0.08014905 -0.08014887 0.822541 -0.04337608 -0.104719 0.822541 2.18833e-7 -0.113348 0.822541 0.04337656 -0.104721 0.822541 0.08014929 -0.08014929 0.822542 0.1047199 -0.04337614 0.822542 0.113348 0 0.822542 0.113147 0.04686695 0.82948 0.08659857 0.08659827 0.82948 0.04686647 0.113146 0.82948 0 0.122469 0.82948 0 0.122469 0.82948 -0.04686689 0.113147 0.82948 -0.08659875 0.08659899 0.82948 -0.113147 0.04686695 0.82948 -0.122469 1.59636e-7 0.82948 -0.113147 -0.04686689 0.82948 -0.08659905 -0.08659875 0.82948 -0.04686689 -0.113146 0.82948 2.18833e-7 -0.12247 0.82948 0.04686725 -0.113148 0.82948 0.08659929 -0.08659917 0.82948 0.113147 -0.04686689 0.82948 0.122469 0 0.82948 0.117038 0.04847848 0.836401 0.0895763 0.089576 0.836401 0.04847794 0.1170369 0.8364 0 0.12668 0.8364 0 0.12668 0.8364 -0.04847836 0.1170369 0.836401 -0.08957648 0.08957678 0.836401 -0.1170369 0.04847848 0.836401 -0.12668 1.89611e-7 0.836401 -0.117038 -0.04847836 0.836401 -0.08957678 -0.08957648 0.8364 -0.0484783 -0.1170369 0.8364 2.18833e-7 -0.126681 0.8364 0.0484789 -0.117039 0.8364 0.08957695 -0.0895769 0.836401 0.117038 -0.04847836 0.836401 0.12668 1.20245e-7 0.836401 0.115092 0.04767245 0.843317 0.0880869 0.0880866 0.843317 0.04767197 0.115091 0.843317 0 0.124574 0.843317 0 0.124574 0.843317 -0.04767239 0.115091 0.843317 -0.0880872 0.08808737 0.843317 -0.115091 0.04767245 0.843317 -0.124574 1.74619e-7 0.843317 -0.115092 -0.04767239 0.843317 -0.08808737 -0.08808708 0.843317 -0.04767227 -0.115091 0.843317 2.18833e-7 -0.124575 0.843317 0.04767274 -0.115093 0.843317 0.08808755 -0.08808749 0.843317 0.115092 -0.04767227 0.843317 0.124574 0 0.843317 0.106657 0.0441789 0.850268 0.08163166 0.08163136 0.850268 0.04417848 0.106656 0.850268 0 0.115444 0.850268 0 0.115444 0.850268 -0.04417878 0.106657 0.850268 -0.08163189 0.08163207 0.850268 -0.106657 0.0441789 0.850268 -0.115445 0 0.850268 -0.106658 -0.0441789 0.850268 -0.08163207 -0.08163189 0.850268 -0.04417866 -0.106657 0.850268 2.18833e-7 -0.115446 0.850268 0.04417926 -0.106658 0.850268 0.08163237 -0.08163225 0.850268 0.106658 -0.0441789 0.850268 0.115445 0 0.850268 0.106657 0.0441789 0.853239 0.08163166 0.08163136 0.853239 0.04417848 0.106656 0.853239 0 0.115444 0.853239 0 0.115444 0.853239 -0.04417878 0.106657 0.853239 -0.08163189 0.08163207 0.853239 -0.106657 0.0441789 0.853239 -0.115445 0 0.853239 -0.106658 -0.0441789 0.853239 -0.08163207 -0.08163189 0.853239 -0.04417866 -0.106657 0.853239 2.18833e-7 -0.115446 0.853239 0.04417926 -0.106658 0.853239 0.08163237 -0.08163225 0.853239 0.106658 -0.0441789 0.853239 0.115445 0 0.853239 0.121581 0.05036056 0.860187 0.09305375 0.09305346 0.860187 0.05036008 0.12158 0.860187 0 0.1315979 0.860187 0 0.1315979 0.860187 -0.05036038 0.121581 0.860187 -0.09305399 0.09305429 0.860187 -0.121581 0.05036056 0.860187 -0.1315979 2.23698e-7 0.860187 -0.121581 -0.05036038 0.860187 -0.09305429 -0.09305387 0.860187 -0.05036026 -0.12158 0.860187 2.18833e-7 -0.131599 0.860187 0.05036079 -0.121582 0.860187 0.09305459 -0.09305435 0.860187 0.121581 -0.05036026 0.860187 0.1315979 1.51639e-7 0.860187 0.128074 0.0530501 0.871129 0.09802335 0.09802305 0.871129 0.0530495 0.128073 0.871129 0 0.138626 0.871129 0 0.138626 0.871129 -0.05304998 0.128074 0.871129 -0.09802365 0.09802401 0.871129 -0.128074 0.0530501 0.871129 -0.138626 2.73378e-7 0.871129 -0.128075 -0.05304986 0.871129 -0.09802389 -0.09802347 0.871129 -0.05304986 -0.128074 0.871129 2.18833e-7 -0.1386269 0.871129 0.05305039 -0.128075 0.871129 0.09802407 -0.09802401 0.871129 0.128074 -0.0530498 0.871129 0.138626 1.9747e-7 0.871129 0.129375 0.05358904 0.903009 0.09901928 0.09901899 0.903009 0.05358844 0.129374 0.903009 0 0.140034 0.903009 0 0.140034 0.903009 -0.05358898 0.129375 0.903009 -0.09901946 0.09901976 0.903009 -0.129375 0.05358904 0.903009 -0.140035 2.83294e-7 0.903009 -0.1293759 -0.05358886 0.903009 -0.09901976 -0.0990194 0.903009 -0.05358874 -0.129375 0.903009 2.18833e-7 -0.140036 0.903009 0.0535894 -0.129377 0.903009 0.09902 -0.09901988 0.903009 0.1293759 -0.05358874 0.903009 0.140035 2.06616e-7 0.903009 0.126774 0.05251157 0.910972 0.09702825 0.09702795 0.910972 0.05251097 0.1267729 0.910972 0 0.137219 0.910972 0 0.137219 0.910972 -0.05251139 0.126774 0.910972 -0.09702855 0.09702891 0.910972 -0.126774 0.05251157 0.910972 -0.137219 2.63374e-7 0.910972 -0.126774 -0.05251139 0.910972 -0.09702879 -0.09702837 0.910972 -0.05251127 -0.1267729 0.910972 2.18833e-7 -0.13722 0.910972 0.05251187 -0.126775 0.910972 0.09702908 -0.09702891 0.910972 0.126774 -0.05251127 0.910972 0.137219 1.88237e-7 0.910972</float_array>
          <technique_common>
            <accessor source="#defaultMaterial_001-mesh-positions-array" count="306" stride="3">
              <param name="X" type="float"/>
              <param name="Y" type="float"/>
              <param name="Z" type="float"/>
            </accessor>
          </technique_common>
        </source>
        <source id="defaultMaterial_001-mesh-normals">
          <float_array id="defaultMaterial_001-mesh-normals-array" count="918">-0.7993636 -0.3310855 -0.5013985 -0.9238793 -0.3826841 0 -0.707098 -0.7071156 0 -0.6118005 -0.6117997 -0.5013994 -0.8652143 1.51618e-5 -0.5014024 -1 4.75881e-6 0 -0.7993512 0.3311098 -0.5014021 -0.9238813 0.3826792 0 -0.6117943 0.6118046 -0.5014011 -0.7071086 0.707105 0 -0.3310845 0.7993611 -0.5014029 -0.382673 0.9238839 0 -4.27663e-5 0.8652198 -0.5013927 -1.77473e-5 1 9.31772e-6 0.331107 0.799356 -0.5013964 0.3826741 0.9238834 5.20602e-6 3.83705e-5 1 1.12834e-5 5.47618e-5 0.8652206 -0.5013914 0.6117979 0.611802 -0.5013998 0.7070966 0.7071169 0 0.7993555 0.3310996 -0.5014021 0.9238769 0.3826901 0 0.8652151 -7.81083e-6 -0.5014009 1 6.18306e-6 0 0.7993568 -0.3311045 -0.5013968 0.9238842 -0.3826724 0 0.6118009 -0.6117997 -0.501399 0.7071167 -0.7070969 0 0.3310992 -0.7993559 -0.5014016 0.3826892 -0.9238772 0 1.68305e-5 -0.8652127 -0.5014051 -1.37662e-5 -1 4.00683e-7 -0.3310959 -0.7993583 -0.5014001 -0.3826889 -0.9238773 0 0.4864589 0.201499 -0.8501505 0.3722921 0.3722929 -0.8501745 0.2014878 0.4864192 -0.8501759 1.02967e-5 0.5265084 -0.8501699 -2.71052e-5 0.5265156 -0.8501656 -0.2014965 0.486455 -0.8501533 -0.3722929 0.372291 -0.8501751 -0.4864404 0.2014898 -0.8501634 -0.5265004 2.19001e-6 -0.850175 -0.4864249 -0.2014747 -0.8501757 -0.3722977 -0.3722928 -0.8501721 -0.2014961 -0.4864421 -0.8501608 -7.29971e-6 -0.526502 -0.8501739 0.2014908 -0.4864163 -0.8501769 0.3723016 -0.3722825 -0.8501749 0.486458 -0.2014921 -0.8501527 0.5265412 2.47359e-6 -0.8501496 0.8763161 0.3629915 -0.3167135 0.6706936 0.6707184 -0.3167126 0.3629748 0.8763245 -0.3167092 5.13196e-5 0.9485293 -0.3166897 -2.14279e-5 0.9485211 -0.3167141 -0.3629872 0.8763166 -0.316717 -0.6707104 0.6707006 -0.316715 -0.8763262 0.3629848 -0.316693 -0.9485358 -2.66219e-6 -0.3166701 -0.8763157 -0.3629913 -0.3167149 -0.6707028 -0.6707141 -0.3167023 -0.3629878 -0.8763297 -0.3166798 -9.53395e-6 -0.9485222 -0.3167106 0.362999 -0.8763163 -0.316704 0.670724 -0.6706874 -0.3167138 0.8763381 -0.3629789 -0.3166668 0.9485365 8.07271e-6 -0.316668 0.7247491 0.3002011 0.620176 0.5546997 0.5547116 0.6201639 0.3001457 0.7246338 0.6203374 4.39435e-5 0.7845212 0.6201022 -2.98023e-5 0.7845301 0.6200909 -0.3001449 0.7246354 0.620336 -0.5547087 0.5547057 0.6201612 -0.7246714 0.3001661 0.6202836 -0.7845388 6.17257e-6 0.6200798 -0.7247498 -0.3002044 0.6201735 -0.5546046 -0.5546236 0.6203278 -0.3001921 -0.7247128 0.6202227 -1.27912e-5 -0.7844768 0.6201583 0.3002015 -0.7247514 0.620173 0.5547121 -0.5547047 0.6201592 0.7247562 -0.300196 0.6201701 0.7844753 1.24764e-6 0.6201602 0.2435643 0.1008802 0.9646242 0.1864166 0.186424 0.9646217 0.1008741 0.2435616 0.9646255 3.35351e-5 0.2636594 0.964616 -1.26287e-5 0.2636457 0.9646197 -0.1008756 0.2435689 0.9646235 -0.1864132 0.1864225 0.9646226 -0.2435593 0.1008918 0.9646241 -0.2636241 4.36977e-6 0.9646255 -0.2435601 -0.1008906 0.9646241 -0.1864141 -0.1864303 0.9646209 -0.1008899 -0.2435452 0.9646279 -5.75557e-6 -0.2636263 0.9646249 0.1008739 -0.2435648 0.9646247 0.1864287 -0.1864126 0.9646216 0.2435582 -0.1008914 0.9646244 0.2636286 -4.24311e-6 0.9646244 0.8736246 0.3618729 0.3253125 0.6686151 0.6686596 0.3253432 0.3618515 0.8736315 0.3253178 4.33475e-5 0.9456049 0.3253175 -3.11062e-6 0.9456002 0.3253312 -0.3618649 0.8736163 0.3253436 -0.6686499 0.6686391 0.3253139 -0.8736315 0.3618544 0.3253141 -0.9456083 -1.14441e-5 0.3253076 -0.8736159 -0.3618662 0.3253431 -0.6686307 -0.6686556 0.3253193 -0.3618578 -0.8736316 0.3253103 -4.29899e-6 -0.945607 0.3253117 0.3618595 -0.8736268 0.3253213 0.6686513 -0.6686241 0.3253421 0.8736327 -0.3618546 0.325311 0.9456059 9.70066e-6 0.3253148 0.9054114 0.374999 -0.1990125 0.6929855 0.6929384 -0.1990168 0.3750618 0.9053863 -0.1990085 3.86834e-5 0.9800006 -0.1989943 -3.09348e-5 0.9799977 -0.1990088 -0.3749836 0.9054189 -0.1990073 -0.6929319 0.6929932 -0.1990123 -0.90539 0.3750583 -0.1989979 -0.9799991 4.16934e-5 -0.1990022 -0.9054217 -0.374971 -0.1990184 -0.6929849 -0.6929418 -0.1990067 -0.3750663 -0.9053862 -0.1990007 -5.80363e-5 -0.9799979 -0.1990081 0.3749909 -0.9054149 -0.1990119 0.6929407 -0.6929838 -0.1990143 0.9053862 -0.3750618 -0.1990087 0.9799981 -3.96259e-5 -0.1990067 0.4610607 0.1909753 -0.8665746 0.3528758 0.3528769 -0.8665776 0.1909911 0.4610872 -0.8665571 4.72292e-5 0.4990605 -0.8665672 -4.56646e-5 0.4990643 -0.8665649 -0.1909905 0.4610888 -0.8665562 -0.3528769 0.3528751 -0.8665779 -0.4610887 0.1909905 -0.8665564 -0.4990767 4.63659e-6 -0.866558 -0.461063 -0.1909743 -0.8665736 -0.3528956 -0.3529018 -0.8665594 -0.1909958 -0.4610931 -0.8665528 -1.03889e-5 -0.4990684 -0.8665626 0.1909967 -0.4610869 -0.8665559 0.3528869 -0.3528718 -0.8665751 0.4610604 -0.1909748 -0.8665749 0.4990603 -2.47778e-6 -0.8665673 0.6789224 0.2812182 -0.6782188 0.5196307 0.5196372 -0.6782045 0.2812234 0.6789204 -0.6782187 1.49459e-5 0.7348542 -0.6782251 -1.44392e-5 0.7348527 -0.6782268 -0.2812114 0.6789081 -0.6782361 -0.5196333 0.5196294 -0.6782084 -0.6789084 0.2812095 -0.6782364 -0.7348697 6.07199e-6 -0.6782084 -0.6789294 -0.2812155 -0.6782129 -0.5196324 -0.5196335 -0.6782059 -0.2812244 -0.6789185 -0.6782202 -1.11083e-5 -0.7348687 -0.6782096 0.2812244 -0.6789174 -0.6782212 0.519644 -0.5196205 -0.6782069 0.6789247 -0.2812112 -0.6782194 0.7348501 2.10945e-7 -0.6782296 0.9145326 0.378811 -0.1418887 0.6999498 0.6999602 -0.1418662 0.3788146 0.9145326 -0.1418798 5.92023e-5 0.9898822 -0.1418914 -2.27988e-5 0.9898813 -0.1418985 -0.3788067 0.914533 -0.1418983 -0.6999583 0.6999508 -0.1418709 -0.9145305 0.3788112 -0.1419015 -0.9898838 5.58439e-6 -0.1418809 -0.9145361 -0.3788042 -0.1418843 -0.6999548 -0.6999563 -0.1418608 -0.3788186 -0.9145312 -0.1418772 -1.77263e-5 -0.9898844 -0.1418758 0.3788168 -0.9145317 -0.141879 0.6999664 -0.699944 -0.1418645 0.9145355 -0.3788048 -0.1418861 0.9898838 4.75813e-6 -0.1418807 0.7343398 0.3041766 0.6068127 0.5620406 0.5620518 0.6068016 0.304179 0.7343521 0.6067967 3.91454e-5 0.7948376 0.6068224 -3.0756e-5 0.7948331 0.6068281 -0.304174 0.7343516 0.6067998 -0.5620289 0.5620192 0.6068428 -0.7343211 0.3041669 0.6068403 -0.7948322 9.99309e-7 0.6068295 -0.7343236 -0.304163 0.6068391 -0.5620275 -0.5620353 0.606829 -0.3041788 -0.7343291 0.6068247 -7.7798e-6 -0.7948476 0.6068091 0.3041767 -0.7343513 0.6067988 0.5620573 -0.5620343 0.6068025 0.7343213 -0.3041616 0.6068426 0.794834 8.54954e-6 0.606827 0.6678791 0.2766396 0.6909473 0.5111479 0.5112138 0.6909329 0.2766087 0.6678945 0.6909448 4.14848e-5 0.7228971 0.6909557 3.26335e-6 0.7229213 0.6909305 -0.2766742 0.6678826 0.6909301 -0.511174 0.5111849 0.6909349 -0.6678894 0.2766602 0.690929 -0.7229204 1.9962e-5 0.6909314 -0.6678938 -0.2766427 0.6909319 -0.5111801 -0.5111814 0.6909331 -0.2766295 -0.6679052 0.6909261 -2.3637e-5 -0.7229172 0.6909347 0.276641 -0.6678802 0.6909456 0.5111779 -0.5111867 0.6909308 0.6679079 -0.276609 0.6909316 0.7229217 -1.46776e-6 0.6909299 0.4661427 0.1930881 -0.8633818 0.3567605 0.356783 -0.8633816 0.1930798 0.4661498 -0.8633797 3.92944e-5 0.5045481 -0.8633837 -3.4906e-5 0.5045291 -0.8633947 -0.1930837 0.4661439 -0.8633821 -0.3567799 0.3567622 -0.8633822 -0.4661505 0.1930766 -0.8633801 -0.504558 -2.53692e-6 -0.8633778 -0.4661396 -0.1930997 -0.8633808 -0.356761 -0.3567845 -0.8633808 -0.1930924 -0.466155 -0.8633742 2.45124e-6 -0.5045511 -0.8633819 0.1930916 -0.466142 -0.8633814 0.3567826 -0.3567649 -0.8633801 0.4661555 -0.1930724 -0.8633784 0.5045597 1.66744e-5 -0.8633768 0.594617 0.2462984 -0.7653548 0.4550936 0.455105 -0.7653557 0.2462965 0.5946156 -0.7653564 2.99811e-5 0.6436117 -0.7653522 -3.90708e-5 0.6436168 -0.765348 -0.2462915 0.5946184 -0.7653558 -0.4550958 0.4550964 -0.7653596 -0.5946191 0.2462934 -0.7653548 -0.6436108 3.89945e-6 -0.765353 -0.5946394 -0.246307 -0.7653346 -0.4550957 -0.4551025 -0.7653561 -0.2463129 -0.594634 -0.7653368 -1.10837e-5 -0.6436105 -0.7653532 0.2463005 -0.5946155 -0.7653552 0.4551034 -0.4550984 -0.7653537 0.5946242 -0.2462968 -0.7653497 0.6436117 2.44938e-6 -0.7653522 0.9083986 0.3763086 -0.1822193 0.6952673 0.6952689 -0.1822215 0.3762828 0.9084097 -0.1822177 5.10216e-5 0.9832594 -0.1822117 -5.22882e-5 0.9832582 -0.1822182 -0.3762648 0.908417 -0.1822177 -0.6952607 0.6952749 -0.1822239 -0.9084116 0.3762783 -0.1822167 -0.9832557 1.52923e-5 -0.1822315 -0.9084137 -0.3762609 -0.1822427 -0.6952667 -0.6952688 -0.1822242 -0.3762909 -0.908412 -0.1821889 -1.89194e-5 -0.9832563 -0.1822277 0.3762707 -0.9084119 -0.1822314 0.6952717 -0.6952642 -0.1822223 0.9084099 -0.3762758 -0.1822305 0.9832558 -6.51134e-6 -0.1822316 0.9233823 0.3824857 0.0327093 0.7067209 0.7067354 0.03272151 0.3824799 0.9233848 0.03270864 6.1661e-5 0.9994649 0.03271049 -3.27528e-5 0.9994659 0.03268069 -0.382476 0.9233863 0.03270804 -0.7067283 0.7067282 0.03271663 -0.9233844 0.3824808 0.03270643 -0.9994661 1.08394e-5 0.0326749 -0.9233866 -0.3824762 0.03269875 -0.7067257 -0.7067305 0.03272396 -0.3824821 -0.9233842 0.03269958 -1.80216e-5 -0.999466 0.0326752 0.3824813 -0.9233849 0.03268641 0.7067365 -0.7067199 0.03271842 0.9233893 -0.3824711 0.03268527 0.999466 5.20144e-6 0.03267729 0.8710402 0.360799 0.3333364 0.6666483 0.6666679 0.3333676 0.3607971 0.8710433 0.3333302 6.85304e-5 0.9428086 0.3333346 -4.5523e-5 0.9428043 0.3333469 -0.3607944 0.8710417 0.3333376 -0.6666635 0.6666592 0.3333547 -0.8710395 0.3607986 0.3333386 -0.9427841 2.82436e-6 0.3334041 -0.8710097 -0.3607891 0.3334271 -0.6666547 -0.6666594 0.3333719 -0.3607898 -0.8710084 0.3334293 -1.68286e-5 -0.9427837 0.3334052 0.3607985 -0.8710057 0.3334273 0.6666674 -0.6666502 0.3333649 0.871014 -0.3607765 0.3334292 0.942786 7.7589e-6 0.3333986</float_array>
          <technique_common>
            <accessor source="#defaultMaterial_001-mesh-normals-array" count="306" stride="3">
              <param name="X" type="float"/>
              <param name="Y" type="float"/>
              <param name="Z" type="float"/>
            </accessor>
          </technique_common>
        </source>
        <source id="defaultMaterial_001-mesh-map-0">
          <float_array id="defaultMaterial_001-mesh-map-0-array" count="3264">0.692816 0.366778 0.693446 0.378306 0.716519 0.377281 0.716519 0.377281 0.716332 0.365742 0.692816 0.366778 0.669314 0.368774 0.670353 0.380275 0.693446 0.378306 0.693446 0.378306 0.692816 0.366778 0.669314 0.368774 0.645832 0.371667 0.647226 0.383128 0.670353 0.380275 0.670353 0.380275 0.669314 0.368774 0.645832 0.371667 0.622339 0.37532 0.624023 0.386721 0.647226 0.383128 0.647226 0.383128 0.645832 0.371667 0.622339 0.37532 0.598749 0.379462 0.600771 0.390823 0.624023 0.386721 0.624023 0.386721 0.622339 0.37532 0.598749 0.379462 0.575556 0.384052 0.577715 0.395326 0.600771 0.390823 0.600771 0.390823 0.598749 0.379462 0.575556 0.384052 0.923712 0.400449 0.920125 0.411387 0.942101 0.419118 0.942101 0.419118 0.945866 0.408316 0.923712 0.400449 0.901213 0.393037 0.897954 0.4041 0.920125 0.411387 0.920125 0.411387 0.923712 0.400449 0.901213 0.393037 0.878663 0.386299 0.875729 0.397463 0.897954 0.4041 0.897954 0.4041 0.901213 0.393037 0.878663 0.386299 0.855951 0.380418 0.853398 0.391676 0.875729 0.397463 0.875729 0.397463 0.878663 0.386299 0.855951 0.380418 0.833039 0.375485 0.830911 0.386829 0.853398 0.391676 0.853398 0.391676 0.855951 0.380418 0.833039 0.375485 0.809937 0.371538 0.80826 0.382955 0.830911 0.386829 0.830911 0.386829 0.833039 0.375485 0.809937 0.371538 0.786677 0.368588 0.785464 0.380062 0.80826 0.382955 0.80826 0.382955 0.809937 0.371538 0.786677 0.368588 0.763297 0.36664 0.762554 0.378153 0.785464 0.380062 0.785464 0.380062 0.786677 0.368588 0.763297 0.36664 0.739837 0.365692 0.739562 0.377227 0.762554 0.378153 0.762554 0.378153 0.763297 0.36664 0.739837 0.365692 0.716332 0.365742 0.716519 0.377281 0.739562 0.377227 0.739562 0.377227 0.739837 0.365692 0.716332 0.365742 0.880802 0.377819 0.878663 0.386299 0.901213 0.393037 0.901213 0.393037 0.90359 0.384653 0.880802 0.377819 0.90359 0.384653 0.901213 0.393037 0.923712 0.400449 0.923712 0.400449 0.926414 0.392193 0.90359 0.384653 0.926414 0.392193 0.923712 0.400449 0.945866 0.408316 0.945866 0.408316 0.95026 0.40048 0.926414 0.392193 0.572219 0.375923 0.575556 0.384052 0.598749 0.379462 0.598749 0.379462 0.597133 0.371044 0.572219 0.375923 0.597133 0.371044 0.598749 0.379462 0.622339 0.37532 0.622339 0.37532 0.620997 0.36673 0.597133 0.371044 0.620997 0.36673 0.622339 0.37532 0.645832 0.371667 0.645832 0.371667 0.644697 0.363 0.620997 0.36673 0.644697 0.363 0.645832 0.371667 0.669314 0.368774 0.669314 0.368774 0.668444 0.360069 0.644697 0.363 0.668444 0.360069 0.669314 0.368774 0.692816 0.366778 0.692816 0.366778 0.692255 0.358052 0.668444 0.360069 0.692255 0.358052 0.692816 0.366778 0.716332 0.365742 0.716332 0.365742 0.716104 0.357005 0.692255 0.358052 0.716104 0.357005 0.716332 0.365742 0.739837 0.365692 0.739837 0.365692 0.739956 0.356956 0.716104 0.357005 0.739956 0.356956 0.739837 0.365692 0.763297 0.36664 0.763297 0.36664 0.763772 0.357916 0.739956 0.356956 0.763772 0.357916 0.763297 0.36664 0.786677 0.368588 0.786677 0.368588 0.787507 0.35989 0.763772 0.357916 0.787507 0.35989 0.786677 0.368588 0.809937 0.371538 0.809937 0.371538 0.81112 0.362877 0.787507 0.35989 0.81112 0.362877 0.809937 0.371538 0.833039 0.375485 0.833039 0.375485 0.834565 0.366874 0.81112 0.362877 0.834565 0.366874 0.833039 0.375485 0.855951 0.380418 0.855951 0.380418 0.857802 0.371866 0.834565 0.366874 0.857802 0.371866 0.855951 0.380418 0.878663 0.386299 0.878663 0.386299 0.880802 0.377819 0.857802 0.371866 0.882076 0.372969 0.880802 0.377819 0.90359 0.384653 0.90359 0.384653 0.904992 0.379864 0.882076 0.372969 0.904992 0.379864 0.90359 0.384653 0.926414 0.392193 0.926414 0.392193 0.92789 0.387512 0.904992 0.379864 0.92789 0.387512 0.926414 0.392193 0.95026 0.40048 0.95026 0.40048 0.95249 0.395844 0.92789 0.387512 0.570536 0.37109 0.572219 0.375923 0.597133 0.371044 0.597133 0.371044 0.596344 0.36623 0.570536 0.37109 0.596344 0.36623 0.597133 0.371044 0.620997 0.36673 0.620997 0.36673 0.620272 0.361798 0.596344 0.36623 0.620272 0.361798 0.620997 0.36673 0.644697 0.363 0.644697 0.363 0.644083 0.358026 0.620272 0.361798 0.644083 0.358026 0.644697 0.363 0.668444 0.360069 0.668444 0.360069 0.667983 0.355075 0.644083 0.358026 0.667983 0.355075 0.668444 0.360069 0.692255 0.358052 0.692255 0.358052 0.691971 0.353048 0.667983 0.355075 0.691971 0.353048 0.692255 0.358052 0.716104 0.357005 0.716104 0.357005 0.716012 0.351997 0.691971 0.353048 0.716012 0.351997 0.716104 0.357005 0.739956 0.356956 0.739956 0.356956 0.740064 0.351951 0.716012 0.351997 0.740064 0.351951 0.739956 0.356956 0.763772 0.357916 0.763772 0.357916 0.764083 0.35292 0.740064 0.351951 0.764083 0.35292 0.763772 0.357916 0.787507 0.35989 0.787507 0.35989 0.788023 0.35491 0.764083 0.35292 0.788023 0.35491 0.787507 0.35989 0.81112 0.362877 0.81112 0.362877 0.811839 0.35792 0.788023 0.35491 0.811839 0.35792 0.81112 0.362877 0.834565 0.366874 0.834565 0.366874 0.835483 0.361945 0.811839 0.35792 0.835483 0.361945 0.834565 0.366874 0.857802 0.371866 0.857802 0.371866 0.858908 0.366973 0.835483 0.361945 0.858908 0.366973 0.857802 0.371866 0.880802 0.377819 0.880802 0.377819 0.882076 0.372969 0.858908 0.366973 0.882996 0.369535 0.882076 0.372969 0.904992 0.379864 0.904992 0.379864 0.906002 0.376471 0.882996 0.369535 0.906002 0.376471 0.904992 0.379864 0.92789 0.387512 0.92789 0.387512 0.928906 0.384195 0.906002 0.376471 0.928906 0.384195 0.92789 0.387512 0.95249 0.395844 0.95249 0.395844 0.953157 0.392287 0.928906 0.384195 0.570287 0.367453 0.570536 0.37109 0.596344 0.36623 0.596344 0.36623 0.595829 0.362789 0.570287 0.367453 0.595829 0.362789 0.596344 0.36623 0.620272 0.361798 0.620272 0.361798 0.619768 0.358294 0.595829 0.362789 0.619768 0.358294 0.620272 0.361798 0.644083 0.358026 0.644083 0.358026 0.643656 0.354496 0.619768 0.358294 0.643656 0.354496 0.644083 0.358026 0.667983 0.355075 0.667983 0.355075 0.667665 0.351533 0.643656 0.354496 0.667665 0.351533 0.667983 0.355075 0.691971 0.353048 0.691971 0.353048 0.69178 0.3495 0.667665 0.351533 0.69178 0.3495 0.691971 0.353048 0.716012 0.351997 0.716012 0.351997 0.715958 0.348448 0.69178 0.3495 0.715958 0.348448 0.716012 0.351997 0.740064 0.351951 0.740064 0.351951 0.740151 0.348404 0.715958 0.348448 0.740151 0.348404 0.740064 0.351951 0.764083 0.35292 0.764083 0.35292 0.764314 0.349381 0.740151 0.348404 0.764314 0.349381 0.764083 0.35292 0.788023 0.35491 0.788023 0.35491 0.788399 0.351382 0.764314 0.349381 0.788399 0.351382 0.788023 0.35491 0.811839 0.35792 0.811839 0.35792 0.812359 0.354409 0.788399 0.351382 0.812359 0.354409 0.811839 0.35792 0.835483 0.361945 0.835483 0.361945 0.836145 0.358455 0.812359 0.354409 0.836145 0.358455 0.835483 0.361945 0.858908 0.366973 0.858908 0.366973 0.859705 0.363508 0.836145 0.358455 0.859705 0.363508 0.858908 0.366973 0.882076 0.372969 0.882076 0.372969 0.882996 0.369535 0.859705 0.363508 0.883931 0.366022 0.882996 0.369535 0.906002 0.376471 0.906002 0.376471 0.907029 0.372998 0.883931 0.366022 0.907029 0.372998 0.906002 0.376471 0.928906 0.384195 0.928906 0.384195 0.929903 0.380776 0.907029 0.372998 0.929903 0.380776 0.928906 0.384195 0.953157 0.392287 0.953157 0.392287 0.953552 0.38861 0.929903 0.380776 0.570325 0.36372 0.570287 0.367453 0.595829 0.362789 0.595829 0.362789 0.595335 0.359248 0.570325 0.36372 0.595335 0.359248 0.595829 0.362789 0.619768 0.358294 0.619768 0.358294 0.619245 0.354709 0.595335 0.359248 0.619245 0.354709 0.619768 0.358294 0.643656 0.354496 0.643656 0.354496 0.643207 0.350888 0.619245 0.354709 0.643207 0.350888 0.643656 0.354496 0.667665 0.351533 0.667665 0.351533 0.667329 0.347914 0.643207 0.350888 0.667329 0.347914 0.667665 0.351533 0.69178 0.3495 0.69178 0.3495 0.691574 0.345875 0.667329 0.347914 0.691574 0.345875 0.69178 0.3495 0.715958 0.348448 0.715958 0.348448 0.715892 0.344821 0.691574 0.345875 0.715892 0.344821 0.715958 0.348448 0.740151 0.348404 0.740151 0.348404 0.74023 0.34478 0.715892 0.344821 0.74023 0.34478 0.740151 0.348404 0.764314 0.349381 0.764314 0.349381 0.76454 0.345763 0.74023 0.34478 0.76454 0.345763 0.764314 0.349381 0.788399 0.351382 0.788399 0.351382 0.788774 0.347777 0.76454 0.345763 0.788774 0.347777 0.788399 0.351382 0.812359 0.354409 0.812359 0.354409 0.812883 0.35082 0.788774 0.347777 0.812883 0.35082 0.812359 0.354409 0.836145 0.358455 0.836145 0.358455 0.836814 0.354887 0.812883 0.35082 0.836814 0.354887 0.836145 0.358455 0.859705 0.363508 0.859705 0.363508 0.860514 0.359965 0.836814 0.354887 0.860514 0.359965 0.859705 0.363508 0.882996 0.369535 0.882996 0.369535 0.883931 0.366022 0.860514 0.359965 0.88585 0.358518 0.883931 0.366022 0.907029 0.372998 0.907029 0.372998 0.909146 0.365571 0.88585 0.358518 0.909146 0.365571 0.907029 0.372998 0.929903 0.380776 0.929903 0.380776 0.931916 0.37342 0.909146 0.365571 0.931916 0.37342 0.929903 0.380776 0.953552 0.38861 0.953552 0.38861 0.953819 0.380935 0.931916 0.37342 0.570973 0.355844 0.570325 0.36372 0.595335 0.359248 0.595335 0.359248 0.594275 0.351575 0.570973 0.355844 0.594275 0.351575 0.595335 0.359248 0.619245 0.354709 0.619245 0.354709 0.618029 0.347059 0.594275 0.351575 0.618029 0.347059 0.619245 0.354709 0.643207 0.350888 0.643207 0.350888 0.642147 0.343204 0.618029 0.347059 0.642147 0.343204 0.643207 0.350888 0.667329 0.347914 0.667329 0.347914 0.666515 0.340208 0.642147 0.343204 0.666515 0.340208 0.667329 0.347914 0.691574 0.345875 0.691574 0.345875 0.691042 0.338157 0.666515 0.340208 0.691042 0.338157 0.691574 0.345875 0.715892 0.344821 0.715892 0.344821 0.715659 0.337099 0.691042 0.338157 0.715659 0.337099 0.715892 0.344821 0.74023 0.34478 0.74023 0.34478 0.740307 0.337061 0.715659 0.337099 0.740307 0.337061 0.74023 0.34478 0.76454 0.345763 0.76454 0.345763 0.764932 0.338056 0.740307 0.337061 0.764932 0.338056 0.76454 0.345763 0.788774 0.347777 0.788774 0.347777 0.789484 0.340091 0.764932 0.338056 0.789484 0.340091 0.788774 0.347777 0.812883 0.35082 0.812883 0.35082 0.81391 0.343164 0.789484 0.340091 0.81391 0.343164 0.812883 0.35082 0.836814 0.354887 0.836814 0.354887 0.838155 0.347272 0.81391 0.343164 0.838155 0.347272 0.836814 0.354887 0.860514 0.359965 0.860514 0.359965 0.862158 0.3524 0.838155 0.347272 0.862158 0.3524 0.860514 0.359965 0.883931 0.366022 0.883931 0.366022 0.88585 0.358518 0.862158 0.3524 0.893371 0.331654 0.88585 0.358518 0.909146 0.365571 0.909146 0.365571 0.91768 0.339067 0.893371 0.331654 0.91768 0.339067 0.909146 0.365571 0.931916 0.37342 0.931916 0.37342 0.941168 0.347486 0.91768 0.339067 0.941168 0.347486 0.931916 0.37342 0.953819 0.380935 0.953819 0.380935 0.963122 0.357239 0.941168 0.347486 0.565989 0.330562 0.570973 0.355844 0.594275 0.351575 0.594275 0.351575 0.588734 0.324468 0.565989 0.330562 0.588734 0.324468 0.594275 0.351575 0.618029 0.347059 0.618029 0.347059 0.613194 0.319558 0.588734 0.324468 0.613194 0.319558 0.618029 0.347059 0.642147 0.343204 0.642147 0.343204 0.638295 0.315532 0.613194 0.319558 0.638295 0.315532 0.642147 0.343204 0.666515 0.340208 0.666515 0.340208 0.663734 0.312447 0.638295 0.315532 0.663734 0.312447 0.666515 0.340208 0.691042 0.338157 0.691042 0.338157 0.689369 0.310355 0.663734 0.312447 0.689369 0.310355 0.691042 0.338157 0.715659 0.337099 0.715659 0.337099 0.715114 0.309293 0.689369 0.310355 0.715114 0.309293 0.715659 0.337099 0.740307 0.337061 0.740307 0.337061 0.740902 0.309282 0.715114 0.309293 0.740902 0.309282 0.740307 0.337061 0.764932 0.338056 0.764932 0.338056 0.766679 0.310336 0.740902 0.309282 0.766679 0.310336 0.764932 0.338056 0.789484 0.340091 0.789484 0.340091 0.79239 0.312462 0.766679 0.310336 0.79239 0.312462 0.789484 0.340091 0.81391 0.343164 0.81391 0.343164 0.817982 0.315661 0.79239 0.312462 0.817982 0.315661 0.81391 0.343164 0.838155 0.347272 0.838155 0.347272 0.843394 0.319932 0.817982 0.315661 0.843394 0.319932 0.838155 0.347272 0.862158 0.3524 0.862158 0.3524 0.868556 0.325268 0.843394 0.319932 0.868556 0.325268 0.862158 0.3524 0.88585 0.358518 0.88585 0.358518 0.893371 0.331654 0.868556 0.325268 0.894874 0.326489 0.893371 0.331654 0.91768 0.339067 0.91768 0.339067 0.919482 0.334006 0.894874 0.326489 0.919482 0.334006 0.91768 0.339067 0.941168 0.347486 0.941168 0.347486 0.943421 0.342637 0.919482 0.334006 0.943421 0.342637 0.941168 0.347486 0.963122 0.357239 0.963122 0.357239 0.966429 0.353193 0.943421 0.342637 0.563272 0.326196 0.565989 0.330562 0.588734 0.324468 0.588734 0.324468 0.58721 0.319383 0.563272 0.326196 0.58721 0.319383 0.588734 0.324468 0.613194 0.319558 0.613194 0.319558 0.612086 0.314305 0.58721 0.319383 0.612086 0.314305 0.613194 0.319558 0.638295 0.315532 0.638295 0.315532 0.63746 0.310216 0.612086 0.314305 0.63746 0.310216 0.638295 0.315532 0.663734 0.312447 0.663734 0.312447 0.66314 0.307102 0.63746 0.310216 0.66314 0.307102 0.663734 0.312447 0.689369 0.310355 0.689369 0.310355 0.689004 0.304997 0.66314 0.307102 0.689004 0.304997 0.689369 0.310355 0.715114 0.309293 0.715114 0.309293 0.714973 0.303931 0.689004 0.304997 0.714973 0.303931 0.715114 0.309293 0.740902 0.309282 0.740902 0.309282 0.740986 0.303923 0.714973 0.303931 0.740986 0.303923 0.740902 0.309282 0.766679 0.310336 0.766679 0.310336 0.766988 0.304987 0.740986 0.303923 0.766988 0.304987 0.766679 0.310336 0.79239 0.312462 0.79239 0.312462 0.792926 0.307129 0.766988 0.304987 0.792926 0.307129 0.79239 0.312462 0.817982 0.315661 0.817982 0.315661 0.818748 0.310353 0.792926 0.307129 0.818748 0.310353 0.817982 0.315661 0.843394 0.319932 0.843394 0.319932 0.844395 0.314657 0.818748 0.310353 0.844395 0.314657 0.843394 0.319932 0.868556 0.325268 0.868556 0.325268 0.8698 0.320038 0.844395 0.314657 0.8698 0.320038 0.868556 0.325268 0.893371 0.331654 0.893371 0.331654 0.894874 0.326489 0.8698 0.320038 0.896715 0.320299 0.894874 0.326489 0.919482 0.334006 0.919482 0.334006 0.921691 0.327958 0.896715 0.320299 0.921691 0.327958 0.919482 0.334006 0.943421 0.342637 0.943421 0.342637 0.946141 0.336879 0.921691 0.327958 0.946141 0.336879 0.943421 0.342637 0.966429 0.353193 0.966429 0.353193 0.970286 0.348063 0.946141 0.336879 0.560114 0.320706 0.563272 0.326196 0.58721 0.319383 0.58721 0.319383 0.58538 0.313329 0.560114 0.320706 0.58538 0.313329 0.58721 0.319383 0.612086 0.314305 0.612086 0.314305 0.610732 0.308012 0.58538 0.313329 0.610732 0.308012 0.612086 0.314305 0.63746 0.310216 0.63746 0.310216 0.636452 0.303835 0.610732 0.308012 0.636452 0.303835 0.63746 0.310216 0.66314 0.307102 0.66314 0.307102 0.66243 0.300681 0.636452 0.303835 0.66243 0.300681 0.66314 0.307102 0.689004 0.304997 0.689004 0.304997 0.688574 0.298557 0.66243 0.300681 0.688574 0.298557 0.689004 0.304997 0.714973 0.303931 0.714973 0.303931 0.714816 0.297485 0.688574 0.298557 0.714816 0.297485 0.714973 0.303931 0.740986 0.303923 0.740986 0.303923 0.741101 0.297481 0.714816 0.297485 0.741101 0.297481 0.740986 0.303923 0.766988 0.304987 0.766988 0.304987 0.767375 0.298558 0.741101 0.297481 0.767375 0.298558 0.766988 0.304987 0.792926 0.307129 0.792926 0.307129 0.793587 0.300721 0.767375 0.298558 0.793587 0.300721 0.792926 0.307129 0.818748 0.310353 0.818748 0.310353 0.819687 0.303976 0.793587 0.300721 0.819687 0.303976 0.818748 0.310353 0.844395 0.314657 0.844395 0.314657 0.845619 0.308322 0.819687 0.303976 0.845619 0.308322 0.844395 0.314657 0.8698 0.320038 0.8698 0.320038 0.871321 0.313761 0.845619 0.308322 0.871321 0.313761 0.8698 0.320038 0.894874 0.326489 0.894874 0.326489 0.896715 0.320299 0.871321 0.313761 0.89805 0.315905 0.896715 0.320299 0.921691 0.327958 0.921691 0.327958 0.92329 0.323674 0.89805 0.315905 0.92329 0.323674 0.921691 0.327958 0.946141 0.336879 0.946141 0.336879 0.948047 0.332799 0.92329 0.323674 0.948047 0.332799 0.946141 0.336879 0.970286 0.348063 0.970286 0.348063 0.972762 0.34421 0.948047 0.332799 0.558154 0.316607 0.560114 0.320706 0.58538 0.313329 0.58538 0.313329 0.584116 0.309019 0.558154 0.316607 0.584116 0.309019 0.58538 0.313329 0.610732 0.308012 0.610732 0.308012 0.609773 0.303536 0.584116 0.309019 0.609773 0.303536 0.610732 0.308012 0.636452 0.303835 0.636452 0.303835 0.635743 0.299294 0.609773 0.303536 0.635743 0.299294 0.636452 0.303835 0.66243 0.300681 0.66243 0.300681 0.661939 0.296109 0.635743 0.299294 0.661939 0.296109 0.66243 0.300681 0.688574 0.298557 0.688574 0.298557 0.688285 0.293972 0.661939 0.296109 0.688285 0.293972 0.688574 0.298557 0.714816 0.297485 0.714816 0.297485 0.714723 0.292896 0.688285 0.293972 0.714723 0.292896 0.714816 0.297485 0.741101 0.297481 0.741101 0.297481 0.741201 0.292896 0.714723 0.292896 0.741201 0.292896 0.741101 0.297481 0.767375 0.298558 0.767375 0.298558 0.767669 0.293982 0.741201 0.292896 0.767669 0.293982 0.767375 0.298558 0.793587 0.300721 0.793587 0.300721 0.794078 0.296161 0.767669 0.293982 0.794078 0.296161 0.793587 0.300721 0.819687 0.303976 0.819687 0.303976 0.820376 0.299439 0.794078 0.296161 0.820376 0.299439 0.819687 0.303976 0.845619 0.308322 0.845619 0.308322 0.846512 0.303817 0.820376 0.299439 0.846512 0.303817 0.845619 0.308322 0.871321 0.313761 0.871321 0.313761 0.872427 0.309301 0.846512 0.303817 0.872427 0.309301 0.871321 0.313761 0.896715 0.320299 0.896715 0.320299 0.89805 0.315905 0.872427 0.309301 0.899253 0.311984 0.89805 0.315905 0.92329 0.323674 0.92329 0.323674 0.924727 0.319854 0.899253 0.311984 0.924727 0.319854 0.92329 0.323674 0.948047 0.332799 0.948047 0.332799 0.949722 0.329156 0.924727 0.319854 0.949722 0.329156 0.948047 0.332799 0.972762 0.34421 0.972762 0.34421 0.974337 0.340474 0.949722 0.329156 0.55707 0.312703 0.558154 0.316607 0.584116 0.309019 0.584116 0.309019 0.583001 0.305153 0.55707 0.312703 0.583001 0.305153 0.584116 0.309019 0.609773 0.303536 0.609773 0.303536 0.608907 0.29954 0.583001 0.305153 0.608907 0.29954 0.609773 0.303536 0.635743 0.299294 0.635743 0.299294 0.635106 0.295237 0.608907 0.29954 0.635106 0.295237 0.635743 0.299294 0.661939 0.296109 0.661939 0.296109 0.661499 0.292024 0.635106 0.295237 0.661499 0.292024 0.661939 0.296109 0.688285 0.293972 0.688285 0.293972 0.688028 0.289874 0.661499 0.292024 0.688028 0.289874 0.688285 0.293972 0.714723 0.292896 0.714723 0.292896 0.714642 0.288794 0.688028 0.289874 0.714642 0.288794 0.714723 0.292896 0.741201 0.292896 0.741201 0.292896 0.741295 0.288796 0.714642 0.288794 0.741295 0.288796 0.741201 0.292896 0.767669 0.293982 0.767669 0.293982 0.767937 0.289891 0.741295 0.288796 0.767937 0.289891 0.767669 0.293982 0.794078 0.296161 0.794078 0.296161 0.794521 0.292085 0.767937 0.289891 0.794521 0.292085 0.794078 0.296161 0.820376 0.299439 0.820376 0.299439 0.820997 0.295384 0.794521 0.292085 0.820997 0.295384 0.820376 0.299439 0.846512 0.303817 0.846512 0.303817 0.847316 0.299792 0.820997 0.295384 0.847316 0.299792 0.846512 0.303817 0.872427 0.309301 0.872427 0.309301 0.873422 0.305318 0.847316 0.299792 0.873422 0.305318 0.872427 0.309301 0.89805 0.315905 0.89805 0.315905 0.899253 0.311984 0.873422 0.305318 0.901094 0.305847 0.899253 0.311984 0.924727 0.319854 0.924727 0.319854 0.926935 0.313877 0.901094 0.305847 0.926935 0.313877 0.924727 0.319854 0.949722 0.329156 0.949722 0.329156 0.952286 0.323413 0.926935 0.313877 0.952286 0.323413 0.949722 0.329156 0.974337 0.340474 0.974337 0.340474 0.97616 0.33446 0.952286 0.323413 0.556062 0.306411 0.55707 0.312703 0.583001 0.305153 0.583001 0.305153 0.581191 0.299049 0.556062 0.306411 0.581191 0.299049 0.583001 0.305153 0.608907 0.29954 0.608907 0.29954 0.607485 0.293313 0.581191 0.299049 0.607485 0.293313 0.608907 0.29954 0.635106 0.295237 0.635106 0.295237 0.634046 0.288908 0.607485 0.293313 0.634046 0.288908 0.635106 0.295237 0.661499 0.292024 0.661499 0.292024 0.660753 0.285643 0.634046 0.288908 0.660753 0.285643 0.661499 0.292024 0.688028 0.289874 0.688028 0.289874 0.687571 0.283469 0.660753 0.285643 0.687571 0.283469 0.688028 0.289874 0.714642 0.288794 0.714642 0.288794 0.714463 0.28238 0.687571 0.283469 0.714463 0.28238 0.714642 0.288794 0.741295 0.288796 0.741295 0.288796 0.74139 0.282385 0.714463 0.28238 0.74139 0.282385 0.741295 0.288796 0.767937 0.289891 0.767937 0.289891 0.768306 0.283492 0.74139 0.282385 0.768306 0.283492 0.767937 0.289891 0.794521 0.292085 0.794521 0.292085 0.795165 0.285708 0.768306 0.283492 0.795165 0.285708 0.794521 0.292085 0.820997 0.295384 0.820997 0.295384 0.821922 0.289039 0.795165 0.285708 0.821922 0.289039 0.820997 0.295384 0.847316 0.299792 0.847316 0.299792 0.848528 0.293492 0.821922 0.289039 0.848528 0.293492 0.847316 0.299792 0.873422 0.305318 0.873422 0.305318 0.874937 0.299082 0.848528 0.293492 0.874937 0.299082 0.873422 0.305318 0.899253 0.311984 0.899253 0.311984 0.901094 0.305847 0.874937 0.299082 0.901593 0.304233 0.901094 0.305847 0.926935 0.313877 0.926935 0.313877 0.927531 0.312305 0.901593 0.304233 0.927531 0.312305 0.926935 0.313877 0.952286 0.323413 0.952286 0.323413 0.952997 0.321887 0.927531 0.312305 0.952997 0.321887 0.952286 0.323413 0.97616 0.33446 0.97616 0.33446 0.976906 0.333007 0.952997 0.321887 0.555532 0.304877 0.556062 0.306411 0.581191 0.299049 0.581191 0.299049 0.580706 0.297434 0.555532 0.304877 0.580706 0.297434 0.581191 0.299049 0.607485 0.293313 0.607485 0.293313 0.607119 0.291669 0.580706 0.297434 0.607119 0.291669 0.607485 0.293313 0.634046 0.288908 0.634046 0.288908 0.633776 0.287238 0.607119 0.291669 0.633776 0.287238 0.634046 0.288908 0.660753 0.285643 0.660753 0.285643 0.660567 0.28396 0.633776 0.287238 0.660567 0.28396 0.660753 0.285643 0.687571 0.283469 0.687571 0.283469 0.687462 0.28178 0.660567 0.28396 0.687462 0.28178 0.687571 0.283469 0.714463 0.28238 0.714463 0.28238 0.714428 0.280689 0.687462 0.28178 0.714428 0.280689 0.714463 0.28238 0.74139 0.282385 0.74139 0.282385 0.741427 0.280695 0.714428 0.280689 0.741427 0.280695 0.74139 0.282385 0.768306 0.283492 0.768306 0.283492 0.768415 0.281805 0.741427 0.280695 0.768415 0.281805 0.768306 0.283492 0.795165 0.285708 0.795165 0.285708 0.795347 0.284027 0.768415 0.281805 0.795347 0.284027 0.795165 0.285708 0.821922 0.289039 0.821922 0.289039 0.822177 0.287367 0.795347 0.284027 0.822177 0.287367 0.821922 0.289039 0.848528 0.293492 0.848528 0.293492 0.84886 0.291833 0.822177 0.287367 0.84886 0.291833 0.848528 0.293492 0.874937 0.299082 0.874937 0.299082 0.875349 0.297441 0.84886 0.291833 0.875349 0.297441 0.874937 0.299082 0.901094 0.305847 0.901094 0.305847 0.901593 0.304233 0.875349 0.297441 0.904373 0.294806 0.901593 0.304233 0.927531 0.312305 0.927531 0.312305 0.930884 0.303102 0.904373 0.294806 0.930884 0.303102 0.927531 0.312305 0.952997 0.321887 0.952997 0.321887 0.957143 0.312954 0.930884 0.303102 0.957143 0.312954 0.952997 0.321887 0.976906 0.333007 0.976906 0.333007 0.983209 0.325132 0.957143 0.312954 0.550554 0.296474 0.555532 0.304877 0.580706 0.297434 0.580706 0.297434 0.577671 0.288178 0.550554 0.296474 0.577671 0.288178 0.580706 0.297434 0.607119 0.291669 0.607119 0.291669 0.604881 0.282138 0.577671 0.288178 0.604881 0.282138 0.607119 0.291669 0.633776 0.287238 0.633776 0.287238 0.632096 0.277552 0.604881 0.282138 0.632096 0.277552 0.633776 0.287238 0.660567 0.28396 0.660567 0.28396 0.659364 0.274191 0.632096 0.277552 0.659364 0.274191 0.660567 0.28396 0.687462 0.28178 0.687462 0.28178 0.686704 0.271969 0.659364 0.274191 0.686704 0.271969 0.687462 0.28178 0.714428 0.280689 0.714428 0.280689 0.714099 0.27086 0.686704 0.271969 0.714099 0.27086 0.714428 0.280689 0.741427 0.280695 0.741427 0.280695 0.74152 0.270865 0.714099 0.27086 0.74152 0.270865 0.741427 0.280695 0.768415 0.281805 0.768415 0.281805 0.768929 0.27199 0.74152 0.270865 0.768929 0.27199 0.768415 0.281805 0.795347 0.284027 0.795347 0.284027 0.796284 0.274243 0.768929 0.27199 0.796284 0.274243 0.795347 0.284027 0.822177 0.287367 0.822177 0.287367 0.823545 0.27763 0.796284 0.274243 0.823545 0.27763 0.822177 0.287367 0.84886 0.291833 0.84886 0.291833 0.850672 0.282163 0.823545 0.27763 0.850672 0.282163 0.84886 0.291833 0.875349 0.297441 0.875349 0.297441 0.877626 0.287869 0.850672 0.282163 0.877626 0.287869 0.875349 0.297441 0.901593 0.304233 0.901593 0.304233 0.904373 0.294806 0.877626 0.287869 0.906508 0.287782 0.904373 0.294806 0.930884 0.303102 0.930884 0.303102 0.933424 0.296243 0.906508 0.287782 0.933424 0.296243 0.930884 0.303102 0.957143 0.312954 0.957143 0.312954 0.960196 0.306361 0.933424 0.296243 0.960196 0.306361 0.957143 0.312954 0.983209 0.325132 0.983209 0.325132 0.987345 0.318836 0.960196 0.306361 0.547298 0.289776 0.550554 0.296474 0.577671 0.288178 0.577671 0.288178 0.575544 0.281244 0.547298 0.289776 0.575544 0.281244 0.577671 0.288178 0.604881 0.282138 0.604881 0.282138 0.603297 0.274997 0.575544 0.281244 0.603297 0.274997 0.604881 0.282138 0.632096 0.277552 0.632096 0.277552 0.630912 0.270304 0.603297 0.274997 0.630912 0.270304 0.632096 0.277552 0.659364 0.274191 0.659364 0.274191 0.658535 0.266885 0.630912 0.270304 0.658535 0.266885 0.659364 0.274191 0.686704 0.271969 0.686704 0.271969 0.686206 0.264632 0.658535 0.266885 0.686206 0.264632 0.686704 0.271969 0.714099 0.27086 0.714099 0.27086 0.713923 0.263511 0.686206 0.264632 0.713923 0.263511 0.714099 0.27086 0.74152 0.270865 0.74152 0.270865 0.74166 0.263518 0.713923 0.263511 0.74166 0.263518 0.74152 0.270865 0.768929 0.27199 0.768929 0.27199 0.769384 0.264657 0.74166 0.263518 0.769384 0.264657 0.768929 0.27199 0.796284 0.274243 0.796284 0.274243 0.797056 0.266936 0.769384 0.264657 0.797056 0.266936 0.796284 0.274243 0.823545 0.27763 0.823545 0.27763 0.824638 0.270363 0.797056 0.266936 0.824638 0.270363 0.823545 0.27763 0.850672 0.282163 0.850672 0.282163 0.852095 0.274951 0.824638 0.270363 0.852095 0.274951 0.850672 0.282163 0.877626 0.287869 0.877626 0.287869 0.879393 0.280733 0.852095 0.274951 0.879393 0.280733 0.877626 0.287869 0.904373 0.294806 0.904373 0.294806 0.906508 0.287782 0.879393 0.280733 0.911775 0.270494 0.906508 0.287782 0.933424 0.296243 0.933424 0.296243 0.939622 0.279337 0.911775 0.270494 0.939622 0.279337 0.933424 0.296243 0.960196 0.306361 0.960196 0.306361 0.967304 0.289997 0.939622 0.279337 0.967304 0.289997 0.960196 0.306361 0.987345 0.318836 0.987345 0.318836 0.994973 0.302132 0.967304 0.289997 0.541578 0.272285 0.547298 0.289776 0.575544 0.281244 0.575544 0.281244 0.570881 0.263953 0.541578 0.272285 0.570881 0.263953 0.575544 0.281244 0.603297 0.274997 0.603297 0.274997 0.599544 0.257375 0.570881 0.263953 0.599544 0.257375 0.603297 0.274997 0.630912 0.270304 0.630912 0.270304 0.628059 0.252456 0.599544 0.257375 0.628059 0.252456 0.630912 0.270304 0.658535 0.266885 0.658535 0.266885 0.656536 0.2489039 0.628059 0.252456 0.656536 0.2489039 0.658535 0.266885 0.686206 0.264632 0.686206 0.264632 0.685023 0.246577 0.656536 0.2489039 0.685023 0.246577 0.686206 0.264632 0.713923 0.263511 0.713923 0.263511 0.713532 0.2454249 0.685023 0.246577 0.713532 0.2454249 0.713923 0.263511 0.74166 0.263518 0.74166 0.263518 0.74205 0.2454349 0.713532 0.2454249 0.74205 0.2454349 0.74166 0.263518 0.769384 0.264657 0.769384 0.264657 0.770551 0.2466089 0.74205 0.2454349 0.770551 0.2466089 0.769384 0.264657 0.797056 0.266936 0.797056 0.266936 0.799001 0.2489539 0.770551 0.2466089 0.799001 0.2489539 0.797056 0.266936 0.824638 0.270363 0.824638 0.270363 0.827371 0.252481 0.799001 0.2489539 0.827371 0.252481 0.824638 0.270363 0.852095 0.274951 0.852095 0.274951 0.855635 0.257209 0.827371 0.252481 0.855635 0.257209 0.852095 0.274951 0.879393 0.280733 0.879393 0.280733 0.883774 0.263181 0.855635 0.257209 0.883774 0.263181 0.879393 0.280733 0.906508 0.287782 0.906508 0.287782 0.911775 0.270494 0.883774 0.263181 0.913138 0.265934 0.911775 0.270494 0.939622 0.279337 0.939622 0.279337 0.941219 0.274861 0.913138 0.265934 0.941219 0.274861 0.939622 0.279337 0.967304 0.289997 0.967304 0.289997 0.969072 0.2856 0.941219 0.274861 0.969072 0.2856 0.967304 0.289997 0.994973 0.302132 0.994973 0.302132 0.996538 0.2976 0.969072 0.2856 0.540624 0.26756 0.541578 0.272285 0.570881 0.263953 0.570881 0.263953 0.569709 0.259346 0.540624 0.26756 0.569709 0.259346 0.570881 0.263953 0.599544 0.257375 0.599544 0.257375 0.598561 0.252721 0.569709 0.259346 0.598561 0.252721 0.599544 0.257375 0.628059 0.252456 0.628059 0.252456 0.627303 0.247756 0.598561 0.252721 0.627303 0.247756 0.628059 0.252456 0.656536 0.2489039 0.656536 0.2489039 0.656 0.2441719 0.627303 0.247756 0.656 0.2441719 0.656536 0.2489039 0.685023 0.246577 0.685023 0.246577 0.684701 0.2418259 0.656 0.2441719 0.684701 0.2418259 0.685023 0.246577 0.713532 0.2454249 0.713532 0.2454249 0.713418 0.240664 0.684701 0.2418259 0.713418 0.240664 0.713532 0.2454249 0.74205 0.2454349 0.74205 0.2454349 0.742141 0.240674 0.713418 0.240664 0.742141 0.240674 0.74205 0.2454349 0.770551 0.2466089 0.770551 0.2466089 0.770845 0.2418559 0.742141 0.240674 0.770845 0.2418559 0.770551 0.2466089 0.799001 0.2489539 0.799001 0.2489539 0.7995 0.244219 0.770845 0.2418559 0.7995 0.244219 0.799001 0.2489539 0.827371 0.252481 0.827371 0.252481 0.828076 0.2477719 0.7995 0.244219 0.828076 0.2477719 0.827371 0.252481 0.855635 0.257209 0.855635 0.257209 0.85655 0.252536 0.828076 0.2477719 0.85655 0.252536 0.855635 0.257209 0.883774 0.263181 0.883774 0.263181 0.884907 0.258557 0.85655 0.252536 0.884907 0.258557 0.883774 0.263181 0.911775 0.270494 0.911775 0.270494 0.913138 0.265934 0.884907 0.258557</float_array>
          <technique_common>
            <accessor source="#defaultMaterial_001-mesh-map-0-array" count="1632" stride="2">
              <param name="S" type="float"/>
              <param name="T" type="float"/>
            </accessor>
          </technique_common>
        </source>
        <vertices id="defaultMaterial_001-mesh-vertices">
          <input semantic="POSITION" source="#defaultMaterial_001-mesh-positions"/>
        </vertices>
        <triangles material="_001-material" count="544">
          <input semantic="VERTEX" source="#defaultMaterial_001-mesh-vertices" offset="0"/>
          <input semantic="NORMAL" source="#defaultMaterial_001-mesh-normals" offset="1"/>
          <input semantic="TEXCOORD" source="#defaultMaterial_001-mesh-map-0" offset="2" set="0"/>
          <p>0 0 0 1 1 1 2 2 2 2 2 3 3 3 4 0 0 5 4 4 6 5 5 7 1 1 8 1 1 9 0 0 10 4 4 11 6 6 12 7 7 13 5 5 14 5 5 15 4 4 16 6 6 17 8 8 18 9 9 19 7 7 20 7 7 21 6 6 22 8 8 23 10 10 24 11 11 25 9 9 26 9 9 27 8 8 28 10 10 29 12 12 30 13 13 31 11 11 32 11 11 33 10 10 34 12 12 35 14 14 36 15 15 37 16 16 38 16 16 39 17 17 40 14 14 41 18 18 42 19 19 43 15 15 44 15 15 45 14 14 46 18 18 47 20 20 48 21 21 49 19 19 50 19 19 51 18 18 52 20 20 53 22 22 54 23 23 55 21 21 56 21 21 57 20 20 58 22 22 59 24 24 60 25 25 61 23 23 62 23 23 63 22 22 64 24 24 65 26 26 66 27 27 67 25 25 68 25 25 69 24 24 70 26 26 71 28 28 72 29 29 73 27 27 74 27 27 75 26 26 76 28 28 77 30 30 78 31 31 79 29 29 80 29 29 81 28 28 82 30 30 83 32 32 84 33 33 85 31 31 86 31 31 87 30 30 88 32 32 89 3 3 90 2 2 91 33 33 92 33 33 93 32 32 94 3 3 95 34 34 96 20 20 97 18 18 98 18 18 99 35 35 100 34 34 101 35 35 102 18 18 103 14 14 104 14 14 105 36 36 106 35 35 107 36 36 108 14 14 109 17 17 110 17 17 111 37 37 112 36 36 113 38 38 114 12 12 115 10 10 116 10 10 117 39 39 118 38 38 119 39 39 120 10 10 121 8 8 122 8 8 123 40 40 124 39 39 125 40 40 126 8 8 127 6 6 128 6 6 129 41 41 130 40 40 131 41 41 132 6 6 133 4 4 134 4 4 135 42 42 136 41 41 137 42 42 138 4 4 139 0 0 140 0 0 141 43 43 142 42 42 143 43 43 144 0 0 145 3 3 146 3 3 147 44 44 148 43 43 149 44 44 150 3 3 151 32 32 152 32 32 153 45 45 154 44 44 155 45 45 156 32 32 157 30 30 158 30 30 159 46 46 160 45 45 161 46 46 162 30 30 163 28 28 164 28 28 165 47 47 166 46 46 167 47 47 168 28 28 169 26 26 170 26 26 171 48 48 172 47 47 173 48 48 174 26 26 175 24 24 176 24 24 177 49 49 178 48 48 179 49 49 180 24 24 181 22 22 182 22 22 183 50 50 184 49 49 185 50 50 186 22 22 187 20 20 188 20 20 189 34 34 190 50 50 191 51 51 192 34 34 193 35 35 194 35 35 195 52 52 196 51 51 197 52 52 198 35 35 199 36 36 200 36 36 201 53 53 202 52 52 203 53 53 204 36 36 205 37 37 206 37 37 207 54 54 208 53 53 209 55 55 210 38 38 211 39 39 212 39 39 213 56 56 214 55 55 215 56 56 216 39 39 217 40 40 218 40 40 219 57 57 220 56 56 221 57 57 222 40 40 223 41 41 224 41 41 225 58 58 226 57 57 227 58 58 228 41 41 229 42 42 230 42 42 231 59 59 232 58 58 233 59 59 234 42 42 235 43 43 236 43 43 237 60 60 238 59 59 239 60 60 240 43 43 241 44 44 242 44 44 243 61 61 244 60 60 245 61 61 246 44 44 247 45 45 248 45 45 249 62 62 250 61 61 251 62 62 252 45 45 253 46 46 254 46 46 255 63 63 256 62 62 257 63 63 258 46 46 259 47 47 260 47 47 261 64 64 262 63 63 263 64 64 264 47 47 265 48 48 266 48 48 267 65 65 268 64 64 269 65 65 270 48 48 271 49 49 272 49 49 273 66 66 274 65 65 275 66 66 276 49 49 277 50 50 278 50 50 279 67 67 280 66 66 281 67 67 282 50 50 283 34 34 284 34 34 285 51 51 286 67 67 287 68 68 288 51 51 289 52 52 290 52 52 291 69 69 292 68 68 293 69 69 294 52 52 295 53 53 296 53 53 297 70 70 298 69 69 299 70 70 300 53 53 301 54 54 302 54 54 303 71 71 304 70 70 305 72 72 306 55 55 307 56 56 308 56 56 309 73 73 310 72 72 311 73 73 312 56 56 313 57 57 314 57 57 315 74 74 316 73 73 317 74 74 318 57 57 319 58 58 320 58 58 321 75 75 322 74 74 323 75 75 324 58 58 325 59 59 326 59 59 327 76 76 328 75 75 329 76 76 330 59 59 331 60 60 332 60 60 333 77 77 334 76 76 335 77 77 336 60 60 337 61 61 338 61 61 339 78 78 340 77 77 341 78 78 342 61 61 343 62 62 344 62 62 345 79 79 346 78 78 347 79 79 348 62 62 349 63 63 350 63 63 351 80 80 352 79 79 353 80 80 354 63 63 355 64 64 356 64 64 357 81 81 358 80 80 359 81 81 360 64 64 361 65 65 362 65 65 363 82 82 364 81 81 365 82 82 366 65 65 367 66 66 368 66 66 369 83 83 370 82 82 371 83 83 372 66 66 373 67 67 374 67 67 375 84 84 376 83 83 377 84 84 378 67 67 379 51 51 380 51 51 381 68 68 382 84 84 383 85 85 384 68 68 385 69 69 386 69 69 387 86 86 388 85 85 389 86 86 390 69 69 391 70 70 392 70 70 393 87 87 394 86 86 395 87 87 396 70 70 397 71 71 398 71 71 399 88 88 400 87 87 401 89 89 402 72 72 403 73 73 404 73 73 405 90 90 406 89 89 407 90 90 408 73 73 409 74 74 410 74 74 411 91 91 412 90 90 413 91 91 414 74 74 415 75 75 416 75 75 417 92 92 418 91 91 419 92 92 420 75 75 421 76 76 422 76 76 423 93 93 424 92 92 425 93 93 426 76 76 427 77 77 428 77 77 429 94 94 430 93 93 431 94 94 432 77 77 433 78 78 434 78 78 435 95 95 436 94 94 437 95 95 438 78 78 439 79 79 440 79 79 441 96 96 442 95 95 443 96 96 444 79 79 445 80 80 446 80 80 447 97 97 448 96 96 449 97 97 450 80 80 451 81 81 452 81 81 453 98 98 454 97 97 455 98 98 456 81 81 457 82 82 458 82 82 459 99 99 460 98 98 461 99 99 462 82 82 463 83 83 464 83 83 465 100 100 466 99 99 467 100 100 468 83 83 469 84 84 470 84 84 471 101 101 472 100 100 473 101 101 474 84 84 475 68 68 476 68 68 477 85 85 478 101 101 479 102 102 480 85 85 481 86 86 482 86 86 483 103 103 484 102 102 485 103 103 486 86 86 487 87 87 488 87 87 489 104 104 490 103 103 491 104 104 492 87 87 493 88 88 494 88 88 495 105 105 496 104 104 497 106 106 498 89 89 499 90 90 500 90 90 501 107 107 502 106 106 503 107 107 504 90 90 505 91 91 506 91 91 507 108 108 508 107 107 509 108 108 510 91 91 511 92 92 512 92 92 513 109 109 514 108 108 515 109 109 516 92 92 517 93 93 518 93 93 519 110 110 520 109 109 521 110 110 522 93 93 523 94 94 524 94 94 525 111 111 526 110 110 527 111 111 528 94 94 529 95 95 530 95 95 531 112 112 532 111 111 533 112 112 534 95 95 535 96 96 536 96 96 537 113 113 538 112 112 539 113 113 540 96 96 541 97 97 542 97 97 543 114 114 544 113 113 545 114 114 546 97 97 547 98 98 548 98 98 549 115 115 550 114 114 551 115 115 552 98 98 553 99 99 554 99 99 555 116 116 556 115 115 557 116 116 558 99 99 559 100 100 560 100 100 561 117 117 562 116 116 563 117 117 564 100 100 565 101 101 566 101 101 567 118 118 568 117 117 569 118 118 570 101 101 571 85 85 572 85 85 573 102 102 574 118 118 575 119 119 576 102 102 577 103 103 578 103 103 579 120 120 580 119 119 581 120 120 582 103 103 583 104 104 584 104 104 585 121 121 586 120 120 587 121 121 588 104 104 589 105 105 590 105 105 591 122 122 592 121 121 593 123 123 594 106 106 595 107 107 596 107 107 597 124 124 598 123 123 599 124 124 600 107 107 601 108 108 602 108 108 603 125 125 604 124 124 605 125 125 606 108 108 607 109 109 608 109 109 609 126 126 610 125 125 611 126 126 612 109 109 613 110 110 614 110 110 615 127 127 616 126 126 617 127 127 618 110 110 619 111 111 620 111 111 621 128 128 622 127 127 623 128 128 624 111 111 625 112 112 626 112 112 627 129 129 628 128 128 629 129 129 630 112 112 631 113 113 632 113 113 633 130 130 634 129 129 635 130 130 636 113 113 637 114 114 638 114 114 639 131 131 640 130 130 641 131 131 642 114 114 643 115 115 644 115 115 645 132 132 646 131 131 647 132 132 648 115 115 649 116 116 650 116 116 651 133 133 652 132 132 653 133 133 654 116 116 655 117 117 656 117 117 657 134 134 658 133 133 659 134 134 660 117 117 661 118 118 662 118 118 663 135 135 664 134 134 665 135 135 666 118 118 667 102 102 668 102 102 669 119 119 670 135 135 671 136 136 672 119 119 673 120 120 674 120 120 675 137 137 676 136 136 677 137 137 678 120 120 679 121 121 680 121 121 681 138 138 682 137 137 683 138 138 684 121 121 685 122 122 686 122 122 687 139 139 688 138 138 689 140 140 690 123 123 691 124 124 692 124 124 693 141 141 694 140 140 695 141 141 696 124 124 697 125 125 698 125 125 699 142 142 700 141 141 701 142 142 702 125 125 703 126 126 704 126 126 705 143 143 706 142 142 707 143 143 708 126 126 709 127 127 710 127 127 711 144 144 712 143 143 713 144 144 714 127 127 715 128 128 716 128 128 717 145 145 718 144 144 719 145 145 720 128 128 721 129 129 722 129 129 723 146 146 724 145 145 725 146 146 726 129 129 727 130 130 728 130 130 729 147 147 730 146 146 731 147 147 732 130 130 733 131 131 734 131 131 735 148 148 736 147 147 737 148 148 738 131 131 739 132 132 740 132 132 741 149 149 742 148 148 743 149 149 744 132 132 745 133 133 746 133 133 747 150 150 748 149 149 749 150 150 750 133 133 751 134 134 752 134 134 753 151 151 754 150 150 755 151 151 756 134 134 757 135 135 758 135 135 759 152 152 760 151 151 761 152 152 762 135 135 763 119 119 764 119 119 765 136 136 766 152 152 767 153 153 768 136 136 769 137 137 770 137 137 771 154 154 772 153 153 773 154 154 774 137 137 775 138 138 776 138 138 777 155 155 778 154 154 779 155 155 780 138 138 781 139 139 782 139 139 783 156 156 784 155 155 785 157 157 786 140 140 787 141 141 788 141 141 789 158 158 790 157 157 791 158 158 792 141 141 793 142 142 794 142 142 795 159 159 796 158 158 797 159 159 798 142 142 799 143 143 800 143 143 801 160 160 802 159 159 803 160 160 804 143 143 805 144 144 806 144 144 807 161 161 808 160 160 809 161 161 810 144 144 811 145 145 812 145 145 813 162 162 814 161 161 815 162 162 816 145 145 817 146 146 818 146 146 819 163 163 820 162 162 821 163 163 822 146 146 823 147 147 824 147 147 825 164 164 826 163 163 827 164 164 828 147 147 829 148 148 830 148 148 831 165 165 832 164 164 833 165 165 834 148 148 835 149 149 836 149 149 837 166 166 838 165 165 839 166 166 840 149 149 841 150 150 842 150 150 843 167 167 844 166 166 845 167 167 846 150 150 847 151 151 848 151 151 849 168 168 850 167 167 851 168 168 852 151 151 853 152 152 854 152 152 855 169 169 856 168 168 857 169 169 858 152 152 859 136 136 860 136 136 861 153 153 862 169 169 863 170 170 864 153 153 865 154 154 866 154 154 867 171 171 868 170 170 869 171 171 870 154 154 871 155 155 872 155 155 873 172 172 874 171 171 875 172 172 876 155 155 877 156 156 878 156 156 879 173 173 880 172 172 881 174 174 882 157 157 883 158 158 884 158 158 885 175 175 886 174 174 887 175 175 888 158 158 889 159 159 890 159 159 891 176 176 892 175 175 893 176 176 894 159 159 895 160 160 896 160 160 897 177 177 898 176 176 899 177 177 900 160 160 901 161 161 902 161 161 903 178 178 904 177 177 905 178 178 906 161 161 907 162 162 908 162 162 909 179 179 910 178 178 911 179 179 912 162 162 913 163 163 914 163 163 915 180 180 916 179 179 917 180 180 918 163 163 919 164 164 920 164 164 921 181 181 922 180 180 923 181 181 924 164 164 925 165 165 926 165 165 927 182 182 928 181 181 929 182 182 930 165 165 931 166 166 932 166 166 933 183 183 934 182 182 935 183 183 936 166 166 937 167 167 938 167 167 939 184 184 940 183 183 941 184 184 942 167 167 943 168 168 944 168 168 945 185 185 946 184 184 947 185 185 948 168 168 949 169 169 950 169 169 951 186 186 952 185 185 953 186 186 954 169 169 955 153 153 956 153 153 957 170 170 958 186 186 959 187 187 960 170 170 961 171 171 962 171 171 963 188 188 964 187 187 965 188 188 966 171 171 967 172 172 968 172 172 969 189 189 970 188 188 971 189 189 972 172 172 973 173 173 974 173 173 975 190 190 976 189 189 977 191 191 978 174 174 979 175 175 980 175 175 981 192 192 982 191 191 983 192 192 984 175 175 985 176 176 986 176 176 987 193 193 988 192 192 989 193 193 990 176 176 991 177 177 992 177 177 993 194 194 994 193 193 995 194 194 996 177 177 997 178 178 998 178 178 999 195 195 1000 194 194 1001 195 195 1002 178 178 1003 179 179 1004 179 179 1005 196 196 1006 195 195 1007 196 196 1008 179 179 1009 180 180 1010 180 180 1011 197 197 1012 196 196 1013 197 197 1014 180 180 1015 181 181 1016 181 181 1017 198 198 1018 197 197 1019 198 198 1020 181 181 1021 182 182 1022 182 182 1023 199 199 1024 198 198 1025 199 199 1026 182 182 1027 183 183 1028 183 183 1029 200 200 1030 199 199 1031 200 200 1032 183 183 1033 184 184 1034 184 184 1035 201 201 1036 200 200 1037 201 201 1038 184 184 1039 185 185 1040 185 185 1041 202 202 1042 201 201 1043 202 202 1044 185 185 1045 186 186 1046 186 186 1047 203 203 1048 202 202 1049 203 203 1050 186 186 1051 170 170 1052 170 170 1053 187 187 1054 203 203 1055 204 204 1056 187 187 1057 188 188 1058 188 188 1059 205 205 1060 204 204 1061 205 205 1062 188 188 1063 189 189 1064 189 189 1065 206 206 1066 205 205 1067 206 206 1068 189 189 1069 190 190 1070 190 190 1071 207 207 1072 206 206 1073 208 208 1074 191 191 1075 192 192 1076 192 192 1077 209 209 1078 208 208 1079 209 209 1080 192 192 1081 193 193 1082 193 193 1083 210 210 1084 209 209 1085 210 210 1086 193 193 1087 194 194 1088 194 194 1089 211 211 1090 210 210 1091 211 211 1092 194 194 1093 195 195 1094 195 195 1095 212 212 1096 211 211 1097 212 212 1098 195 195 1099 196 196 1100 196 196 1101 213 213 1102 212 212 1103 213 213 1104 196 196 1105 197 197 1106 197 197 1107 214 214 1108 213 213 1109 214 214 1110 197 197 1111 198 198 1112 198 198 1113 215 215 1114 214 214 1115 215 215 1116 198 198 1117 199 199 1118 199 199 1119 216 216 1120 215 215 1121 216 216 1122 199 199 1123 200 200 1124 200 200 1125 217 217 1126 216 216 1127 217 217 1128 200 200 1129 201 201 1130 201 201 1131 218 218 1132 217 217 1133 218 218 1134 201 201 1135 202 202 1136 202 202 1137 219 219 1138 218 218 1139 219 219 1140 202 202 1141 203 203 1142 203 203 1143 220 220 1144 219 219 1145 220 220 1146 203 203 1147 187 187 1148 187 187 1149 204 204 1150 220 220 1151 221 221 1152 204 204 1153 205 205 1154 205 205 1155 222 222 1156 221 221 1157 222 222 1158 205 205 1159 206 206 1160 206 206 1161 223 223 1162 222 222 1163 223 223 1164 206 206 1165 207 207 1166 207 207 1167 224 224 1168 223 223 1169 225 225 1170 208 208 1171 209 209 1172 209 209 1173 226 226 1174 225 225 1175 226 226 1176 209 209 1177 210 210 1178 210 210 1179 227 227 1180 226 226 1181 227 227 1182 210 210 1183 211 211 1184 211 211 1185 228 228 1186 227 227 1187 228 228 1188 211 211 1189 212 212 1190 212 212 1191 229 229 1192 228 228 1193 229 229 1194 212 212 1195 213 213 1196 213 213 1197 230 230 1198 229 229 1199 230 230 1200 213 213 1201 214 214 1202 214 214 1203 231 231 1204 230 230 1205 231 231 1206 214 214 1207 215 215 1208 215 215 1209 232 232 1210 231 231 1211 232 232 1212 215 215 1213 216 216 1214 216 216 1215 233 233 1216 232 232 1217 233 233 1218 216 216 1219 217 217 1220 217 217 1221 234 234 1222 233 233 1223 234 234 1224 217 217 1225 218 218 1226 218 218 1227 235 235 1228 234 234 1229 235 235 1230 218 218 1231 219 219 1232 219 219 1233 236 236 1234 235 235 1235 236 236 1236 219 219 1237 220 220 1238 220 220 1239 237 237 1240 236 236 1241 237 237 1242 220 220 1243 204 204 1244 204 204 1245 221 221 1246 237 237 1247 238 238 1248 221 221 1249 222 222 1250 222 222 1251 239 239 1252 238 238 1253 239 239 1254 222 222 1255 223 223 1256 223 223 1257 240 240 1258 239 239 1259 240 240 1260 223 223 1261 224 224 1262 224 224 1263 241 241 1264 240 240 1265 242 242 1266 225 225 1267 226 226 1268 226 226 1269 243 243 1270 242 242 1271 243 243 1272 226 226 1273 227 227 1274 227 227 1275 244 244 1276 243 243 1277 244 244 1278 227 227 1279 228 228 1280 228 228 1281 245 245 1282 244 244 1283 245 245 1284 228 228 1285 229 229 1286 229 229 1287 246 246 1288 245 245 1289 246 246 1290 229 229 1291 230 230 1292 230 230 1293 247 247 1294 246 246 1295 247 247 1296 230 230 1297 231 231 1298 231 231 1299 248 248 1300 247 247 1301 248 248 1302 231 231 1303 232 232 1304 232 232 1305 249 249 1306 248 248 1307 249 249 1308 232 232 1309 233 233 1310 233 233 1311 250 250 1312 249 249 1313 250 250 1314 233 233 1315 234 234 1316 234 234 1317 251 251 1318 250 250 1319 251 251 1320 234 234 1321 235 235 1322 235 235 1323 252 252 1324 251 251 1325 252 252 1326 235 235 1327 236 236 1328 236 236 1329 253 253 1330 252 252 1331 253 253 1332 236 236 1333 237 237 1334 237 237 1335 254 254 1336 253 253 1337 254 254 1338 237 237 1339 221 221 1340 221 221 1341 238 238 1342 254 254 1343 255 255 1344 238 238 1345 239 239 1346 239 239 1347 256 256 1348 255 255 1349 256 256 1350 239 239 1351 240 240 1352 240 240 1353 257 257 1354 256 256 1355 257 257 1356 240 240 1357 241 241 1358 241 241 1359 258 258 1360 257 257 1361 259 259 1362 242 242 1363 243 243 1364 243 243 1365 260 260 1366 259 259 1367 260 260 1368 243 243 1369 244 244 1370 244 244 1371 261 261 1372 260 260 1373 261 261 1374 244 244 1375 245 245 1376 245 245 1377 262 262 1378 261 261 1379 262 262 1380 245 245 1381 246 246 1382 246 246 1383 263 263 1384 262 262 1385 263 263 1386 246 246 1387 247 247 1388 247 247 1389 264 264 1390 263 263 1391 264 264 1392 247 247 1393 248 248 1394 248 248 1395 265 265 1396 264 264 1397 265 265 1398 248 248 1399 249 249 1400 249 249 1401 266 266 1402 265 265 1403 266 266 1404 249 249 1405 250 250 1406 250 250 1407 267 267 1408 266 266 1409 267 267 1410 250 250 1411 251 251 1412 251 251 1413 268 268 1414 267 267 1415 268 268 1416 251 251 1417 252 252 1418 252 252 1419 269 269 1420 268 268 1421 269 269 1422 252 252 1423 253 253 1424 253 253 1425 270 270 1426 269 269 1427 270 270 1428 253 253 1429 254 254 1430 254 254 1431 271 271 1432 270 270 1433 271 271 1434 254 254 1435 238 238 1436 238 238 1437 255 255 1438 271 271 1439 272 272 1440 255 255 1441 256 256 1442 256 256 1443 273 273 1444 272 272 1445 273 273 1446 256 256 1447 257 257 1448 257 257 1449 274 274 1450 273 273 1451 274 274 1452 257 257 1453 258 258 1454 258 258 1455 275 275 1456 274 274 1457 276 276 1458 259 259 1459 260 260 1460 260 260 1461 277 277 1462 276 276 1463 277 277 1464 260 260 1465 261 261 1466 261 261 1467 278 278 1468 277 277 1469 278 278 1470 261 261 1471 262 262 1472 262 262 1473 279 279 1474 278 278 1475 279 279 1476 262 262 1477 263 263 1478 263 263 1479 280 280 1480 279 279 1481 280 280 1482 263 263 1483 264 264 1484 264 264 1485 281 281 1486 280 280 1487 281 281 1488 264 264 1489 265 265 1490 265 265 1491 282 282 1492 281 281 1493 282 282 1494 265 265 1495 266 266 1496 266 266 1497 283 283 1498 282 282 1499 283 283 1500 266 266 1501 267 267 1502 267 267 1503 284 284 1504 283 283 1505 284 284 1506 267 267 1507 268 268 1508 268 268 1509 285 285 1510 284 284 1511 285 285 1512 268 268 1513 269 269 1514 269 269 1515 286 286 1516 285 285 1517 286 286 1518 269 269 1519 270 270 1520 270 270 1521 287 287 1522 286 286 1523 287 287 1524 270 270 1525 271 271 1526 271 271 1527 288 288 1528 287 287 1529 288 288 1530 271 271 1531 255 255 1532 255 255 1533 272 272 1534 288 288 1535 289 289 1536 272 272 1537 273 273 1538 273 273 1539 290 290 1540 289 289 1541 290 290 1542 273 273 1543 274 274 1544 274 274 1545 291 291 1546 290 290 1547 291 291 1548 274 274 1549 275 275 1550 275 275 1551 292 292 1552 291 291 1553 293 293 1554 276 276 1555 277 277 1556 277 277 1557 294 294 1558 293 293 1559 294 294 1560 277 277 1561 278 278 1562 278 278 1563 295 295 1564 294 294 1565 295 295 1566 278 278 1567 279 279 1568 279 279 1569 296 296 1570 295 295 1571 296 296 1572 279 279 1573 280 280 1574 280 280 1575 297 297 1576 296 296 1577 297 297 1578 280 280 1579 281 281 1580 281 281 1581 298 298 1582 297 297 1583 298 298 1584 281 281 1585 282 282 1586 282 282 1587 299 299 1588 298 298 1589 299 299 1590 282 282 1591 283 283 1592 283 283 1593 300 300 1594 299 299 1595 300 300 1596 283 283 1597 284 284 1598 284 284 1599 301 301 1600 300 300 1601 301 301 1602 284 284 1603 285 285 1604 285 285 1605 302 302 1606 301 301 1607 302 302 1608 285 285 1609 286 286 1610 286 286 1611 303 303 1612 302 302 1613 303 303 1614 286 286 1615 287 287 1616 287 287 1617 304 304 1618 303 303 1619 304 304 1620 287 287 1621 288 288 1622 288 288 1623 305 305 1624 304 304 1625 305 305 1626 288 288 1627 272 272 1628 272 272 1629 289 289 1630 305 305 1631</p>
        </triangles>
      </mesh>
    </geometry>
    <geometry id="defaultMaterial-mesh" name="defaultMaterial">
      <mesh>
        <source id="defaultMaterial-mesh-positions">
          <float_array id="defaultMaterial-mesh-positions-array" count="903">-0.144701 0.144701 0.906718 -0.144701 -0.144701 0.906718 -0.147647 -0.144701 0.907939 -0.147647 0.144701 0.907939 -0.147647 0.144701 0.907939 -0.147647 -0.144701 0.907939 -0.148868 -0.144701 0.910885 -0.148868 0.144701 0.910885 0.144701 -0.148868 0.910885 -0.144701 -0.148868 0.910885 -0.144701 -0.147647 0.907939 0.144701 -0.147647 0.907939 0.144701 -0.147647 0.907939 -0.144701 -0.147647 0.907939 0.144701 -0.144701 0.906718 -0.148868 -0.144701 0.931613 -0.148868 -0.144701 0.910885 -0.147647 -0.147647 0.910885 -0.147647 -0.147647 0.931613 -0.147647 -0.147647 0.931613 -0.147647 -0.147647 0.910885 -0.144701 -0.148868 0.931613 0.144701 -0.148868 0.931613 0.144701 -0.148868 0.910885 0.147647 -0.147647 0.910885 0.147647 -0.147647 0.931613 0.147647 -0.147647 0.931613 0.147647 -0.147647 0.910885 0.148868 -0.144701 0.910885 0.148868 -0.144701 0.931613 -0.144701 0.148868 0.931613 -0.144701 0.148868 0.910885 -0.147647 0.147647 0.910885 -0.147647 0.147647 0.931613 -0.147647 0.147647 0.931613 -0.147647 0.147647 0.910885 -0.148868 0.144701 0.910885 -0.148868 0.144701 0.931613 0.144701 0.144701 0.906718 -0.144701 0.147647 0.907939 0.147647 0.147647 0.907939 0.147647 0.147647 0.907939 -0.144701 0.147647 0.907939 0.148868 0.148868 0.910885 -0.177084 -0.172917 0.974449 -0.177084 -0.173085 0.935612 -0.175913 -0.175913 0.935612 -0.175864 -0.175864 0.974449 -0.175864 -0.175864 0.974449 -0.175913 -0.175913 0.935612 -0.173085 -0.177084 0.935612 -0.172917 -0.177084 0.974449 -0.172762 0.168439 0.931613 -0.1728399 -0.168595 0.931613 -0.175863 -0.171754 0.932784 -0.175848 0.171701 0.932784 -0.175848 0.171701 0.932784 -0.175863 -0.171754 0.932784 -0.177084 -0.173085 0.935612 -0.177084 0.173085 0.935612 0.173085 -0.177084 0.935612 -0.171701 -0.175848 0.932784 0.171754 -0.175863 0.932784 0.171754 -0.175863 0.932784 -0.171701 -0.175848 0.932784 -0.168439 -0.172762 0.931613 0.168595 -0.1728399 0.931613 0.172917 -0.177084 0.974449 0.173085 -0.177084 0.935612 0.175913 -0.175913 0.935612 0.175864 -0.175864 0.974449 0.175864 -0.175864 0.974449 0.175913 -0.175913 0.935612 0.177084 -0.173085 0.935612 0.177084 -0.172917 0.974449 -0.173085 0.177084 0.935612 0.177084 0.177084 0.93578 0.175864 0.175864 0.932834 -0.171754 0.175863 0.932784 -0.171754 0.175863 0.932784 0.175864 0.175864 0.932834 0.172917 0.172917 0.931613 -0.168595 0.1728399 0.931613 -0.172917 0.177084 0.974449 -0.175913 0.175913 0.935612 -0.175864 0.175864 0.974449 -0.175864 0.175864 0.974449 -0.175913 0.175913 0.935612 -0.177084 0.173085 0.935612 -0.177084 0.172917 0.974449 -0.205227 -0.2010599 0.995833 -0.205227 -0.201231 0.984735 -0.204057 -0.204057 0.984735 -0.204006 -0.204006 0.995833 -0.204006 -0.204006 0.995833 -0.204057 -0.204057 0.984735 -0.201231 -0.205227 0.984735 -0.2010599 -0.205227 0.995833 -0.201429 0.197099 0.980232 -0.201501 -0.197252 0.980249 -0.204199 -0.200101 0.981919 -0.204187 0.200051 0.981919 -0.204187 0.200051 0.981919 -0.204199 -0.200101 0.981919 -0.205227 -0.201231 0.984735 -0.205227 0.201231 0.984735 0.201231 -0.205227 0.984735 -0.200051 -0.204187 0.981919 0.200101 -0.204199 0.981919 0.200101 -0.204199 0.981919 -0.200051 -0.204187 0.981919 -0.197099 -0.201429 0.980232 0.197252 -0.201501 0.980249 0.2010599 -0.205227 0.995833 0.201231 -0.205227 0.984735 0.204057 -0.204057 0.984734 0.204006 -0.204006 0.995833 0.204006 -0.204006 0.995833 0.204057 -0.204057 0.984734 0.205227 -0.201231 0.984735 0.205227 -0.2010599 0.995833 -0.201231 0.205227 0.984735 0.205227 0.205227 0.984889 0.204192 0.204192 0.981951 -0.200101 0.204199 0.981919 -0.200101 0.204199 0.981919 0.204192 0.204192 0.981951 0.201573 0.201573 0.980266 -0.197252 0.201501 0.980249 -0.2010599 0.205227 0.995833 -0.204057 0.204057 0.984734 -0.204006 0.204006 0.995833 -0.204006 0.204006 0.995833 -0.204057 0.204057 0.984734 -0.205227 0.201231 0.984735 -0.205227 0.2010599 0.995833 -0.205227 0.2010599 0.995833 -0.205227 -0.2010599 0.995833 -0.204006 -0.201046 0.998779 -0.204006 0.201046 0.998779 -0.204006 0.201046 0.998779 -0.204006 -0.201046 0.998779 -0.2010599 -0.2010599 1 -0.2010599 0.2010599 1 0.2010599 -0.2010599 1 -0.2010599 -0.2010599 1 -0.201046 -0.204006 0.998779 0.201046 -0.204006 0.998779 0.201046 -0.204006 0.998779 -0.201046 -0.204006 0.998779 0.2010599 -0.205227 0.995833 0.2010599 0.2010599 1 0.2010599 -0.2010599 1 0.204006 -0.201046 0.998779 0.204006 0.204006 0.998779 0.204006 0.204006 0.998779 0.204006 -0.201046 0.998779 0.205227 0.205227 0.995833 0.144701 -0.148868 0.931613 -0.2010599 0.2010599 1 -0.2010599 -0.2010599 1 0.2010599 -0.2010599 1 0.2010599 0.2010599 1 0.148868 0.148868 0.931613 0.148868 0.148868 0.910885 0.148868 0.148868 0.931613 -0.148868 0.144701 0.931613 -0.148868 -0.144701 0.931613 -0.144701 -0.148868 0.931613 0.144701 -0.148868 0.931613 0.172762 -0.168439 0.931613 0.148868 -0.144701 0.931613 0.148868 0.148868 0.931613 0.172917 0.172917 0.931613 0.148868 0.148868 0.931613 -0.144701 0.148868 0.931613 -0.148868 0.144701 0.931613 -0.148868 -0.144701 0.931613 0.172917 -0.177084 0.974449 0.177084 0.177084 0.93578 0.177084 0.177084 0.974449 0.177084 0.177084 0.974449 -0.177084 0.172917 0.974449 -0.177084 -0.172917 0.974449 -0.172917 -0.177084 0.974449 0.172917 -0.177084 0.974449 0.201429 -0.197099 0.980232 0.177084 -0.172917 0.974449 0.177084 0.177084 0.974449 0.201573 0.201573 0.980266 0.177084 0.177084 0.974449 -0.172917 0.177084 0.974449 -0.177084 0.172917 0.974449 -0.177084 -0.172917 0.974449 0.205227 0.205227 0.984889 0.205227 0.205227 0.995833 0.147647 -0.144701 0.907939 0.147647 0.147647 0.907939 0.147647 0.147647 0.907939 0.147647 -0.144701 0.907939 -0.1728399 -0.168595 0.931613 -0.148868 -0.144701 0.931613 -0.147647 -0.147647 0.931613 -0.171551 -0.171541 0.931613 0.168595 -0.1728399 0.931613 0.144701 -0.148868 0.931613 0.147647 -0.147647 0.931613 0.171541 -0.171551 0.931613 -0.147647 0.147647 0.931613 -0.171541 0.171551 0.931613 -0.148868 0.144701 0.931613 -0.172762 0.168439 0.931613 0.175848 -0.171701 0.932784 0.175864 0.175864 0.932834 0.175864 0.175864 0.932834 0.175848 -0.171701 0.932784 -0.201501 -0.197252 0.980249 -0.177084 -0.172917 0.974449 -0.175864 -0.175864 0.974449 -0.200212 -0.200206 0.98024 0.197252 -0.201501 0.980249 0.172917 -0.177084 0.974449 0.175864 -0.175864 0.974449 0.200205 -0.200212 0.98024 -0.175864 0.175864 0.974449 -0.200206 0.200211 0.98024 -0.177084 0.172917 0.974449 -0.201429 0.197099 0.980232 0.204187 -0.200051 0.981919 0.204192 0.204192 0.981951 0.204192 0.204192 0.981951 0.204187 -0.200051 0.981919 -0.2010599 0.2010599 1 0.2010599 0.2010599 1 0.204006 0.204006 0.998779 -0.201046 0.204006 0.998779 -0.201046 0.204006 0.998779 0.204006 0.204006 0.998779 -0.147106 -0.147106 0.90848 -0.147647 -0.144701 0.907939 -0.147106 -0.147106 0.90848 -0.147106 -0.147106 0.90848 0.147106 -0.147106 0.90848 0.147106 -0.147106 0.90848 0.147106 -0.147106 0.90848 0.144701 -0.147647 0.907939 -0.147106 0.147106 0.90848 -0.147106 0.147106 0.90848 -0.147647 0.144701 0.907939 -0.147106 0.147106 0.90848 -0.174641 -0.174641 0.932785 -0.175913 -0.175913 0.935612 -0.174641 -0.174641 0.932785 -0.175913 -0.175913 0.935612 -0.175863 -0.171754 0.932784 -0.174641 -0.174641 0.932785 -0.175863 -0.171754 0.932784 0.174641 -0.174641 0.932784 0.175913 -0.175913 0.935612 0.174641 -0.174641 0.932784 0.175913 -0.175913 0.935612 0.171754 -0.175863 0.932784 0.174641 -0.174641 0.932784 0.171754 -0.175863 0.932784 -0.174641 0.174641 0.932784 -0.175848 0.171701 0.932784 -0.175913 0.175913 0.935612 -0.174641 0.174641 0.932784 -0.175913 0.175913 0.935612 -0.174641 0.174641 0.932784 -0.175848 0.171701 0.932784 -0.20298 -0.2029809 0.981915 -0.20298 -0.2029809 0.981915 -0.204199 -0.200101 0.981919 -0.20298 -0.2029809 0.981915 -0.204199 -0.200101 0.981919 0.2029809 -0.20298 0.981915 0.2029809 -0.20298 0.981915 0.200101 -0.204199 0.981919 0.2029809 -0.20298 0.981915 0.200101 -0.204199 0.981919 -0.2029809 0.20298 0.981915 -0.204187 0.200051 0.981919 -0.2029809 0.20298 0.981915 -0.2029809 0.20298 0.981915 -0.204187 0.200051 0.981919 -0.20346 -0.20346 0.998238 -0.204006 -0.201046 0.998779 -0.20346 -0.20346 0.998238 -0.204006 -0.201046 0.998779 -0.20346 -0.20346 0.998238 0.20346 -0.20346 0.998238 0.20346 -0.20346 0.998238 0.201046 -0.204006 0.998779 0.20346 -0.20346 0.998238 0.201046 -0.204006 0.998779 -0.20346 0.20346 0.998238 -0.204006 0.201046 0.998779 -0.20346 0.20346 0.998238 -0.204006 0.201046 0.998779 -0.20346 0.20346 0.998238</float_array>
          <technique_common>
            <accessor source="#defaultMaterial-mesh-positions-array" count="301" stride="3">
              <param name="X" type="float"/>
              <param name="Y" type="float"/>
              <param name="Z" type="float"/>
            </accessor>
          </technique_common>
        </source>
        <source id="defaultMaterial-mesh-normals">
          <float_array id="defaultMaterial-mesh-normals-array" count="897">-0.004206299 0.004211068 -0.9999824 -0.004221677 -0.004202365 -0.9999823 -0.3828888 -0.002604126 -0.9237909 -0.3824178 0.00259304 -0.923986 -0.9239898 0.002582967 -0.3824086 -0.9239837 -0.002493441 -0.3824239 -0.9986711 -0.003992438 -0.05138355 -0.9986733 0.00399363 -0.05133837 0.003993391 -0.9986735 -0.0513361 -0.004004776 -0.9986726 -0.05135339 -0.002607941 -0.9237947 -0.3828794 0.002536416 -0.9239926 -0.3824021 0.002603888 -0.3828744 -0.9237967 -0.002593934 -0.3824204 -0.9239848 0.004201233 -0.004211008 -0.9999823 -0.9999911 -0.004229545 -1.81897e-5 -0.9986739 -0.004039406 -0.05132472 -0.9248906 -0.3788074 -0.03290206 -0.9237971 -0.3828825 0 -0.3828798 -0.9237983 0 -0.3788082 -0.9248896 -0.03291821 -0.004242002 -0.9999911 0 0.00422734 -0.9999911 -1.81897e-5 0.004039466 -0.9986742 -0.05131888 0.3788046 -0.9248921 -0.03289169 0.3828795 -0.9237984 0 0.9237995 -0.3828768 0 0.9248916 -0.3788073 -0.03287434 0.9986781 -0.0039469 -0.05125021 0.9999915 -0.004135072 -7.32597e-5 -0.004136025 0.9999915 0 -0.003981888 0.9986778 -0.05125421 -0.3788046 0.9248921 -0.03289169 -0.3828795 0.9237984 0 -0.9237995 0.3828768 0 -0.9248916 0.3788073 -0.03287434 -0.9986726 0.004038274 -0.05134922 -0.9999911 0.004223406 -1.27161e-4 0.006121218 0.006054282 -0.999963 -0.002603888 0.3828744 -0.9237967 0 0.3828799 -0.9237982 0 0.9237968 -0.382883 -0.002598464 0.9239968 -0.3823914 4.53368e-6 0.9991727 -0.04067027 -0.9999942 -0.003432631 4.53228e-6 -0.9997421 -0.003555297 -0.02243047 -0.9239255 -0.382569 0.001654863 -0.9239574 -0.3824921 0.001648366 -0.3825023 -0.9239532 0.00165379 -0.3825684 -0.9239257 0.001649141 -0.003566801 -0.9997472 -0.02220326 -0.003457129 -0.999994 5.9139e-6 -0.1091131 2.11589e-4 -0.9940294 -0.1091792 -1.91122e-4 -0.9940221 -0.3551867 -0.003106653 -0.9347903 -0.3551037 0.003115415 -0.9348218 -0.9167566 0.002135574 -0.3994406 -0.9167488 -0.002142131 -0.3994585 -0.9997419 -0.003539383 -0.02244645 -0.9997472 0.003548443 -0.02220374 0.003538191 -0.9997411 -0.02247595 -0.002143859 -0.9167387 -0.3994816 0.002111017 -0.9167609 -0.3994311 0.003109931 -0.3551862 -0.9347904 -0.003168702 -0.355086 -0.9348283 -2.10802e-4 -0.1091057 -0.9940301 1.91607e-4 -0.1091783 -0.9940223 0.003436923 -0.9999941 4.50504e-6 0.003552854 -0.9997421 -0.02243071 0.3825672 -0.9239262 0.001654684 0.3824961 -0.9239557 0.001648366 0.9239538 -0.3825007 0.001654386 0.9239259 -0.3825678 0.001648664 0.9997467 -0.003552973 -0.02222603 0.9999942 -0.003402709 2.40894e-5 -0.003549993 0.9997447 -0.02231466 1.31167e-5 0.9997394 -0.02283066 1.20107e-4 0.9210453 -0.3894556 -0.00201267 0.9206487 -0.3903872 -0.003172695 0.3687136 -0.9295377 2.37352e-5 0.3719565 -0.9282502 0.05679088 0.05686885 -0.9967651 -2.06957e-4 0.1117911 -0.9937317 -0.003420293 0.9999939 8.54875e-4 -0.3825672 0.9239262 0.001654684 -0.3824961 0.9239557 0.001648366 -0.9239538 0.3825007 0.001654386 -0.9239259 0.3825678 0.001648664 -0.999748 0.003575921 -0.02216321 -0.9999941 0.003433227 1.2043e-5 -0.9963256 -0.002744078 0.08560311 -0.9981491 -0.003222644 -0.06072974 -0.9207044 -0.380869 -0.08510118 -0.9246534 -0.3755863 0.06285816 -0.37557 -0.9246618 0.06283056 -0.3810203 -0.9205303 -0.08630001 -0.003273248 -0.9981802 -0.06021326 -0.002754926 -0.9963262 0.08559626 -0.3145923 0.001592814 -0.9492256 -0.3145819 -0.001559674 -0.9492291 -0.5213864 -0.003673493 -0.8533128 -0.5212902 0.003755748 -0.8533713 -0.938422 0.001956939 -0.3454855 -0.9384192 -0.001961827 -0.3454932 -0.9981471 -0.003215551 -0.06076318 -0.9981811 0.003230929 -0.06019979 0.00321561 -0.998147 -0.0607661 -0.001993596 -0.9384105 -0.3455166 0.00196743 -0.9384167 -0.3454998 0.003685593 -0.5213717 -0.8533217 -0.003782629 -0.5212565 -0.8533918 -0.001587867 -0.3145396 -0.9492431 0.001559674 -0.3145632 -0.9492353 0.002743661 -0.9963259 0.08560049 0.003231763 -0.998148 -0.06074619 0.3808057 -0.9207307 -0.08510148 0.3755857 -0.9246542 0.06285113 0.9246572 -0.3755812 0.06283396 0.9205377 -0.3810034 -0.08629482 0.9981626 -0.003217756 -0.06050789 0.9962928 -0.00273317 0.08598363 -0.003245115 0.9981492 -0.06072747 2.28919e-5 0.9981113 -0.06143295 8.50368e-5 0.9413387 -0.3374636 -0.001863539 0.941065 -0.3382208 -0.003775596 0.5307176 -0.8475403 8.80705e-6 0.5337837 -0.8456212 0.1632768 0.1631403 -0.9729985 -0.001562893 0.316066 -0.948736 -0.002741336 0.9962932 0.08597856 -0.3808057 0.9207307 -0.08510148 -0.3755857 0.9246542 0.06285113 -0.9246572 0.3755812 0.06283396 -0.9205377 0.3810034 -0.08629482 -0.998184 0.003234326 -0.06015312 -0.9963291 0.00273776 0.08556151 -0.9963293 0.001716613 0.08558624 -0.996325 -0.002698898 0.08561104 -0.9239634 -0.001814961 0.3824767 -0.9239641 0.001820385 0.3824747 -0.3824977 0.001820385 0.9239547 -0.3824867 -0.001870989 0.9239592 -0.003034591 -0.002998948 0.9999909 -0.003007113 0.003001332 0.9999911 0.002998948 -0.003034949 0.999991 -0.00299108 -0.003014266 0.999991 -0.001897335 -0.3834326 0.9235669 0.001879751 -0.3825251 0.9239432 0.001818954 -0.9239634 0.3824765 -0.001895785 -0.9239654 0.3824716 0.002697765 -0.9963256 0.08560442 0.004425585 0.004408836 0.9999806 0.003021121 -0.003015398 0.9999909 0.383454 -0.001878201 0.9235581 0.3828646 0 0.9238045 0.9239314 3.76001e-7 0.3825583 0.9239585 -0.001898229 0.3824883 0.9975304 3.46452e-6 0.07023733 0.004170596 -0.9999913 -1.99236e-7 -0.00297755 0.002988278 0.9999911 -0.002982735 -0.002983152 0.9999911 0.002988278 -0.00297755 0.9999911 0.004406332 0.004406929 0.9999806 0 1 0 0.9991726 0 -0.0406723 1 0 0 -0.9999913 0.004170596 -2.0018e-7 -0.9999913 -0.004170596 -1.99236e-7 0 0 -1 -2.2314e-7 0 -1 0.1115409 -2.04753e-4 -0.9937599 -1.55905e-6 0 -1 -7.03229e-6 0 -1 0.05683159 0.05682152 -0.9967655 2.47506e-7 0 -1 0.003403544 -0.9999942 1.45301e-5 0.9997367 6.20203e-6 -0.02295023 0 1 0 -0.9999942 0.003403544 1.45502e-5 -0.9999942 -0.003403544 1.45301e-5 -4.01163e-4 -0.2307122 -0.9730219 2.33752e-4 -0.2308748 -0.9729834 0.3160083 -0.001567184 -0.9487552 0.2307139 -3.97075e-4 -0.9730216 0.1170562 0.1171728 -0.9861889 0.1633353 0.1630648 -0.9730013 0.117009 0.117228 -0.9861879 -3.96955e-4 0.2307156 -0.9730212 -0.2308736 2.33662e-4 -0.9729838 -0.2307754 -3.31961e-4 -0.973007 0.9980884 6.98071e-6 -0.0618025 0 0.9975284 0.07026463 0.9237954 -0.002600193 -0.3828778 0.9237978 0 -0.3828807 0.38253 0 -0.9239431 0.3824189 -0.002593338 -0.9239854 -0.1091151 -1.92117e-4 -0.9940292 4.6662e-6 0 -1 2.65293e-6 0 -1 -0.03252458 -0.03392273 -0.9988952 2.10606e-4 -0.1091172 -0.9940289 -1.85596e-6 0 -1 0.03394836 -0.03254115 -0.9988937 1.85596e-6 0 -1 -0.03394836 0.03254115 -0.9988937 4.66371e-6 0 -1 -0.1090627 2.21394e-4 -0.994035 0.9197681 -0.001963019 -0.3924573 0.9201418 1.00812e-4 -0.3915854 0.3685743 -2.6479e-5 -0.9295983 0.3653568 -0.003123104 -0.9308623 -0.3145062 -0.001596927 -0.9492542 -0.2307064 -3.90351e-4 -0.9730234 -0.1169058 -0.11764 -0.986151 -0.1437817 -0.1450134 -0.978927 0.001569569 -0.3145262 -0.9492475 4.04073e-4 -0.2307039 -0.973024 0.1178088 -0.1167747 -0.9861465 0.1450185 -0.1437909 -0.9789249 -0.1177247 0.1168509 -0.9861475 -0.1450383 0.1437812 -0.9789233 -0.2307044 4.06861e-4 -0.9730238 -0.3145278 0.001609683 -0.949247 0.9404457 -0.001833021 -0.3399389 0.9407194 7.11139e-5 -0.339186 0.5313591 -2.7108e-5 -0.8471467 0.5282547 -0.003773808 -0.8490777 -0.003000617 0.003067851 0.9999909 0.0043931 0.004436075 0.9999805 0 0.3828741 0.9238005 -0.001875638 0.3825409 0.9239367 -0.001856803 0.9235641 0.3834397 0 0.9238018 0.3828711 -0.8879179 -0.3252678 -0.3252735 -0.9239872 -0.002643167 -0.3824145 -0.3252824 -0.3252581 -0.8879181 -0.3252599 -0.8879256 -0.3252602 0.3252832 -0.3252569 -0.8879182 0.8879212 -0.3252622 -0.3252699 0.3252602 -0.8879253 -0.3252605 0.002612411 -0.9239884 -0.3824115 -0.3252832 0.3252569 -0.8879182 -0.8879212 0.3252622 -0.3252699 -0.9239913 0.002641379 -0.3824044 -0.3252602 0.8879253 -0.3252605 -0.3284168 -0.7965556 -0.5075841 -0.328536 -0.7965539 -0.5075095 -0.796319 -0.3337233 -0.5044848 -0.7963427 -0.3335245 -0.5045789 -0.9997431 -0.003520548 -0.02239459 -0.9167466 -0.002142786 -0.3994637 -0.1796432 -0.1856724 -0.9660508 -0.3551574 -0.003139197 -0.9348013 0.7966256 -0.3283718 -0.5075033 0.7965391 -0.3284465 -0.5075907 0.3336473 -0.7964006 -0.5044062 0.3334432 -0.7963494 -0.5046221 0.003503978 -0.9997434 -0.02238464 0.002167046 -0.9167329 -0.3994949 0.1856026 -0.1796506 -0.9660628 0.003151178 -0.3551539 -0.9348025 -0.7966256 0.3283718 -0.5075033 -0.9167399 0.002159178 -0.3994789 -0.9997485 0.003527104 -0.02214562 -0.7965491 0.3284391 -0.5075799 -0.3336473 0.7964006 -0.5044062 -0.3334945 0.7963308 -0.5046176 -0.1855994 0.1796472 -0.9660641 -0.3550869 0.003165841 -0.934828 -0.3410725 -0.8269239 -0.4470642 -0.826595 -0.3458349 -0.4440034 -0.938408 -0.001980185 -0.3455238 -0.2741529 -0.2815708 -0.9195424 -0.5213625 -0.003704845 -0.8533273 0.8269264 -0.3409988 -0.4471157 0.3457646 -0.8265911 -0.4440653 0.001981794 -0.9384057 -0.3455299 0.2815471 -0.2741865 -0.9195396 0.003692626 -0.5213589 -0.8533296 -0.8269264 0.3409988 -0.4471157 -0.9384172 0.001982212 -0.3454986 -0.3457646 0.8265911 -0.4440653 -0.2815651 0.2741354 -0.9195493 -0.5212553 0.003771722 -0.8533926 -0.3257163 -0.3254998 0.8876705 -0.3825116 -0.001913607 0.9239488 -0.8871908 -0.3255527 0.3269681 -0.9239699 -0.001883149 0.382461 -0.3255408 -0.8871947 0.3269694 0.8871909 -0.3255545 0.3269659 0.3258207 -0.3257909 0.8875253 0.001892209 -0.382535 0.9239391 0.3255474 -0.8871945 0.3269633 0.001895248 -0.923968 0.3824652 -0.8871909 0.3255545 0.3269659 -0.9239659 0.001886963 0.3824704 -0.3258207 0.3257909 0.8875253 -0.3824805 0.001909554 0.9239617 -0.3255474 0.8871945 0.3269633</float_array>
          <technique_common>
            <accessor source="#defaultMaterial-mesh-normals-array" count="299" stride="3">
              <param name="X" type="float"/>
              <param name="Y" type="float"/>
              <param name="Z" type="float"/>
            </accessor>
          </technique_common>
        </source>
        <source id="defaultMaterial-mesh-map-0">
          <float_array id="defaultMaterial-mesh-map-0-array" count="1512">0.596357 0.843025 0.433564 0.84065 0.433488 0.84244 0.433488 0.84244 0.596378 0.844816 0.596357 0.843025 0.608051 0.1588339 0.770613 0.1602609 0.770629 0.1584699 0.770629 0.1584699 0.608067 0.157042 0.608051 0.1588339 0.577003 0.255064 0.417467 0.252165 0.417441 0.253965 0.417441 0.253965 0.576932 0.256863 0.577003 0.255064 0.434545 0.677786 0.431774 0.84067 0.433564 0.84065 0.433564 0.84065 0.436335 0.677863 0.434545 0.677786 0.412749 0.2420939 0.414181 0.253127 0.415845 0.252552 0.415845 0.252552 0.414054 0.240998 0.412749 0.2420939 0.414054 0.240998 0.415845 0.252552 0.417467 0.252165 0.417467 0.252165 0.415901 0.240463 0.414054 0.240998 0.646834 0.2297779 0.648617 0.2407569 0.650261 0.2401289 0.650261 0.2401289 0.648103 0.22864 0.646834 0.2297779 0.648103 0.22864 0.650261 0.2401289 0.65187 0.239691 0.65187 0.239691 0.649932 0.228046 0.648103 0.22864 0.541621 0.1610789 0.539795 0.172608 0.541398 0.1730279 0.541398 0.1730279 0.543452 0.161674 0.541621 0.1610789 0.543452 0.161674 0.541398 0.1730279 0.543008 0.1736289 0.543008 0.1736289 0.544739 0.1628239 0.543452 0.161674 0.598669 0.680683 0.596357 0.843025 0.598148 0.843094 0.598148 0.843094 0.600451 0.678957 0.598669 0.680683 0.378432 0.1732119 0.539778 0.174408 0.539795 0.172608 0.539795 0.172608 0.377733 0.1714079 0.378432 0.1732119 0.395131 0.2027829 0.398748 0.224379 0.400243 0.223576 0.400243 0.223576 0.396494 0.201703 0.395131 0.2027829 0.396494 0.201703 0.400243 0.223576 0.401807 0.2230839 0.401807 0.2230839 0.398318 0.2011319 0.396494 0.201703 0.594952 0.13186 0.784271 0.1334789 0.786062 0.1316729 0.786062 0.1316729 0.593136 0.1299899 0.594952 0.13186 0.593136 0.1299899 0.786062 0.1316729 0.786824 0.1299499 0.786824 0.1299499 0.592374 0.1282489 0.593136 0.1299899 0.59401 0.226727 0.401807 0.2230839 0.402493 0.2248349 0.402493 0.2248349 0.593187 0.2284529 0.59401 0.226727 0.593187 0.2284529 0.402493 0.2248349 0.404068 0.226719 0.404068 0.226719 0.591346 0.2302489 0.593187 0.2284529 0.627965 0.1910619 0.632272 0.212525 0.633741 0.2116739 0.633741 0.2116739 0.629292 0.189938 0.627965 0.1910619 0.629292 0.189938 0.633741 0.2116739 0.635288 0.2111319 0.635288 0.2111319 0.631097 0.189309 0.629292 0.189938 0.556212 0.144087 0.361606 0.1424019 0.362321 0.1442109 0.362321 0.1442109 0.555506 0.145815 0.556212 0.144087 0.555506 0.145815 0.362321 0.1442109 0.363994 0.146026 0.363994 0.146026 0.553932 0.1476219 0.555506 0.145815 0.560242 0.1222379 0.556212 0.144087 0.557764 0.144612 0.557764 0.144612 0.562054 0.1228479 0.560242 0.1222379 0.562054 0.1228479 0.557764 0.144612 0.559233 0.145447 0.559233 0.145447 0.563401 0.123955 0.562054 0.1228479 0.381197 0.17641 0.380977 0.183534 0.382667 0.183152 0.382667 0.183152 0.382893 0.1767569 0.381197 0.17641 0.382893 0.1767569 0.382667 0.183152 0.384284 0.183115 0.384284 0.183115 0.384646 0.1768659 0.382893 0.1767569 0.579199 0.09226 0.800714 0.09415602 0.802329 0.09238702 0.802329 0.09238702 0.577556 0.09043002 0.579199 0.09226 0.577556 0.09043002 0.802329 0.09238702 0.802979 0.09070998 0.802979 0.09070998 0.576908 0.08873802 0.577556 0.09043002 0.611986 0.1880379 0.384284 0.183115 0.384766 0.1848149 0.384766 0.1848149 0.611244 0.18971 0.611986 0.1880379 0.611244 0.18971 0.384766 0.1848149 0.386157 0.1866599 0.386157 0.1866599 0.609524 0.1914569 0.611244 0.18971 0.613191 0.165153 0.613201 0.1722819 0.614878 0.171844 0.614878 0.171844 0.614898 0.1654459 0.613191 0.165153 0.614898 0.1654459 0.614878 0.171844 0.616493 0.171756 0.616493 0.171756 0.616653 0.165498 0.614898 0.1654459 0.574586 0.104555 0.34489 0.103307 0.345534 0.1050639 0.345534 0.1050639 0.574086 0.106238 0.574586 0.104555 0.574086 0.106238 0.345534 0.1050639 0.347073 0.106823 0.347073 0.106823 0.572705 0.108012 0.574086 0.106238 0.574402 0.098302 0.574586 0.104555 0.576203 0.104636 0.576203 0.104636 0.576156 0.09824001 0.574402 0.098302 0.576156 0.09824001 0.576203 0.104636 0.577881 0.1050649 0.577881 0.1050649 0.57786 0.09794002 0.576156 0.09824001 0.577059 0.08250498 0.802937 0.08447498 0.802945 0.08268302 0.802945 0.08268302 0.577082 0.08071297 0.577059 0.08250498 0.577082 0.08071297 0.802945 0.08268302 0.802968 0.08089101 0.802968 0.08089101 0.57709 0.07892197 0.577082 0.08071297 0.612456 0.1781899 0.384483 0.173282 0.38467 0.1750699 0.38467 0.1750699 0.612345 0.179988 0.612456 0.1781899 0.612345 0.179988 0.38467 0.1750699 0.384646 0.1768659 0.384646 0.1768659 0.612249 0.181787 0.612345 0.179988 0.844361 0.159502 0.616375 0.161921 0.61662 0.163703 0.61662 0.163703 0.845991 0.1612859 0.844361 0.159502 0.845991 0.1612859 0.61662 0.163703 0.616653 0.165498 0.616653 0.165498 0.846638 0.163079 0.845991 0.1612859 0.415901 0.240463 0.417467 0.252165 0.577003 0.255064 0.577003 0.255064 0.577479 0.243496 0.415901 0.240463 0.116107 0.009243011 0.116107 0.23513 0.341994 0.23513 0.341994 0.23513 0.341994 0.009243011 0.116107 0.009243011 0.539795 0.172608 0.541621 0.1610789 0.377585 0.1596909 0.377585 0.1596909 0.377733 0.1714079 0.539795 0.172608 0.433564 0.84065 0.596357 0.843025 0.598669 0.680683 0.598669 0.680683 0.436335 0.677863 0.433564 0.84065 0.649932 0.228046 0.65187 0.239691 0.813757 0.237433 0.813757 0.237433 0.813863 0.225853 0.649932 0.228046 0.608169 0.1453989 0.608067 0.157042 0.770629 0.1584699 0.770629 0.1584699 0.770731 0.1468269 0.608169 0.1453989 0.404068 0.226719 0.415901 0.240463 0.577479 0.243496 0.577479 0.243496 0.591346 0.2302489 0.404068 0.226719 0.637665 0.2146919 0.649932 0.228046 0.813863 0.225853 0.813863 0.225853 0.827387 0.212122 0.637665 0.2146919 0.363994 0.146026 0.377585 0.1596909 0.541621 0.1610789 0.541621 0.1610789 0.553932 0.1476219 0.363994 0.146026 0.594952 0.13186 0.608169 0.1453989 0.770731 0.1468269 0.770731 0.1468269 0.784271 0.1334789 0.594952 0.13186 0.398318 0.2011319 0.401807 0.2230839 0.59401 0.226727 0.59401 0.226727 0.594974 0.2052149 0.398318 0.2011319 0.631097 0.189309 0.635288 0.2111319 0.829759 0.208486 0.829759 0.208486 0.830126 0.1870409 0.631097 0.189309 0.361161 0.1209539 0.361606 0.1424019 0.556212 0.144087 0.556212 0.144087 0.560242 0.1222379 0.361161 0.1209539 0.592659 0.1064339 0.592374 0.1282489 0.786824 0.1299499 0.786824 0.1299499 0.786921 0.108133 0.592659 0.1064339 0.386157 0.1866599 0.398318 0.2011319 0.594974 0.2052149 0.594974 0.2052149 0.609524 0.1914569 0.386157 0.1866599 0.618479 0.175239 0.631097 0.189309 0.830126 0.1870409 0.830126 0.1870409 0.844313 0.172778 0.618479 0.175239 0.347073 0.106823 0.361161 0.1209539 0.560242 0.1222379 0.560242 0.1222379 0.572705 0.108012 0.347073 0.106823 0.579199 0.09226 0.592659 0.1064339 0.786921 0.108133 0.786921 0.108133 0.800714 0.09415602 0.579199 0.09226 0.384646 0.1768659 0.384284 0.183115 0.611986 0.1880379 0.611986 0.1880379 0.612249 0.181787 0.384646 0.1768659 0.616653 0.165498 0.616493 0.171756 0.84648 0.16925 0.84648 0.16925 0.846638 0.163079 0.616653 0.165498 0.344693 0.09713399 0.34489 0.103307 0.574586 0.104555 0.574586 0.104555 0.574402 0.098302 0.344693 0.09713399 0.577059 0.08250498 0.576908 0.08873802 0.802979 0.09070998 0.802979 0.09070998 0.802937 0.08447498 0.577059 0.08250498 0.813757 0.237433 0.65187 0.239691 0.651902 0.241491 0.651902 0.241491 0.813069 0.239242 0.813757 0.237433 0.600451 0.678957 0.436323 0.676071 0.436335 0.677863 0.436335 0.677863 0.598669 0.680683 0.600451 0.678957 0.401249 0.2285419 0.412749 0.2420939 0.414054 0.240998 0.414054 0.240998 0.402225 0.22714 0.401249 0.2285419 0.402225 0.22714 0.414054 0.240998 0.415901 0.240463 0.415901 0.240463 0.404068 0.226719 0.402225 0.22714 0.634905 0.2166039 0.646834 0.2297779 0.648103 0.22864 0.648103 0.22864 0.635835 0.2151719 0.634905 0.2166039 0.635835 0.2151719 0.648103 0.22864 0.649932 0.228046 0.649932 0.228046 0.637665 0.2146919 0.635835 0.2151719 0.553932 0.1476219 0.541621 0.1610789 0.543452 0.161674 0.543452 0.161674 0.555678 0.1481329 0.553932 0.1476219 0.555678 0.1481329 0.543452 0.161674 0.544739 0.1628239 0.544739 0.1628239 0.556588 0.1496469 0.555678 0.1481329 0.829759 0.208486 0.635288 0.2111319 0.63603 0.2128599 0.63603 0.2128599 0.829051 0.210299 0.829759 0.208486 0.829051 0.210299 0.63603 0.2128599 0.637665 0.2146919 0.637665 0.2146919 0.827387 0.212122 0.829051 0.210299 0.383194 0.1883019 0.395131 0.2027829 0.396494 0.201703 0.396494 0.201703 0.384242 0.186976 0.383194 0.1883019 0.384242 0.186976 0.396494 0.201703 0.398318 0.2011319 0.398318 0.2011319 0.386157 0.1866599 0.384242 0.186976 0.61557 0.176975 0.627965 0.1910619 0.629292 0.189938 0.629292 0.189938 0.616575 0.175615 0.61557 0.176975 0.616575 0.175615 0.629292 0.189938 0.631097 0.189309 0.631097 0.189309 0.618479 0.175239 0.616575 0.175615 0.572705 0.108012 0.560242 0.1222379 0.562054 0.1228479 0.562054 0.1228479 0.574528 0.108406 0.572705 0.108012 0.574528 0.108406 0.562054 0.1228479 0.563401 0.123955 0.563401 0.123955 0.575531 0.1098319 0.574528 0.108406 0.84648 0.16925 0.616493 0.171756 0.61703 0.173439 0.61703 0.173439 0.845845 0.1710109 0.84648 0.16925 0.845845 0.1710109 0.61703 0.173439 0.618479 0.175239 0.618479 0.175239 0.844313 0.172778 0.845845 0.1710109 0.574662 0.09472298 0.346948 0.09354501 0.34533 0.09533697 0.34533 0.09533697 0.574426 0.09650599 0.574662 0.09472298 0.574426 0.09650599 0.34533 0.09533697 0.344693 0.09713399 0.344693 0.09713399 0.574402 0.098302 0.574426 0.09650599 0.41616 0.253886 0.415845 0.252552 0.414181 0.253127 0.414181 0.253127 0.415023 0.254711 0.41616 0.253886 0.432046 0.842122 0.433488 0.84244 0.433564 0.84065 0.433564 0.84065 0.431774 0.84067 0.432046 0.842122 0.41616 0.253886 0.417441 0.253965 0.417467 0.252165 0.417467 0.252165 0.415845 0.252552 0.41616 0.253886 0.434869 0.676341 0.434545 0.677786 0.436335 0.677863 0.436335 0.677863 0.436323 0.676071 0.434869 0.676341 0.650619 0.2414529 0.651902 0.241491 0.65187 0.239691 0.65187 0.239691 0.650261 0.2401289 0.650619 0.2414529 0.650619 0.2414529 0.650261 0.2401289 0.648617 0.2407569 0.648617 0.2407569 0.649509 0.2423139 0.650619 0.2414529 0.597832 0.844538 0.598148 0.843094 0.596357 0.843025 0.596357 0.843025 0.596378 0.844816 0.597832 0.844538 0.54105 0.174354 0.542163 0.175198 0.543008 0.1736289 0.543008 0.1736289 0.541398 0.1730279 0.54105 0.174354 0.54105 0.174354 0.541398 0.1730279 0.539795 0.172608 0.539795 0.172608 0.539778 0.174408 0.54105 0.174354 0.400899 0.2251049 0.402493 0.2248349 0.401807 0.2230839 0.401807 0.2230839 0.400243 0.223576 0.400899 0.2251049 0.400899 0.2251049 0.400243 0.223576 0.398748 0.224379 0.398748 0.224379 0.399752 0.226319 0.400899 0.2251049 0.400899 0.2251049 0.399752 0.226319 0.401249 0.2285419 0.401249 0.2285419 0.402225 0.22714 0.400899 0.2251049 0.400899 0.2251049 0.402225 0.22714 0.404068 0.226719 0.404068 0.226719 0.402493 0.2248349 0.400899 0.2251049 0.634445 0.213181 0.63603 0.2128599 0.635288 0.2111319 0.635288 0.2111319 0.633741 0.2116739 0.634445 0.213181 0.634445 0.213181 0.633741 0.2116739 0.632272 0.212525 0.632272 0.212525 0.633337 0.2144299 0.634445 0.213181 0.634445 0.213181 0.633337 0.2144299 0.634905 0.2166039 0.634905 0.2166039 0.635835 0.2151719 0.634445 0.213181 0.634445 0.213181 0.635835 0.2151719 0.637665 0.2146919 0.637665 0.2146919 0.63603 0.2128599 0.634445 0.213181 0.557065 0.146129 0.558183 0.1473979 0.559233 0.145447 0.559233 0.145447 0.557764 0.144612 0.557065 0.146129 0.557065 0.146129 0.557764 0.144612 0.556212 0.144087 0.556212 0.144087 0.555506 0.145815 0.557065 0.146129 0.557065 0.146129 0.555506 0.145815 0.553932 0.1476219 0.553932 0.1476219 0.555678 0.1481329 0.557065 0.146129 0.557065 0.146129 0.555678 0.1481329 0.556588 0.1496469 0.556588 0.1496469 0.558183 0.1473979 0.557065 0.146129 0.383088 0.184831 0.384766 0.1848149 0.384284 0.183115 0.384284 0.183115 0.382667 0.183152 0.383088 0.184831 0.383088 0.184831 0.382667 0.183152 0.380977 0.183534 0.380977 0.183534 0.381767 0.1858 0.383088 0.184831 0.383088 0.184831 0.381767 0.1858 0.383194 0.1883019 0.383194 0.1883019 0.384242 0.186976 0.383088 0.184831 0.383088 0.184831 0.384242 0.186976 0.386157 0.1866599 0.386157 0.1866599 0.384766 0.1848149 0.383088 0.184831 0.615353 0.173509 0.61703 0.173439 0.616493 0.171756 0.616493 0.171756 0.614878 0.171844 0.615353 0.173509 0.615353 0.173509 0.614878 0.171844 0.613201 0.1722819 0.613201 0.1722819 0.614064 0.17452 0.615353 0.173509 0.615353 0.173509 0.614064 0.17452 0.61557 0.176975 0.61557 0.176975 0.616575 0.175615 0.615353 0.173509 0.615353 0.173509 0.616575 0.175615 0.618479 0.175239 0.618479 0.175239 0.61703 0.173439 0.615353 0.173509 0.575737 0.1062999 0.577039 0.107324 0.577881 0.1050649 0.577881 0.1050649 0.576203 0.104636 0.575737 0.1062999 0.575737 0.1062999 0.576203 0.104636 0.574586 0.104555 0.574586 0.104555 0.574086 0.106238 0.575737 0.1062999 0.575737 0.1062999 0.574086 0.106238 0.572705 0.108012 0.572705 0.108012 0.574528 0.108406 0.575737 0.1062999 0.575737 0.1062999 0.574528 0.108406 0.575531 0.1098319 0.575531 0.1098319 0.577039 0.107324 0.575737 0.1062999 0.383286 0.175382 0.38467 0.1750699 0.384483 0.173282 0.384483 0.173282 0.382404 0.17444 0.383286 0.175382 0.383286 0.175382 0.382404 0.17444 0.381197 0.17641 0.381197 0.17641 0.382893 0.1767569 0.383286 0.175382 0.383286 0.175382 0.382893 0.1767569 0.384646 0.1768659 0.384646 0.1768659 0.38467 0.1750699 0.383286 0.175382 0.615246 0.1640589 0.614898 0.1654459 0.616653 0.165498 0.616653 0.165498 0.61662 0.163703 0.615246 0.1640589 0.615246 0.1640589 0.61662 0.163703 0.616375 0.161921 0.616375 0.161921 0.614335 0.163146 0.615246 0.1640589 0.615246 0.1640589 0.614335 0.163146 0.613191 0.165153 0.613191 0.165153 0.614898 0.1654459 0.615246 0.1640589 0.575801 0.09685498 0.576156 0.09824001 0.57786 0.09794002 0.57786 0.09794002 0.576708 0.09593802 0.575801 0.09685498 0.575801 0.09685498 0.576708 0.09593802 0.574662 0.09472298 0.574662 0.09472298 0.574426 0.09650599 0.575801 0.09685498 0.575801 0.09685498 0.574426 0.09650599 0.574402 0.098302 0.574402 0.098302 0.576156 0.09824001 0.575801 0.09685498</float_array>
          <technique_common>
            <accessor source="#defaultMaterial-mesh-map-0-array" count="756" stride="2">
              <param name="S" type="float"/>
              <param name="T" type="float"/>
            </accessor>
          </technique_common>
        </source>
        <vertices id="defaultMaterial-mesh-vertices">
          <input semantic="POSITION" source="#defaultMaterial-mesh-positions"/>
        </vertices>
        <triangles material="_001-material" count="252">
          <input semantic="VERTEX" source="#defaultMaterial-mesh-vertices" offset="0"/>
          <input semantic="NORMAL" source="#defaultMaterial-mesh-normals" offset="1"/>
          <input semantic="TEXCOORD" source="#defaultMaterial-mesh-map-0" offset="2" set="0"/>
          <p>0 0 0 1 1 1 2 2 2 2 2 3 3 3 4 0 0 5 4 4 6 5 5 7 6 6 8 6 6 9 7 7 10 4 4 11 8 8 12 9 9 13 10 10 14 10 10 15 11 11 16 8 8 17 12 12 18 13 13 19 1 1 20 1 1 21 14 14 22 12 12 23 15 15 24 16 16 25 17 17 26 17 17 27 18 18 28 15 15 29 19 19 30 20 20 31 9 9 32 9 9 33 21 21 34 19 19 35 22 22 36 23 23 37 24 24 38 24 24 39 25 25 40 22 22 41 26 26 42 27 27 43 28 28 44 28 28 45 29 29 46 26 26 47 30 30 48 31 31 49 32 32 50 32 32 51 33 33 52 30 30 53 34 34 54 35 35 55 36 36 56 36 36 57 37 37 58 34 34 59 38 38 60 0 0 61 39 39 62 39 39 63 40 40 64 38 38 65 41 41 66 42 42 67 31 31 68 31 31 69 43 43 70 41 41 71 44 44 72 45 45 73 46 46 74 46 46 75 47 47 76 44 44 77 48 48 78 49 49 79 50 50 80 50 50 81 51 51 82 48 48 83 52 52 84 53 53 85 54 54 86 54 54 87 55 55 88 52 52 89 56 56 90 57 57 91 58 58 92 58 58 93 59 59 94 56 56 95 60 60 96 50 50 97 61 61 98 61 61 99 62 62 100 60 60 101 63 63 102 64 64 103 65 65 104 65 65 105 66 66 106 63 63 107 67 67 108 68 68 109 69 69 110 69 69 111 70 70 112 67 67 113 71 71 114 72 72 115 73 73 116 73 73 117 74 74 118 71 71 119 75 75 120 76 76 121 77 77 122 77 77 123 78 78 124 75 75 125 79 79 126 80 80 127 81 81 128 81 81 129 82 82 130 79 79 131 83 83 132 75 75 133 84 84 134 84 84 135 85 85 136 83 83 137 86 86 138 87 87 139 88 88 140 88 88 141 89 89 142 86 86 143 90 90 144 91 91 145 92 92 146 92 92 147 93 93 148 90 90 149 94 94 150 95 95 151 96 96 152 96 96 153 97 97 154 94 94 155 98 98 156 99 99 157 100 100 158 100 100 159 101 101 160 98 98 161 102 102 162 103 103 163 104 104 164 104 104 165 105 105 166 102 102 167 106 106 168 96 96 169 107 107 170 107 107 171 108 108 172 106 106 173 109 109 174 110 110 175 111 111 176 111 111 177 112 112 178 109 109 179 113 113 180 114 114 181 115 115 182 115 115 183 116 116 184 113 113 185 117 117 186 118 118 187 119 119 188 119 119 189 120 120 190 117 117 191 121 121 192 122 122 193 123 123 194 123 123 195 124 124 196 121 121 197 125 125 198 126 126 199 127 127 200 127 127 201 128 128 202 125 125 203 129 129 204 121 121 205 130 130 206 130 130 207 131 131 208 129 129 209 132 132 210 133 133 211 134 134 212 134 134 213 135 135 214 132 132 215 136 136 216 137 137 217 138 138 218 138 138 219 139 139 220 136 136 221 140 140 222 141 141 223 142 142 224 142 142 225 143 143 226 140 140 227 144 144 228 145 145 229 146 146 230 146 146 231 147 147 232 144 144 233 148 148 234 149 149 235 97 97 236 97 97 237 150 150 238 148 148 239 151 151 240 152 152 241 153 153 242 153 153 243 154 154 244 151 151 245 155 155 246 156 156 247 120 120 248 120 120 249 157 157 250 155 155 251 21 21 252 9 9 253 8 8 254 8 8 255 158 158 256 21 21 257 159 159 258 160 160 259 161 161 260 161 161 261 162 162 262 159 159 263 31 31 264 30 30 265 163 163 266 163 163 267 43 43 268 31 31 269 1 1 270 0 0 271 38 38 272 38 38 273 14 14 274 1 1 275 29 29 276 28 28 277 164 164 278 164 164 279 165 165 280 29 29 281 166 166 282 7 7 283 6 6 284 6 6 285 167 167 286 166 166 287 65 65 288 168 168 289 169 169 290 169 169 291 66 66 292 65 65 293 170 170 294 171 171 295 172 172 296 172 172 297 173 173 298 170 170 299 81 81 300 174 168 301 175 174 302 175 174 303 82 82 304 81 81 305 52 52 306 176 168 307 177 168 308 177 168 309 53 53 310 52 52 311 51 51 312 50 50 313 60 60 314 60 60 315 178 175 316 51 51 317 74 74 318 73 73 319 179 176 320 179 176 321 180 165 322 74 74 323 181 177 324 76 76 325 75 75 326 75 75 327 83 83 328 181 177 329 182 178 330 59 59 331 58 58 332 58 58 333 183 179 334 182 178 335 111 111 336 184 180 337 185 181 338 185 181 339 112 112 340 111 111 341 186 182 342 187 183 343 188 184 344 188 184 345 189 185 346 186 182 347 127 127 348 190 186 349 191 187 350 191 187 351 128 128 352 127 127 353 98 98 354 192 188 355 193 189 356 193 189 357 99 99 358 98 98 359 97 97 360 96 96 361 106 106 362 106 106 363 150 150 364 97 97 365 120 120 366 119 119 367 194 190 368 194 190 369 157 157 370 120 120 371 195 191 372 122 122 373 121 121 374 121 121 375 129 129 376 195 191 377 136 136 378 105 105 379 104 104 380 104 104 381 137 137 382 136 136 383 164 164 384 28 28 385 196 192 386 196 192 387 197 193 388 164 164 389 198 194 390 199 195 391 14 14 392 14 14 393 38 38 394 198 194 395 200 196 396 201 197 397 202 198 398 202 198 399 203 199 400 200 196 401 203 199 402 202 198 403 168 168 404 168 168 405 65 65 406 203 199 407 204 200 408 205 168 409 206 201 410 206 201 411 207 202 412 204 200 413 207 202 414 206 201 415 171 171 416 171 171 417 170 170 418 207 202 419 82 82 420 175 174 421 208 203 422 208 203 423 209 204 424 82 82 425 209 204 426 208 203 427 210 205 428 210 205 429 211 206 430 209 204 431 179 176 432 73 73 433 212 207 434 212 207 435 213 208 436 179 176 437 214 209 438 215 210 439 170 170 440 170 170 441 173 173 442 214 209 443 216 211 444 217 212 445 218 213 446 218 213 447 219 214 448 216 211 449 219 214 450 218 213 451 184 180 452 184 180 453 111 111 454 219 214 455 220 215 456 221 216 457 222 217 458 222 217 459 223 218 460 220 215 461 223 218 462 222 217 463 187 183 464 187 183 465 186 182 466 223 218 467 128 128 468 191 187 469 224 219 470 224 219 471 225 220 472 128 128 473 225 220 474 224 219 475 226 221 476 226 221 477 227 222 478 225 220 479 194 190 480 119 119 481 228 223 482 228 223 483 229 224 484 194 190 485 230 225 486 231 226 487 186 182 488 186 182 489 189 185 490 230 225 491 232 227 492 233 228 493 234 229 494 234 229 495 235 230 496 232 227 497 236 231 498 237 232 499 195 191 500 195 191 501 129 129 502 236 231 503 238 233 504 17 17 505 16 16 506 16 16 507 239 234 508 238 233 509 240 235 510 2 2 511 1 1 512 1 1 513 13 13 514 240 235 515 241 236 516 10 10 517 9 9 518 9 9 519 20 20 520 241 236 521 242 237 522 12 12 523 14 14 524 14 14 525 199 195 526 242 237 527 243 238 528 196 192 529 28 28 530 28 28 531 27 27 532 243 238 533 244 239 534 24 24 535 23 23 536 23 23 537 245 240 538 244 239 539 246 241 540 39 39 541 0 0 542 0 0 543 3 3 544 246 241 545 247 242 546 248 243 547 36 36 548 36 36 549 35 35 550 247 242 551 249 244 552 32 32 553 31 31 554 31 31 555 42 42 556 249 244 557 250 245 558 61 61 559 50 50 560 50 50 561 251 246 562 250 245 563 252 247 564 253 248 565 45 249 566 45 249 567 254 250 568 252 247 569 255 251 570 256 252 571 200 196 572 200 196 573 203 199 574 255 251 575 255 251 576 203 199 577 65 65 578 65 65 579 64 64 580 255 251 581 257 253 582 212 207 583 73 73 584 73 73 585 258 254 586 257 253 587 259 255 588 260 256 589 68 257 590 68 257 591 261 258 592 259 255 593 262 259 594 263 260 595 204 200 596 204 200 597 207 202 598 262 259 599 262 259 600 207 202 601 170 170 602 170 170 603 215 210 604 262 259 605 264 261 606 265 262 607 88 263 608 88 263 609 266 264 610 264 261 611 267 265 612 268 266 613 75 75 614 75 75 615 78 78 616 267 265 617 269 267 618 79 79 619 82 82 620 82 82 621 209 204 622 269 267 623 269 267 624 209 204 625 211 206 626 211 206 627 270 268 628 269 267 629 271 269 630 107 107 631 96 96 632 96 96 633 95 95 634 271 269 635 272 270 636 92 92 637 91 91 638 91 91 639 273 271 640 272 270 641 274 272 642 275 273 643 216 211 644 216 211 645 219 214 646 274 272 647 274 272 648 219 214 649 111 111 650 111 111 651 110 110 652 274 272 653 276 274 654 228 223 655 119 119 656 119 119 657 118 118 658 276 274 659 277 275 660 115 115 661 114 114 662 114 114 663 278 276 664 277 275 665 279 277 666 280 278 667 220 215 668 220 215 669 223 218 670 279 277 671 279 277 672 223 218 673 186 182 674 186 182 675 231 226 676 279 277 677 281 279 678 282 280 679 134 134 680 134 134 681 133 133 682 281 279 683 283 281 684 130 130 685 121 121 686 121 121 687 124 124 688 283 281 689 284 282 690 125 125 691 128 128 692 128 128 693 225 220 694 284 282 695 284 282 696 225 220 697 227 222 698 227 222 699 285 283 700 284 282 701 286 284 702 146 146 703 145 145 704 145 145 705 287 285 706 286 284 707 288 286 708 289 287 709 90 90 710 90 90 711 93 93 712 288 286 713 290 288 714 94 94 715 97 97 716 97 97 717 149 149 718 290 288 719 291 289 720 117 117 721 120 120 722 120 120 723 156 156 724 291 289 725 292 290 726 153 153 727 152 152 728 152 152 729 293 291 730 292 290 731 294 292 732 295 293 733 113 113 734 113 113 735 116 116 736 294 292 737 296 294 738 132 132 739 135 135 740 135 135 741 297 295 742 296 294 743 298 296 744 299 297 745 232 227 746 232 227 747 235 230 748 298 296 749 300 298 750 236 231 751 129 129 752 129 129 753 131 131 754 300 298 755</p>
        </triangles>
      </mesh>
    </geometry>
  </library_geometries>
  <library_visual_scenes>
    <visual_scene id="Scene" name="Scene">
      <node id="Sketchfab_model" name="Sketchfab_model" type="NODE">
        <matrix sid="transform">1 0 0 0 0 -1.34359e-7 1 0 0 -1 -1.34359e-7 1.008696 0 0 0 1</matrix>
        <node id="Collada_visual_scene_group" name="Collada visual scene group" type="NODE">
          <matrix sid="transform">1 0 0 0 0 -1.34359e-7 -1 0 0 1 -1.34359e-7 0 0 0 0 1</matrix>
          <node id="pCube2" name="pCube2" type="NODE">
            <matrix sid="transform">1 0 0 0 0 1 0 0 0 0 1 0 0 0 0 1</matrix>
            <node id="defaultMaterial" name="defaultMaterial" type="NODE">
              <matrix sid="transform">1 0 0 0 0 1 0 0 0 0 1 0 0 0 0 1</matrix>
              <instance_geometry url="#defaultMaterial-mesh" name="defaultMaterial">
                <bind_material>
                  <technique_common>
                    <instance_material symbol="_001-material" target="#_001-material">
                      <bind_vertex_input semantic="UVMap" input_semantic="TEXCOORD" input_set="0"/>
                    </instance_material>
                  </technique_common>
                </bind_material>
              </instance_geometry>
            </node>
          </node>
          <node id="polySurface2" name="polySurface2" type="NODE">
            <matrix sid="transform">1 0 0 0 0 1 0 0 0 0 1 0 0 0 0 1</matrix>
            <node id="defaultMaterial_001" name="defaultMaterial.001" type="NODE">
              <matrix sid="transform">1 0 0 0 0 1 0 0 0 0 1 0 0 0 0 1</matrix>
              <instance_geometry url="#defaultMaterial_001-mesh" name="defaultMaterial.001">
                <bind_material>
                  <technique_common>
                    <instance_material symbol="_001-material" target="#_001-material">
                      <bind_vertex_input semantic="UVMap" input_semantic="TEXCOORD" input_set="0"/>
                    </instance_material>
                  </technique_common>
                </bind_material>
              </instance_geometry>
            </node>
          </node>
          <node id="polySurface4" name="polySurface4" type="NODE">
            <matrix sid="transform">1 0 0 0 0 1 0 0 0 0 1 0 0 0 0 1</matrix>
            <node id="defaultMaterial_002" name="defaultMaterial.002" type="NODE">
              <matrix sid="transform">1 0 0 0 0 1 0 0 0 0 1 0 0 0 0 1</matrix>
              <instance_geometry url="#defaultMaterial_002-mesh" name="defaultMaterial.002">
                <bind_material>
                  <technique_common>
                    <instance_material symbol="_001-material" target="#_001-material">
                      <bind_vertex_input semantic="UVMap" input_semantic="TEXCOORD" input_set="0"/>
                    </instance_material>
                  </technique_common>
                </bind_material>
              </instance_geometry>
            </node>
          </node>
          <node id="polySurface3" name="polySurface3" type="NODE">
            <matrix sid="transform">1 0 0 0 0 1 0 0 0 0 1 0 0 0 0 1</matrix>
            <node id="defaultMaterial_003" name="defaultMaterial.003" type="NODE">
              <matrix sid="transform">1 0 0 0 0 1 0 0 0 0 1 0 0 0 0 1</matrix>
              <instance_geometry url="#defaultMaterial_003-mesh" name="defaultMaterial.003">
                <bind_material>
                  <technique_common>
                    <instance_material symbol="_001-material" target="#_001-material">
                      <bind_vertex_input semantic="UVMap" input_semantic="TEXCOORD" input_set="0"/>
                    </instance_material>
                  </technique_common>
                </bind_material>
              </instance_geometry>
            </node>
          </node>
          <node id="pCube1" name="pCube1" type="NODE">
            <matrix sid="transform">1 0 0 0 0 1 0 0 0 0 1 0 0 0 0 1</matrix>
            <node id="defaultMaterial_004" name="defaultMaterial.004" type="NODE">
              <matrix sid="transform">1 0 0 0 0 1 0 0 0 0 1 0 0 0 0 1</matrix>
              <instance_geometry url="#defaultMaterial_004-mesh" name="defaultMaterial.004">
                <bind_material>
                  <technique_common>
                    <instance_material symbol="_001-material" target="#_001-material">
                      <bind_vertex_input semantic="UVMap" input_semantic="TEXCOORD" input_set="0"/>
                    </instance_material>
                  </technique_common>
                </bind_material>
              </instance_geometry>
            </node>
          </node>
        </node>
      </node>
    </visual_scene>
  </library_visual_scenes>
  <scene>
    <instance_visual_scene url="#Scene"/>
  </scene>
</COLLADA>